time,heading_deg,forward_velocity,right_velocity,stationary,world_x,world_y,old_buggy_world_x,old_buggy_world_y
0.019504,0.0,0.0,0.0,False,0.0,0.0,0.0,0.0
0.024202,0.0,0.009483371732702394,0.0,False,4.455288040023586e-05,0.0,4.455288040023586e-05,0.0
0.039519,0.0,0.03403479914626275,0.0,False,0.0005658638989235424,0.0,0.0005658638989235424,0.0
0.059027,7.855190026971557,0.05569947670105897,0.0,False,0.0016422534827973386,0.00014850345691261045,0.0016524492904078012,0.0
0.078503,-13.662383944305496,0.06680682298930128,0.0,False,0.002906566922935976,-0.00015882369951032094,0.002953578974947433,0.0
0.09817,-12.970857386464004,0.06486769860762186,0.0,False,0.0041497682921372665,-0.00044517339024532573,0.004229332003463531,0.0
0.118543,-12.630796304385974,0.062218442131678466,0.0,False,0.005386668467692589,-0.000722351467773308,0.005496908325012217,0.0
0.138369,-13.695348198464824,0.059934845711280826,0.0,False,0.006541152286405791,-0.0010036849866343657,0.00668517657608407,0.0
0.158983,-16.209388127580027,0.05779161935740003,0.0,False,0.007685111467875996,-0.0013362391247226863,0.007876493017517515,0.0
0.178772,-18.35927365923979,0.0561560659073497,0.0,False,0.008739820244921835,-0.0016862615761287498,0.008987765405758057,0.0
0.198839,-19.142641751430222,0.05578554457867482,0.0,False,0.009797368998663777,-0.0020533523404373615,0.010107213928818325,0.0
0.2189,-19.637249004369206,0.05638052163638809,0.0,False,0.010862635857898966,-0.002433457348358081,0.011238263573365907,0.0
0.239016,-18.690541872605127,0.05788530304589925,0.0,False,0.011965648778004918,-0.002806603693977357,0.012402684329437216,0.0
0.259049,-18.828282911053975,0.05951687179184928,0.0,False,0.013094150294999924,-0.0031913986723888974,0.013594985822043331,0.0
0.279679,-20.14922085506885,0.061577093790959984,0.0,False,0.014286739532889964,-0.003628986437594013,0.014865321266950837,0.0
0.299294,-19.791296725775187,0.06302593867513281,0.0,False,0.015449970544203738,-0.004047575783455208,0.016101575054063566,0.0
0.319242,-20.02426354106518,0.06420241153919323,0.0,False,0.01665325840007731,-0.00448611390650897,0.017382284759447395,0.0
0.339171,-18.540424391103162,0.0652279141685587,0.0,False,0.01788571869802318,-0.004899456480061346,0.0186822118609126,0.0
0.35978,-18.497264498456566,0.06695111349496588,0.0,False,0.019194232309498946,-0.005337209543937204,0.02006200735893035,0.0
0.379354,-18.382550136255546,0.06920591147965778,0.0,False,0.02047974456564278,-0.00576440776146471,0.021416643870233173,0.0
0.399492,-18.258088675453777,0.07232790782084512,0.0,False,0.021862954360155163,-0.006220738464504667,0.02287318327792935,0.0
0.419252,-18.196719511172265,0.07592035108604596,0.0,False,0.02328811608807864,-0.006689217382162793,0.02437336941538962,0.0
0.439625,-18.176769215590582,0.07880302818943291,0.0,False,0.02481345579179355,-0.007190038342162746,0.025978823508692937,0.0
0.459704,-18.20978778986374,0.08025650788224839,0.0,False,0.026344221650521325,-0.007693618331822253,0.027590293930460603,0.0
0.480025,-18.234225124030946,0.08032670667684466,0.0,False,0.027894574266575732,-0.00820437473607301,0.02922261293684076,0.0
0.500253,-18.18287921666448,0.08019941529745464,0.0,False,0.02943584034860357,-0.008710606953317377,0.03084488670947767,0.0
0.52,-18.038913571393646,0.0797731608144059,0.0,False,0.030933690276893147,-0.009198412838746745,0.032420167316079745,0.0
0.539647,-17.992380730189183,0.07851944202514197,0.0,False,0.0324009214188322,-0.009674929431865415,0.03396283879354771,0.0
0.560247,-17.978420657408993,0.07709373367051425,0.0,False,0.033911508400835594,-0.010165119974995179,0.035550969707160304,0.0
0.579919,-17.877450593359903,0.07572412532014024,0.0,False,0.03532922632340533,-0.010622414298250721,0.037040614700458094,0.0
0.600047,-17.820057592280488,0.0732430250307457,0.0,False,0.03673273152600563,-0.01107357255611031,0.03851485030827695,0.0
0.619793,-17.74182765607969,0.07035931873368827,0.0,False,0.03805596979864388,-0.011496936397683528,0.03990416541599236,0.0
0.640071,-17.72554212064868,0.06856542984185424,0.0,False,0.03938033296181079,-0.011920245214972449,0.04129453520232547,0.0
0.660458,-17.734883127732378,0.06784214257650106,0.0,False,0.040697700663432146,-0.01234155478571342,0.0426776329630326,0.0
0.680539,-17.71064269592489,0.06715965922343005,0.0,False,0.04198241530111706,-0.012751822483229343,0.0440262660798983,0.0
0.700175,-17.722232109595534,0.06616818240275925,0.0,False,0.043220034442857436,-0.013147326336281465,0.04532554450955888,0.0
0.720824,-17.70585274738729,0.06457157292319674,0.0,False,0.04449021317089409,-0.013552835044614693,0.04665888291884997,0.0
0.740352,-17.68372359777264,0.06262615835126087,0.0,False,0.045655389083729965,-0.013924325433028472,0.04788184653913339,0.0
0.760819,-17.66962131092381,0.0606015097870335,0.0,False,0.04683720452374892,-0.01430080053894168,0.04912217763994461,0.0
0.780709,-17.677553963601763,0.05925978388611996,0.0,False,0.04796022509988221,-0.014658717421988201,0.050300854741439534,0.0
0.800475,-17.70606857028645,0.05785291303324036,0.0,False,0.04904957637388754,-0.015006500896520787,0.05144437542045457,0.0
0.820665,-17.637478659372892,0.05616576450010075,0.0,False,0.05013025747477346,-0.015350091331960384,0.0525783622057116,0.0
0.8409,-17.323837669980502,0.05409897407744212,0.0,False,0.05117529166329918,-0.015676060258120152,0.05367305494616864,0.0
0.861094,-17.128445406780774,0.051999128580369945,0.0,False,0.05217878820506766,-0.015985321540815535,0.05472312534872063,0.0
0.880796,-16.90368908497662,0.05046960159326284,0.0,False,0.05313017917907361,-0.01627444313226391,0.055717477439311096,0.0
0.900932,-16.722069017896203,0.049658609169301815,0.0,False,0.05408781981215704,-0.016562151199314736,0.05671740319354415,0.0
0.921063,-16.6712375754214,0.04883362723919273,0.0,False,0.055029567826441764,-0.016844173912694056,0.05770047294349634,0.0
0.941355,-16.593613032167756,0.04787036380171688,0.0,False,0.05596049933475578,-0.017121583655522347,0.05867185836576078,0.0
0.961227,-16.49274550058656,0.04722600103824957,0.0,False,0.056860361515144425,-0.0173880110486279,0.05961033345839288,0.0
0.981014,-16.45376885443101,0.04671898639564272,0.0,False,0.057746933445594215,-0.017649847674607873,0.06053476204220346,0.0
1.001414,-16.398334413720097,0.04566435586608547,0.0,False,0.05864059276738457,-0.017912837687599034,0.061466314901871606,0.0
1.020894,-16.27673137684188,0.0441532115622806,0.0,False,0.05946622364587221,-0.018153905123686784,0.062326419463104826,0.0
1.041316,-16.203061332954896,0.04210587794211114,0.0,False,0.06029195415275507,-0.018393849856070277,0.06318630570243862,0.0
1.06126,-16.144621155705916,0.03905230280740489,0.0,False,0.06104009733000874,-0.01861042161401056,0.06396516482962951,0.0
1.081562,-16.104762083405845,0.03490275616567601,0.0,False,0.06172088502619576,-0.018806982184018304,0.06467376058530505,0.0
1.101316,-16.10470531139084,0.031154780840198695,0.0,False,0.06231216480352077,-0.018977698926712566,0.06528919212602234,0.0
1.121519,-16.119009512747354,0.02801132540347351,0.0,False,0.06285582993377845,-0.019134815225712854,0.06585510493314872,0.0
1.141454,-16.14094580677594,0.0254484796922997,0.0,False,0.06334314737149145,-0.01927584952391094,0.06636242037581472,0.0
1.162623,-15.988613918445163,0.023174360643578074,0.0,False,0.06381474811321286,-0.01941097744180068,0.06685299841627862,0.0
1.181554,-15.728243799933255,0.02161717130774085,0.0,False,0.06420866031600228,-0.019521910717446727,0.06726223308630547,0.0
1.201809,-15.50178323031511,0.020231769935219288,0.0,False,0.0646035473672112,-0.019631435824380285,0.06767202758634333,0.0
1.221686,-15.455563460992517,0.019237150070141304,0.0,False,0.06497209646783968,-0.0197333357852911,0.06805440441828753,0.0
1.241835,-15.43265199098463,0.018849205789425977,0.0,False,0.06533819527790927,-0.01983440069672718,0.06843419706573867,0.0
1.261915,-15.40153633642011,0.019355971701641134,0.0,False,0.06571290545771379,-0.019937623885932437,0.06882286497750761,0.0
1.282155,-15.356039632553866,0.01952121139596981,0.0,False,0.0660939089269073,-0.02004225528729013,0.06921797429616204,0.0
1.301881,-15.293215112342521,0.01961493402563221,0.0,False,0.06646713161118309,-0.020144309957235727,0.06960489848475167,0.0
1.32203,-15.244661820140914,0.020010391943223942,0.0,False,0.06685613350011207,-0.02025032510903966,0.07000808787201569,0.0
1.341766,-15.218646240835595,0.020060649746047148,0.0,False,0.06723816611712079,-0.0203542545912693,0.07040400485540368,0.0
1.362681,-15.18341620252293,0.019158373810908663,0.0,False,0.06762487609821528,-0.020459201184717574,0.07080470224365884,0.0
1.38255,-15.064780780014855,0.017948764423668558,0.0,False,0.0679692438511546,-0.020551891682340884,0.07116132624399271,0.0
1.402315,-14.910055248849726,0.017124385351785194,0.0,False,0.06829631157997838,-0.02063897914223982,0.07149978972047075,0.0
1.422201,-14.820291138953898,0.015839709027736217,0.0,False,0.06860082126952845,-0.02071954945284206,0.0718147781741963,0.0
1.442222,-14.823057859622011,0.014579463861943346,0.0,False,0.06888300258389134,-0.020794226472120255,0.07210667362017627,0.0
1.462659,-14.775782520157245,0.013533153287292262,0.0,False,0.0691504335864598,-0.02086476387720806,0.07238325067390866,0.0
1.482903,-14.763336372072938,0.012990226479687082,0.0,False,0.06940472607400072,-0.02093177679866618,0.07264622481876346,0.0
1.50249,-14.587350733872496,0.012150054970546928,0.0,False,0.06963503776621098,-0.020991714207927926,0.07288420794547155,0.0
1.522395,-14.370195376973772,0.012067792718793345,0.0,False,0.06986773160319895,-0.02105133082335102,0.07312441735953913,0.0
1.542577,-14.352973744191528,0.012026718112854764,0.0,False,0.07010287869607346,-0.021111500655032363,0.07336714058449277,0.0
1.562633,-14.309069528751593,0.012334119035405027,0.0,False,0.07034257743828388,-0.0211726395078079,0.07361451367586686,0.0
1.58268,-14.345121487189617,0.012947094639295366,0.0,False,0.07059403530024837,-0.021236946249542057,0.07387406408210082,0.0
1.603135,-14.354474553795425,0.01440727280786829,0.0,False,0.07087953564220525,-0.021310008522994455,0.07416876484738576,0.0
1.622812,-14.379389790742248,0.015297492809575142,0.0,False,0.07117111457301736,-0.02138476147827882,0.07446977361339976,0.0
1.642685,-14.423332496538592,0.015380172411774555,0.0,False,0.07146713119845785,-0.02146089413648805,0.07477542377973896,0.0
1.662978,-14.438260370768985,0.0148031109789251,0.0,False,0.07175804317441778,-0.02153579474079391,0.07507582331083429,0.0
1.683201,-14.524123616668883,0.014206395845185675,0.0,False,0.07203615775275382,-0.021607845002993547,0.07536311925401147,0.0
1.703184,-14.507732304951503,0.012883892004690926,0.0,False,0.07228540719419556,-0.021672341179710376,0.07562057806794122,0.0
1.723076,-14.544420599486845,0.011486750749850824,0.0,False,0.07250657913193287,-0.021729723108677566,0.07584907251385725,0.0
1.742976,-14.556098929519177,0.010921773215351302,0.0,False,0.07271694613985946,-0.02178434752056153,0.07606641580084274,0.0
1.763745,-14.579717889370691,0.010467984742632804,0.0,False,0.0729273547657132,-0.02183907533360101,0.07628382537596248,0.0
1.783477,-14.589027139748099,0.009330903755126333,0.0,False,0.07310553574016115,-0.021885451563629466,0.07646794276885864,0.0
1.803384,-14.489033912145938,0.007928532754328218,0.0,False,0.0732583492394012,-0.021924940619393842,0.07662577607039905,0.0
1.823738,-14.198963472673748,0.006367785312399342,0.0,False,0.07338399953160006,-0.021956732612587505,0.07675538597264762,0.0
1.843576,-13.444047665119683,0.005165837541951785,0.0,False,0.07348367120436211,-0.021980558743424358,0.07685786585780487,0.0
1.86401,-12.700706398622183,0.004517315517730506,0.0,False,0.07357371945087117,-0.022000853158804807,0.07695017268309418,0.0
1.883923,-12.283044300998545,0.004488679529174297,0.0,False,0.07366105642030699,-0.022019868624858784,0.07703955575855863,0.0
1.903773,-12.18282296617763,0.004145758159267134,0.0,False,0.07374149640921233,-0.02203723512482741,0.07712184905802008,0.0
1.923819,-12.146175432922025,0.004342900704154872,0.0,False,0.07382660531977739,-0.02205555264948336,0.07720890684553557,0.0
1.943644,-12.077716041922297,0.004524348499559941,0.0,False,0.07391431509747275,-0.022074320318887487,0.07729860205453934,0.0
1.964179,-11.719764440727873,0.0054810307301261536,0.0,False,0.0740245216493176,-0.02209718264806842,0.07741115502058248,0.0
1.984461,-11.158002785075354,0.00664418826073553,0.0,False,0.07415673179151312,-0.022123260267683346,0.07754591244688672,0.0
2.00418,-10.81849395776519,0.00793351082872579,0.0,False,0.07431039222308265,-0.022152623969299026,0.07770235334691836,0.0
2.02386,-10.420220149283471,0.007890181247372986,0.0,False,0.07446311008647041,-0.022180708656715127,0.07785763211386666,0.0
2.044552,-10.392426661419897,0.006813853022759298,0.0,False,0.07460178940097624,-0.022206142126217774,0.0779986243606136,0.0
2.064526,-10.377655910370986,0.005330401842490936,0.0,False,0.0747065171982947,-0.022225321059607114,0.07810509380701551,0.0
2.084638,-10.392895590464002,0.0041597049367355235,0.0,False,0.07478880464543913,-0.022240413085571356,0.07818875379270314,0.0
2.10515,-10.537652354107339,0.0034644333850760013,0.0,False,0.07485866863026702,-0.02225340910432191,0.07825981625029782,0.0
2.12441,-10.709346334832372,0.0031050255496249592,0.0,False,0.07491742980702613,-0.02226452207184365,0.0783196190423836,0.0
2.144117,-11.047752164661244,0.0029251680408091544,0.0,False,0.07497400778202372,-0.022275568659627338,0.07837726532896383,0.0
2.165205,-11.52111821733536,0.0019564845299247726,0.0,False,0.0750144348197581,-0.022283809152055387,0.07841852367473089,0.0
2.184633,-12.00947462959302,0.0003478990610480718,0.0,False,0.07502104587025092,-0.022285215516875952,0.07842528265768893,0.0
2.205434,-12.296695519251104,-0.0013834178582641094,0.0,False,0.0749929295893211,-0.022279086874888953,0.07839650618281918,0.0
2.224349,-12.475943157597703,-0.0017152222116254506,0.0,False,0.07496125225441673,-0.022272078131608548,0.07836406275468628,0.0
2.244632,-12.531831979432159,-0.0018542389909418338,0.0,False,0.074924538749118,-0.02226391754128819,0.07832645322523302,0.0
2.265494,-12.604940791046317,-0.0026821600465640754,0.0,False,0.07486993216196602,-0.022251706578654464,0.07827049800234159,0.0
2.285127,-12.591169508558442,-0.0035791657651967975,0.0,False,0.07480135236220271,-0.0222363882745313,0.07820022824087348,0.0
2.304922,-12.352650830547955,-0.004063337631054893,0.0,False,0.07472278068364595,-0.022219181228623288,0.07811979447246675,0.0
2.324827,-11.986682565829128,-0.004665771683185221,0.0,False,0.0746319334927214,-0.022199893130907096,0.07802692228711296,0.0
2.344905,-11.29481954296853,-0.004517932269952832,0.0,False,0.07454297930643478,-0.022182126694384248,0.07793621124299685,0.0
2.365861,-10.77412124673175,-0.0035201547471360502,0.0,False,0.07447051134811888,-0.02216833661172797,0.07786244288011586,0.0
2.385159,-10.723085641927206,-0.0026676412474526947,0.0,False,0.07441993015828507,-0.022158758087253982,0.07781096273932252,0.0
2.405466,-10.671034334492957,-0.0027118846328728213,0.0,False,0.0743658122723881,-0.02214856073974362,0.07775589249808276,0.0
2.425126,-10.769877456698794,-0.0034466506494583733,0.0,False,0.07429924469072927,-0.022135898561373834,0.07768813134631442,0.0
2.445461,-10.948557383971268,-0.004728812426767244,0.0,False,0.07420483459161545,-0.022117635049997916,0.07759197094561611,0.0
2.466277,-10.980709045463286,-0.006242632575772025,0.0,False,0.07407726709668007,-0.02209288301160662,0.07746202430591884,0.0
2.486457,-11.031472170517095,-0.007613791483851791,0.0,False,0.07392645982647243,-0.022063483071334322,0.0773083779937747,0.0
2.505572,-11.008739589168965,-0.00891267093414902,0.0,False,0.0737592291798443,-0.022030950253495333,0.07713801228886845,0.0
2.525717,-10.909152849493449,-0.009986246410402397,0.0,False,0.0735616917440571,-0.02199287781186539,0.07693683935493088,0.0
2.54556,-10.873625354810192,-0.009671049033376991,0.0,False,0.07337323460425169,-0.021956676647377604,0.07674493672896159,0.0
2.566577,-10.88479426384603,-0.009220202415283265,0.0,False,0.07318293995066151,-0.02192008404548305,0.07655115573479958,0.0
2.585897,-10.921861019702938,-0.010070670575187655,0.0,False,0.0729918988561817,-0.021883219729597506,0.07635659037928695,0.0
2.605971,-10.905829781015244,-0.012154272281086117,0.0,False,0.0727523204909696,-0.02183705892701053,0.07611260551751643,0.0
2.625848,-10.739206115505793,-0.015489345228878626,0.0,False,0.07244983116420158,-0.021779688571484105,0.07580472380240201,0.0
2.645958,-10.612559947905702,-0.020695595424488164,0.0,False,0.07204076164274646,-0.021703040473811604,0.07538853537841556,0.0
2.667067,-10.40609927259614,-0.027581908813430814,0.0,False,0.07146811144658172,-0.0215978764807398,0.07480630886527284,0.0
2.686536,-10.154735163414829,-0.03313850845768862,0.0,False,0.07083304434026688,-0.021484127758016655,0.0741611352441101,0.0
2.70665,-10.067494941742709,-0.03942891091612201,0.0,False,0.0700521825609381,-0.021345492098830975,0.07336806212994322,0.0
2.726243,-9.882152213852173,-0.04860197566066693,0.0,False,0.0691140528687013,-0.021182063372059596,0.07241580362082375,0.0
2.746293,-9.560510641658553,-0.05698894118413045,0.0,False,0.06798729485553187,-0.02099228522564412,0.07127317535008194,0.0
2.767323,-8.867939826801749,-0.06534908976278182,0.0,False,0.06662943139169103,-0.020780427845677924,0.06989888399237064,0.0
2.786773,-8.220748468391967,-0.07775267669230951,0.0,False,0.06513268133733355,-0.02056418956714456,0.06838659443070522,0.0
2.806488,-7.821932533774077,-0.09391475786200429,0.0,False,0.06329837885557305,-0.020312206007658786,0.06653506497945583,0.0
2.826537,-7.413078714790909,-0.10601514895423172,0.0,False,0.061190646603554555,-0.020037970128519805,0.06440956725807241,0.0
2.84661,-6.664188822733112,-0.12004618397725092,0.0,False,0.05879724089849588,-0.01975832604288428,0.061999880207097055,0.0
2.867617,-5.864216151618185,-0.13942653182712234,0.0,False,0.055883635373586885,-0.01945907319601198,0.059070947053004697,0.0
2.88698,-5.199218081431166,-0.15524999274312512,0.0,False,0.05288989797863265,-0.019186662943946376,0.05606484144351959,0.0
2.90686,-4.476593045904665,-0.16437433733178508,0.0,False,0.04963210510265727,-0.018931608185657423,0.052797079617363685,0.0
2.927203,-3.6292082193556663,-0.17395074667048013,0.0,False,0.04610052156952047,-0.018707612269272405,0.049258399577846106,0.0
2.946939,1.1894544190701677,-0.18510961538157183,0.0,False,0.04244798541445156,-0.01878344943458832,0.04560507620867541,0.0
2.967965,1.9612488174181257,-0.19613902457136945,0.0,False,0.03832638212507346,-0.018924588071582826,0.0414810570780378,0.0
2.987325,2.7142952503155295,-0.2018059077850439,0.0,False,0.03442380300718943,-0.01910960489817134,0.037574094703319384,0.0
3.007331,3.366638105631485,-0.20518480974219522,0.0,False,0.030325960022695414,-0.019350667220227203,0.033469167399616945,0.0
3.027107,4.002512124395928,-0.20863065758271968,0.0,False,0.026210143197173002,-0.019638654509666557,0.029343287515261125,0.0
3.047338,4.645413941276332,-0.21252855717892583,0.0,False,0.021924602366430963,-0.019986879963322088,0.025043622274974302,0.0
3.067144,5.198631504354189,-0.21230745142540658,0.0,False,0.01773693782694593,-0.020367886441857105,0.020838660892042702,0.0
3.087653,5.6106481986297,-0.210849068761822,0.0,False,0.01343335094422933,-0.020790664334069918,0.01651435734080647,0.0
3.107316,6.028077900069813,-0.2132563750209376,0.0,False,0.009263277257593166,-0.021231022973541697,0.012321097238769778,0.0
3.127532,6.522119724302595,-0.21646663778739883,0.0,False,0.004915509417553132,-0.021728088919312234,0.007945007689259721,0.0
3.147868,7.006377915551177,-0.2149665003611085,0.0,False,0.000576594933516454,-0.022261330906279245,0.0035734489379162376,0.0
3.168677,7.419666161846792,-0.21097608663631906,0.0,False,-0.003776846841650687,-0.022828263818557157,-0.0008167524488989887,0.0
3.187841,7.880447004788494,-0.20890492050041184,0.0,False,-0.0077424933624143,-0.023377163420957584,-0.004820206345368873,0.0
3.207945,10.620049402229444,-0.20740062445436847,0.0,False,-0.011840654406941037,-0.024145597798334084,-0.008989788499399475,0.0
3.227707,12.32985858848262,-0.20621646078346687,0.0,False,-0.01582190612779353,-0.025015824686152228,-0.01306503819740236,0.0
3.247898,13.535437810337381,-0.20595514653732613,0.0,False,-0.019864847253191646,-0.025989094081184484,-0.017223478561137526,0.0
3.268939,13.715109733320457,-0.20596677896423898,0.0,False,-0.02407502451145831,-0.027016601006187874,-0.02155722555732405,0.0
3.288356,13.875449743000217,-0.20611304608723216,0.0,False,-0.027960337639208722,-0.027976352236357367,-0.025559322573199796,0.0
3.308004,14.088986347800953,-0.2058972638740286,0.0,False,-0.0318841146102105,-0.028961135093965994,-0.029604792013796732,0.0
3.328079,14.26319074838603,-0.20488293258377732,0.0,False,-0.03587035225782056,-0.02997448745683646,-0.03371781688541603,0.0
3.347953,14.379943431888487,-0.2036164987518713,0.0,False,-0.03979024488146439,-0.03097948232179136,-0.03776449118161075,0.0
3.369366,15.412062262916933,-0.20300630532283553,0.0,False,-0.043980899435431445,-0.03213473013245036,-0.04211146519748861,0.0
3.388375,15.569933291454884,-0.20320080493208048,0.0,False,-0.04770179822325666,-0.03317151924379125,-0.04597410929844254,0.0
3.408556,17.08054552860684,-0.20368907114907636,0.0,False,-0.05163113814209139,-0.03437888173881339,-0.050084758443302055,0.0
3.428181,18.650848982084476,-0.20392562226352048,0.0,False,-0.0554230111950807,-0.035658735483723704,-0.05408679878022365,0.0
3.448519,19.95274795080827,-0.20327224120818368,0.0,False,-0.05930900701359337,-0.03706949403158558,-0.05822094962191573,0.0
3.468295,20.70973120051536,-0.2033823998928027,0.0,False,-0.06307120589463981,-0.03849184078425414,-0.062243039962195754,0.0
3.488567,20.767547187434523,-0.20415102679382738,0.0,False,-0.06694086012686125,-0.03995927699759671,-0.06638158957736028,0.0
3.508526,20.764791874187168,-0.20446031688645352,0.0,False,-0.07075660844857803,-0.04140606132694946,-0.07046241304209692,0.0
3.528673,20.713073839031313,-0.2047575179914479,0.0,False,-0.07461521584174655,-0.04286511382644224,-0.07458766275707066,0.0
3.548614,20.66799075997703,-0.20622409681628565,0.0,False,-0.07846286757176944,-0.044316564299754814,-0.07869997747168425,0.0
3.568882,20.67676021739473,-0.20778565988487344,0.0,False,-0.08240299981132176,-0.045803590132561786,-0.0829113772262308,0.0
3.589136,20.78231090218151,-0.20923969747884733,0.0,False,-0.08636520014716827,-0.04730728923823216,-0.08714931805896738,0.0
3.60905,20.937673624336426,-0.21110545589918506,0.0,False,-0.090291565877864,-0.04880958141788345,-0.09135327210774374,0.0
3.628827,21.039821748629446,-0.21317125548058488,0.0,False,-0.09422638530506594,-0.05032315567317341,-0.09556916002738326,0.0
3.649163,21.046078636068277,-0.215522456483107,0.0,False,-0.09831687747758934,-0.05189712408017622,-0.0999520247024238,0.0
3.66884,21.005841902533813,-0.2177144625357629,0.0,False,-0.10231614910984689,-0.05343276849710951,-0.10423599218173994,0.0
3.689356,20.84201172494172,-0.21920652947961927,0.0,False,-0.10651911349782141,-0.05503285236799189,-0.10873323334054386,0.0
3.709156,20.636395499850632,-0.22033977720246603,0.0,False,-0.11060191037723681,-0.05657043542390937,-0.1130959609291527,0.0
3.729332,20.43692355263797,-0.2214387422524558,0.0,False,-0.11478844569814409,-0.05813046579776794,-0.11756370899283819,0.0
3.749289,20.27950078911004,-0.22195136272484767,0.0,False,-0.11894335866332106,-0.05966572504734381,-0.12199319233873802,0.0
3.769361,20.1122245314792,-0.22242279465597994,0.0,False,-0.123135589650694,-0.06120087804123907,-0.12645766267307282,0.0
3.78949,19.926236759446624,-0.22364833340579843,0.0,False,-0.1273678928873511,-0.06273514279795481,-0.1309594799761981,0.0
3.809853,19.804352989140565,-0.22515691156880882,0.0,False,-0.13168159107220043,-0.06428853992416111,-0.1355443501664738,0.0
3.829731,19.66586313191186,-0.2253009033881919,0.0,False,-0.13589889515636147,-0.06579571920423434,-0.14002288152402434,0.0
3.849662,19.50200153063435,-0.22501983602030928,0.0,False,-0.14012646773152182,-0.06729294737438597,-0.14450775187574505,0.0
3.869644,19.41147781847533,-0.2249416133251925,0.0,False,-0.14436575002928745,-0.0687867889559481,-0.14900253519320908,0.0
3.889785,19.427862992066,-0.22478448427781017,0.0,False,-0.14863534966570455,-0.07029268653713651,-0.15352991949104838,0.0
3.909749,19.419599872376413,-0.22396638211069952,0.0,False,-0.152852239683543,-0.0717793095418964,-0.15800118434350646,0.0
3.929879,19.491199406503558,-0.22359169601428425,0.0,False,-0.15709520628577933,-0.07328108941615524,-0.162502085184274,0.0
3.949891,19.684943613369153,-0.22380474382545834,0.0,False,-0.1613122428332592,-0.07478975698188861,-0.16698086571770906,0.0
3.970106,19.73895355009263,-0.22381255629359356,0.0,False,-0.16557076681878516,-0.0763177965203526,-0.17150523654318403,0.0
3.990234,19.73253563592723,-0.2238053826832466,0.0,False,-0.1698109977327275,-0.07783873606151165,-0.17600999128583245,0.0
4.010059,19.69259476352588,-0.22426860559322712,0.0,False,-0.173997087232873,-0.07933696273126457,-0.18045611639171816,0.0
4.030466,19.652285135895458,-0.22416069308837788,0.0,False,-0.178305077266467,-0.0808754001333841,-0.1850305636555726,0.0
4.050009,19.642342885654067,-0.22354678869909514,0.0,False,-0.1824196300417809,-0.08234395367757785,-0.18939933854711913,0.0
4.070205,19.664798439640702,-0.22374953885851348,0.0,False,-0.186674925227871,-0.08386462103772824,-0.19391818423390553,0.0
4.090497,19.800983884877517,-0.2243512146054004,0.0,False,-0.19095829123329575,-0.08540681077788767,-0.1984707190806784,0.0
4.110405,19.871563075460557,-0.22455136597540692,0.0,False,-0.19516248043604803,-0.0869263464017669,-0.2029410876745168,0.0
4.130463,19.86366092020147,-0.22464817156481348,0.0,False,-0.19940038408487284,-0.08845740675552553,-0.20744708069976375,0.0
4.150508,19.856628927283584,-0.22513713666938853,0.0,False,-0.20364494739115488,-0.08999028418611947,-0.21195995460430175,0.0
4.170591,19.788596790130967,-0.22581747370847274,0.0,False,-0.2079122342017163,-0.09152564266804836,-0.21649504692878893,0.0
4.190542,19.547780546930465,-0.22596931777503368,0.0,False,-0.2121607014393317,-0.09303409219704357,-0.2210033607877186,0.0
4.210842,19.304245108860123,-0.22612223153442768,0.0,False,-0.2164929008789041,-0.09455156721504762,-0.2255936420878676,0.0
4.230451,19.176746204564317,-0.22746468070517775,0.0,False,-0.2207057496587132,-0.09601671949588622,-0.23005399701181545,0.0
4.251206,19.083115590582704,-0.22994762939113075,0.0,False,-0.22521603792898298,-0.09757705848672252,-0.23482656005982824,0.0
4.270719,19.07681743197394,-0.2315208357576722,0.0,False,-0.2294855993385368,-0.09905359229035425,-0.23934422612796769,0.0
4.290946,19.045951178499692,-0.23296220043516913,0.0,False,-0.23393977061234358,-0.10059128333180448,-0.2440563525561699,0.0
4.310805,19.013242476249914,-0.235049751912034,0.0,False,-0.2383529609947182,-0.10211200766425634,-0.24872420557939104,0.0
4.330991,19.00890061961651,-0.23690912275004974,0.0,False,-0.24287442296933776,-0.10366965757969851,-0.2535064531312235,0.0
4.35104,18.864643387715535,-0.23735216886914912,0.0,False,-0.24737748475642304,-0.1052082963590618,-0.2582651267648811,0.0
4.371122,18.675792873402457,-0.2376868364040849,0.0,False,-0.251899380638812,-0.1067367446201937,-0.26303835381354784,0.0
4.391215,18.430924935240505,-0.2386759222306673,0.0,False,-0.256449102146634,-0.10825296343406111,-0.26783406911892865,0.0
4.411133,18.185259500428327,-0.2389699002574374,0.0,False,-0.2609711637888949,-0.10973845260894251,-0.2725938715922564,0.0
4.431154,17.935795791136197,-0.23918378453059927,0.0,False,-0.2655271421043578,-0.11121313745413425,-0.27738257014234347,0.0
4.451549,17.73710722865938,-0.23907892270647707,0.0,False,-0.2701713723373636,-0.11269861522278024,-0.282258584770942,0.0
4.471648,17.625362904518045,-0.2384837288264208,0.0,False,-0.2747396443345153,-0.11414998248470615,-0.2870518692366243,0.0
4.491443,17.405942840201966,-0.23772856764101183,0.0,False,-0.27922999779016067,-0.11555768546494301,-0.2917577062330782,0.0
4.511422,17.292982267680078,-0.23733923739966223,0.0,False,-0.28375745582274886,-0.1169672233044466,-0.29649950685708587,0.0
4.531599,17.20012433976851,-0.23653772850205562,0.0,False,-0.28831663504646166,-0.11837853586919438,-0.3012721286050719,0.0
4.551494,17.137331036655706,-0.23570035050208943,0.0,False,-0.2927976962117884,-0.11976028688201996,-0.305961387078311,0.0
4.571821,17.1693953195045,-0.23505233178368196,0.0,False,-0.2973626830898059,-0.12117071476367076,-0.3107392958264779,0.0
4.59176,17.193506705422266,-0.23413759736420822,0.0,False,-0.30182252746183286,-0.1225507133696398,-0.31540776538032284,0.0
4.611988,17.199296985777025,-0.23319496255125235,0.0,False,-0.30632865728533887,-0.12394553297215256,-0.32012483308280965,0.0
4.631779,17.183590938850095,-0.2327878535043206,0.0,False,-0.31073011442710713,-0.12530663034628733,-0.3247319374915136,0.0
4.652119,17.16689728470404,-0.23316599310614608,0.0,False,-0.31526142354872605,-0.12670643651394434,-0.3294745337912926,0.0
4.671828,17.17676327091939,-0.23350195467965915,0.0,False,-0.31965825212137544,-0.12806552852662262,-0.33407662381607395,0.0
4.69259,17.155489505918624,-0.233572941623288,0.0,False,-0.3242919311987934,-0.12949594812770138,-0.33892606523005675,0.0
4.712869,17.146332025673793,-0.2338741498002815,0.0,False,-0.3288238739321041,-0.13089416833730244,-0.3436687991138567,0.0
4.732107,17.094937433407875,-0.23425265331734488,0.0,False,-0.3331313224426747,-0.13221889591884287,-0.3481753516583757,0.0
4.752094,17.08822153261971,-0.23453063200148191,0.0,False,-0.33761194637690217,-0.1335963076196761,-0.3528629154001892,0.0
4.772221,17.09948732627335,-0.23462950181756292,0.0,False,-0.3421255842488498,-0.13498483973082043,-0.35758530338327144,0.0
4.792494,17.13030059327103,-0.23471243937712644,0.0,False,-0.3466728177529012,-0.136386384222856,-0.36234362866676384,0.0
4.812479,17.160135828832267,-0.2349966981915396,0.0,False,-0.3511601608263133,-0.1377720283915553,-0.3670400376801218,0.0
4.83258,17.168076869529223,-0.23523342563981112,0.0,False,-0.3556779032552108,-0.139167745440281,-0.3717684647689077,0.0
4.852458,17.19034785248972,-0.23491172964289325,0.0,False,-0.3601388801125963,-0.14054782498066562,-0.37643804013074916,0.0
4.872455,17.20204608621396,-0.234825210821021,0.0,False,-0.3646246264072652,-0.14193657095651907,-0.38113383987153715,0.0
4.892613,17.27889436339606,0.0,0.0,True,-0.3646246264072652,-0.14193657095651907,-0.38113383987153715,0.0
4.913285,17.336100335318452,0.0,0.0,True,-0.3646246264072652,-0.14193657095651907,-0.38113383987153715,0.0
4.932759,17.379348835161128,0.0,0.0,True,-0.3646246264072652,-0.14193657095651907,-0.38113383987153715,0.0
4.952454,17.45236272107646,0.0,0.0,True,-0.3646246264072652,-0.14193657095651907,-0.38113383987153715,0.0
4.972689,17.49722244058807,0.0,0.0,True,-0.3646246264072652,-0.14193657095651907,-0.38113383987153715,0.0
4.992747,17.498134056928127,0.0,0.0,True,-0.3646246264072652,-0.14193657095651907,-0.38113383987153715,0.0
5.013115,17.499554624923864,0.0,0.0,True,-0.3646246264072652,-0.14193657095651907,-0.38113383987153715,0.0
5.033125,17.513478858036336,0.0,0.0,True,-0.3646246264072652,-0.14193657095651907,-0.38113383987153715,0.0
5.053161,17.502501423871884,0.0,0.0,True,-0.3646246264072652,-0.14193657095651907,-0.38113383987153715,0.0
5.073106,17.630092031647298,0.0,0.0,True,-0.3646246264072652,-0.14193657095651907,-0.38113383987153715,0.0
5.093468,17.786902397977958,0.0009011195118052731,0.0,False,-0.36460715488841644,-0.14193096587079995,-0.3811154912760378,0.0
5.113285,17.843649457546594,0.002269078805734193,0.0,False,-0.3645643516039628,-0.14191718726072045,-0.3810705249413445,0.0
5.133631,17.8586670444682,0.0029990026556285325,0.0,False,-0.36450627398036706,-0.14189847495645616,-0.3810095072333131,0.0
5.153235,17.815176414107388,0.0032517997126834592,0.0,False,-0.36444558253171017,-0.14187897132954402,-0.38094575895174565,0.0
5.173573,17.757930544109573,0.003031686084931941,0.0,False,-0.36438686190284153,-0.14186016574707305,-0.3808841005201503,0.0
5.193553,17.749049450223325,0.0021973370901360433,0.0,False,-0.3643450488431886,-0.14184678204591758,-0.3808401977250894,0.0
5.213713,17.770950324490233,0.001671984277802441,0.0,False,-0.3643129500042274,-0.14183649418539374,-0.3808064905220489,0.0
5.233508,17.776125819884516,0.0020895626165539833,0.0,False,-0.36427356191368493,-0.1418238661547642,-0.3807651276300542,0.0
5.253733,17.754086840509622,0.002240369433558651,0.0,False,-0.36423040844370835,-0.14181004922655652,-0.3807198161582605,0.0
5.273598,17.721105685126687,0.001207460158022001,0.0,False,-0.36420756040653823,-0.1418027482130722,-0.3806958299622214,0.0
5.293858,17.694631349159316,0.0003333762877687122,0.0,False,-0.3642011257445552,-0.14180069531480347,-0.3806890757586312,0.0
5.313915,17.68942324428857,-0.000618551489395216,0.0,False,-0.36421294543261007,-0.1418044650544417,-0.380701482045854,0.0
5.334022,17.64113596212177,-0.0018849332369446884,0.0,False,-0.36424906345795477,-0.14181595091409788,-0.3807393823984493,0.0
5.354244,17.639236246515818,-0.0028072312336564834,0.0,False,-0.364303162256521,-0.14183315284763437,-0.3807961502284563,0.0
5.374114,17.62518154416668,-0.002666626663347466,0.0,False,-0.3643536608487794,-0.1418491963756254,-0.380849136100257,0.0
5.394101,17.604696134511045,-0.0030642748699367603,0.0,False,-0.3644120381240179,-0.14186772000453987,-0.3809103817620824,0.0
5.414371,17.62127570585567,-0.003939215120507835,0.0,False,-0.3644881394175622,-0.14189189186290904,-0.3809902296525751,0.0
5.434084,17.62125653239915,-0.004265117479630385,0.0,False,-0.3645682725939333,-0.14191734432834172,-0.3810743079134511,0.0
5.454202,17.602881759839246,-0.004413090608841779,0.0,False,-0.3646528979482862,-0.14194419375673015,-0.38116309047031977,0.0
5.47406,17.604971842529675,-0.004858607138093976,0.0,False,-0.36474486136865913,-0.14197337505545438,-0.381259572690868,0.0
5.494358,17.640338691238085,-0.00536265791292947,0.0,False,-0.36484859414745985,-0.14200636143057704,-0.38136842392118464,0.0
5.514493,17.664668514801164,-0.0053658069879666355,0.0,False,-0.3649515404289119,-0.14203914584603838,-0.38147646444488736,0.0
5.53456,17.67391124858089,-0.005003869909090134,0.0,False,-0.36504721359079734,-0.14206963105350323,-0.38157687710235305,0.0
5.554299,17.679494356578022,-0.00479705482473022,0.0,False,-0.3651374305133009,-0.14209838737384606,-0.3816715661675384,0.0
5.575089,17.698388568963377,-0.005038798401161528,0.0,False,-0.36523722900461997,-0.14213023404250216,-0.3817763227862985,0.0
5.594511,17.69693439446406,-0.004925084096554454,0.0,False,-0.3653283573786362,-0.14215931144410088,-0.3818719777696218,0.0
5.614712,17.682854494944337,-0.004723574734994473,0.0,False,-0.3654192699035986,-0.1421882953586374,-0.3819673987028434,0.0
5.634773,17.687786971063552,-0.00489170677524546,0.0,False,-0.3655127633421696,-0.1422181109638372,-0.3820655312324616,0.0
5.654678,17.68199803420575,-0.005068039692228997,0.0,False,-0.3656088768259635,-0.14224875141861748,-0.3821664105625354,0.0
5.674606,17.662072632058106,-0.005369492994743582,0.0,False,-0.3657108362195171,-0.1422812164605275,-0.38227341381893465,0.0
5.695089,17.613771363672573,-0.005998935975401096,0.0,False,-0.36582795173840166,-0.14231839867583487,-0.3823962900245188,0.0
5.714853,17.570015211627812,-0.006547216443270437,0.0,False,-0.36595131429397704,-0.14235746053912468,-0.3825256892103036,0.0
5.735212,17.468162876833436,0.0,0.0,True,-0.36595131429397704,-0.14235746053912468,-0.3825256892103036,0.0
5.754859,17.454449374013116,0.0,0.0,True,-0.36595131429397704,-0.14235746053912468,-0.3825256892103036,0.0
5.774997,17.456077625027262,0.0,0.0,True,-0.36595131429397704,-0.14235746053912468,-0.3825256892103036,0.0
5.795331,17.425504851638006,0.0,0.0,True,-0.36595131429397704,-0.14235746053912468,-0.3825256892103036,0.0
5.815384,17.39846012446807,0.0,0.0,True,-0.36595131429397704,-0.14235746053912468,-0.3825256892103036,0.0
5.835501,17.31922533272686,0.0,0.0,True,-0.36595131429397704,-0.14235746053912468,-0.3825256892103036,0.0
5.855296,17.15141115650442,0.0,0.0,True,-0.36595131429397704,-0.14235746053912468,-0.3825256892103036,0.0
5.875387,16.96331050048857,0.0,0.0,True,-0.36595131429397704,-0.14235746053912468,-0.3825256892103036,0.0
5.895464,16.903489197982456,-0.0005507409621183921,0.0,False,-0.3659618938025318,-0.14236067554334098,-0.3825367464366001,0.0
5.915738,16.902849872248417,-0.0002611623725186925,0.0,False,-0.3659669598682144,-0.1423622150070288,-0.38254204124254054,0.0
5.9354,16.913072774661643,0.0004571665961215962,0.0,False,-0.36595835984950115,-0.1423595999780827,-0.3825330524329276,0.0
5.955572,16.93429369466444,0.0009288994599166564,0.0,False,-0.36594043456980047,-0.1423541421402391,-0.38251431467302216,0.0
5.97563,16.950350754259617,0.0007789814061945245,0.0,False,-0.3659254885376238,-0.14234958683784732,-0.3824986898639767,0.0
5.996128,16.880627451119704,0.0008996394838435375,0.0,False,-0.3659078423084294,-0.14234423202003232,-0.38248024905383693,0.0
6.016343,16.828372203871005,0.0006594448847858835,0.0,False,-0.36589508249965386,-0.14234037271113364,-0.38246691837549096,0.0
6.035898,16.808847202233842,0.00025412010053931357,0.0,False,-0.3658903254959396,-0.1423389356854995,-0.38246194905692493,0.0
6.056064,16.79134813498631,0.000434356760519823,0.0,False,-0.3658819397240047,-0.14233640525332775,-0.3824531898184923,0.0
6.075882,16.807871896496263,0.0013488962355790819,0.0,False,-0.3658563493135568,-0.1423286752163683,-0.3824264573928956,0.0
6.096239,16.758465913260718,0.001898626998968988,0.0,False,-0.3658193404917503,-0.1423175308613153,-0.38238780704307757,0.0
6.116889,16.7437164241277,0.0019278736017448767,0.0,False,-0.36578121775299516,-0.1423060617786978,-0.38234799645320156,0.0
6.136266,16.722751265815457,0.002293880714287927,0.0,False,-0.3657386490295722,-0.14229327212259926,-0.3823035479266008,0.0
6.155987,16.703418374210067,0.002730833112857991,0.0,False,-0.3656870666525665,-0.142277793313292,-0.38224969316678215,0.0
6.176275,16.717151776382558,0.0026398336211180626,0.0,False,-0.36563577321578095,-0.14226238780624212,-0.3821961362222769,0.0
6.196264,16.727358140395506,0.0027136406749894543,0.0,False,-0.3655838255338892,-0.1422467757138082,-0.3821418932588245,0.0
6.21676,16.73049483887665,0.003308360798338422,0.0,False,-0.3655188877301189,-0.14222725575990328,-0.3820740850959018,0.0
6.236891,16.728729553000356,0.0038355184655470102,0.0,False,-0.3654449426869761,-0.1422050307624609,-0.38199687227367185,0.0
6.256613,16.748333558848884,0.004421039084886884,0.0,False,-0.36536144964989775,-0.1421799048588213,-0.38190968054083974,0.0
6.276439,16.7552333290884,0.004774124579049043,0.0,False,-0.3652708162947516,-0.14215261828658807,-0.3818150287469355,0.0
6.296875,16.714646289161152,0.00504873183182543,0.0,False,-0.36517199969460384,-0.1421229443499493,-0.38171185286322035,0.0
6.316795,16.682874179591874,0.00494296619827941,0.0,False,-0.36507768031591353,-0.14209467790727287,-0.3816133889765506,0.0
6.336767,16.667034007549205,0.004101352118341399,0.0,False,-0.36499920943368513,-0.14207118471912014,-0.3815314767720431,0.0
6.356609,16.798398556995902,0.002873417054287109,0.0,False,-0.3649446280326509,-0.14205470728720251,-0.3814744624308519,0.0
6.376912,17.04387458646779,0.0026172952686537372,0.0,False,-0.364893822917949,-0.14203913205413654,-0.38142132348501245,0.0
6.39728,17.279239314655378,0.002597389427034792,0.0,False,-0.36484330691079714,-0.14202341814752142,-0.38136841985716263,0.0
6.417132,17.527647309866317,0.0022504792496144395,0.0,False,-0.36480070464962633,-0.14200996310192562,-0.38132374334309926,0.0
6.436872,17.700395375701493,0.001538659063823668,0.0,False,-0.36477176940241046,-0.14200072846659517,-0.3812933702131794,0.0
6.457538,17.864186930452778,0.001380754367641128,0.0,False,-0.3647446104937127,-0.1419919751211344,-0.3812648355434177,0.0
6.4771,17.88235344194069,0.001337570650793975,0.0,False,-0.3647197090203024,-0.1419839406330473,-0.38123866998634687,0.0
6.497629,17.901304260549125,0.0009597807158217643,0.0,False,-0.36470095957168436,-0.14197788425481614,-0.3812189666480318,0.0
6.517339,17.93164433001862,8.204981827348299e-05,0.0,False,-0.36469942092614765,-0.14197738634723792,-0.38121734944611363,0.0
6.537583,17.917401905251225,-0.0008126970005987444,0.0,False,-0.36471507524728897,-0.14198244780626176,-0.38123380168419374,0.0
6.557372,17.95567423913467,-0.0015855845430429241,0.0,False,-0.3647449241658791,-0.14199212078430992,-0.381265178816716,0.0
6.577419,18.14928282157994,-0.002358644222400035,0.0,False,-0.364789855453147,-0.1420068493810366,-0.38131246255744244,0.0
6.597751,18.31343767331246,-0.0027720655108347857,0.0,False,-0.3648433624742867,-0.14202455905911254,-0.38136882419340873,0.0
6.618091,18.4120085326672,-0.0029221050516967037,0.0,False,-0.3648997555719752,-0.14204333167405375,-0.38142825981016026,0.0
6.637631,18.425164017989452,-0.0026594871105264394,0.0,False,-0.3649490580126732,-0.1420597564662344,-0.38148022618829996,0.0
6.657652,18.403844919370304,-0.0029888475465519653,0.0,False,-0.36500583721676255,-0.14207864862548758,-0.3815400659050295,0.0
6.677959,18.413729566145225,-0.0034875741123663348,0.0,False,-0.3650730333138365,-0.1421010196770365,-0.3816108880725293,0.0
6.698234,18.45211618718559,-0.0036769734099496533,0.0,False,-0.36514375119008513,-0.14212461584812422,-0.38168543870841604,0.0
6.71793,18.47336929458568,-0.003430966531428308,0.0,False,-0.3652078453691508,-0.14214602833986523,-0.381753015025219,0.0
6.737915,18.483806614295176,-0.0035138073511367975,0.0,False,-0.3652744462132882,-0.14216829174197113,-0.3818232384651315,0.0
6.757825,18.472346210607228,-0.004219311419625755,0.0,False,-0.3653541244113535,-0.1421949089389774,-0.3819072449554963,0.0
6.777909,18.467357636184197,-0.004370307469568543,0.0,False,-0.3654373777191648,-0.14222271237527911,-0.3819950182107151,0.0
6.798743,18.489361347423376,-0.003620005901483143,0.0,False,-0.3655089039756188,-0.14224662995900972,-0.3820704374136666,0.0
6.818697,18.527584754600408,-0.002842799716133701,0.0,False,-0.3655626891769966,-0.1422646550339009,-0.3821271626392023,0.0
6.838284,18.553096685743014,-0.0021988955358085683,0.0,False,-0.3656035205735313,-0.14227835911629957,-0.3821702324060622,0.0
6.858013,18.491157392863506,-0.0014718138607157853,0.0,False,-0.3656310588633334,-0.14228756857355143,-0.38219926982172026,0.0
6.878142,18.297778923663063,-0.0012300731216078077,0.0,False,-0.3656545670742114,-0.1422953421600135,-0.3822240299635851,0.0
6.898992,18.205315114018383,-0.0013003946925112316,0.0,False,-0.3656803230986167,-0.14230381295761563,-0.38225114319292397,0.0
6.91885,18.161189023548925,-0.0009209627696748793,0.0,False,-0.36569770050752076,-0.1423095133183251,-0.38226943167160415,0.0
6.938533,18.05737634656576,-0.00023667156857022935,0.0,False,-0.3657021294715909,-0.14231095728101056,-0.3822740900780883,0.0
6.958611,18.00049219553131,0.0004995249167558376,0.0,False,-0.3656925909137114,-0.1423078579250906,-0.3822640606168097,0.0
6.978493,17.930247307651953,0.0011259617350347516,0.0,False,-0.3656712918034798,-0.14230096608066692,-0.3822416742455937,0.0
6.998994,17.839423907929962,0.0014397560215707185,0.0,False,-0.3656431945502984,-0.14229192370887786,-0.3822121578073955,0.0
7.019188,17.78817705878502,0.0014978086989821831,0.0,False,-0.3656143938243153,-0.14228268336257022,-0.3821819110585282,0.0
7.038807,17.70825247811426,0.0011808623658608247,0.0,False,-0.36559232420780396,-0.1422756365468305,-0.3821587437197724,0.0
7.058917,17.597673381150774,0.0005499597169922732,0.0,False,-0.36558178207880787,-0.14227229285768422,-0.38214768402986365,0.0
7.07856,17.516782703688033,-6.790698101158529e-05,0.0,False,-0.36558305412127806,-0.14227269434081188,-0.38214901792669165,0.0
7.099206,17.4812091984502,-0.0011713618880517646,0.0,False,-0.3656061211362231,-0.14227995902638654,-0.38217320186423237,0.0
7.119644,17.446861083149823,-0.0024668478412019617,0.0,False,-0.3656542191399218,-0.14229507523990081,-0.3822236193004109,0.0
7.139206,17.448878486634843,-0.0036603037023277478,0.0,False,-0.3657225271861637,-0.1423165456969422,-0.3822952221614358,0.0
7.158798,17.417085525607558,-0.004506723128586455,0.0,False,-0.3658067746451893,-0.1423429748425203,-0.3823835178809711,0.0
7.179079,17.390924996623298,-0.005547926790680105,0.0,False,-0.3659141487124552,-0.1423766051594166,-0.38249603538421284,0.0
7.199459,17.383708634123995,-0.005951296313123222,0.0,False,-0.3660298963671016,-0.1424128421352553,-0.3826173228030743,0.0
7.219403,17.385436522216267,-0.0057419297038320905,0.0,False,-0.3661391818516639,-0.14244705962627338,-0.38273183984908754,0.0
7.239509,17.41138739461823,-0.004934380319335785,0.0,False,-0.366233846757263,-0.14247674647286143,-0.3828310504997881,0.0
7.259518,17.400526729153952,-0.004501754165631399,0.0,False,-0.3663198002789065,-0.14250368354156473,-0.38292112609888823,0.0
7.279531,17.380403881489894,-0.003426745724221903,0.0,False,-0.36638524857769755,-0.14252416921504882,-0.3829897055610671,0.0
7.300185,17.363394737115872,-0.0020136707154567875,0.0,False,-0.3664249437094906,-0.14253658106976066,-0.38303129591602414,0.0
7.319875,17.371577129474012,-0.0006905372077233821,0.0,False,-0.36643792022302524,-0.14254064059421423,-0.3830448925936442,0.0
7.340246,17.375280714376775,0.0,0.0,True,-0.36643792022302524,-0.14254064059421423,-0.3830448925936442,0.0
7.359711,17.335809099724752,0.0,0.0,True,-0.36643792022302524,-0.14254064059421423,-0.3830448925936442,0.0
7.37987,17.21504398968117,0.0,0.0,True,-0.36643792022302524,-0.14254064059421423,-0.3830448925936442,0.0
7.400117,17.10537538788249,0.0,0.0,True,-0.36643792022302524,-0.14254064059421423,-0.3830448925936442,0.0
7.420237,17.05850847710039,0.0,0.0,True,-0.36643792022302524,-0.14254064059421423,-0.3830448925936442,0.0
7.441016,16.912513029716468,0.0,0.0,True,-0.36643792022302524,-0.14254064059421423,-0.3830448925936442,0.0
7.460236,16.76573695089104,0.0,0.0,True,-0.36643792022302524,-0.14254064059421423,-0.3830448925936442,0.0
7.479868,16.67033639346003,0.0,0.0,True,-0.36643792022302524,-0.14254064059421423,-0.3830448925936442,0.0
7.500474,16.60617870570007,0.0,0.0,True,-0.36643792022302524,-0.14254064059421423,-0.3830448925936442,0.0
7.520111,16.606286887825704,0.0,0.0,True,-0.36643792022302524,-0.14254064059421423,-0.3830448925936442,0.0
7.541397,16.618402747736223,0.0,0.0,True,-0.36643792022302524,-0.14254064059421423,-0.3830448925936442,0.0
7.560672,16.608704078465284,0.0,0.0,True,-0.36643792022302524,-0.14254064059421423,-0.3830448925936442,0.0
7.580271,16.5838649391231,0.0,0.0,True,-0.36643792022302524,-0.14254064059421423,-0.3830448925936442,0.0
7.601007,16.563581185331454,0.0,0.0,True,-0.36643792022302524,-0.14254064059421423,-0.3830448925936442,0.0
7.620691,16.566780088587755,0.0,0.0,True,-0.36643792022302524,-0.14254064059421423,-0.3830448925936442,0.0
7.640403,16.589831666924866,-0.0003698855903316981,0.0,False,-0.3664449078995351,-0.1425427223608074,-0.38305218377840083,0.0
7.660817,16.62843600234704,-0.00020537099269186322,0.0,False,-0.36644892501779885,-0.14254392208698155,-0.38305637622184563,0.0
7.68038,16.63406715587486,0.0005334015362928001,0.0,False,-0.3664389267590451,-0.14254093500231768,-0.3830459412875911,0.0
7.701343,16.636105058148367,0.0013452165567389425,0.0,False,-0.3664119073604654,-0.1425328616267948,-0.3830177415129122,0.0
7.721077,16.650761164190914,0.00144393296050675,0.0,False,-0.36638460759071645,-0.14252469686932528,-0.3829892469398695,0.0
7.741147,16.65038568226944,0.0017437990543354366,0.0,False,-0.36635107697783414,-0.14251466884384734,-0.382954248892849,0.0
7.7606,16.62839191364192,0.002128053715841769,0.0,False,-0.3663114111358489,-0.1425028225370732,-0.3829128518639147,0.0
7.781432,16.6110212635746,0.0027096191366512553,0.0,False,-0.36625732000970007,-0.14248668594185365,-0.38285640507806,0.0
7.80126,16.6056979102149,0.0032119966203710115,0.0,False,-0.36619628868017995,-0.14246848510332358,-0.3827927176090713,0.0
7.821262,16.608007359400034,0.004068420073927594,0.0,False,-0.3661183069563043,-0.1424452258744,-0.3827113410707526,0.0
7.841317,16.611192999224023,0.004758417275093924,0.0,False,-0.3660268595047575,-0.14241794475159053,-0.3826159110123006,0.0
7.861297,16.617647183834755,0.005583279394566236,0.0,False,-0.3659199646837158,-0.14238604216837622,-0.38250435708999714,0.0
7.881095,16.619868054871286,0.006190082498860683,0.0,False,-0.3658025331988788,-0.1423509899778965,-0.3823818058366847,0.0
7.902018,16.605619925412505,0.0,0.0,True,-0.3658025331988788,-0.1423509899778965,-0.3823818058366847,0.0
7.921448,16.5957632872026,0.0,0.0,True,-0.3658025331988788,-0.1423509899778965,-0.3823818058366847,0.0
7.941496,16.618070686044504,0.0,0.0,True,-0.3658025331988788,-0.1423509899778965,-0.3823818058366847,0.0
7.961426,16.649820947620498,0.0,0.0,True,-0.3658025331988788,-0.1423509899778965,-0.3823818058366847,0.0
7.981449,16.660615414825408,0.0,0.0,True,-0.3658025331988788,-0.1423509899778965,-0.3823818058366847,0.0
8.002391,16.662108068064434,0.0,0.0,True,-0.3658025331988788,-0.1423509899778965,-0.3823818058366847,0.0
8.021811,16.638259844030408,0.0,0.0,True,-0.3658025331988788,-0.1423509899778965,-0.3823818058366847,0.0
8.041729,16.637342905993343,0.0,0.0,True,-0.3658025331988788,-0.1423509899778965,-0.3823818058366847,0.0
8.061696,16.651639307709335,0.0,0.0,True,-0.3658025331988788,-0.1423509899778965,-0.3823818058366847,0.0
8.08197,16.706943550875565,0.0,0.0,True,-0.3658025331988788,-0.1423509899778965,-0.3823818058366847,0.0
8.102664,16.768433731183674,0.0,0.0,True,-0.3658025331988788,-0.1423509899778965,-0.3823818058366847,0.0
8.121989,16.831785787945552,0.0,0.0,True,-0.3658025331988788,-0.1423509899778965,-0.3823818058366847,0.0
8.142115,16.98041119470235,0.0,0.0,True,-0.3658025331988788,-0.1423509899778965,-0.3823818058366847,0.0
8.162001,17.091217233631184,0.0,0.0,True,-0.3658025331988788,-0.1423509899778965,-0.3823818058366847,0.0
8.182146,17.340956619736712,0.0,0.0,True,-0.3658025331988788,-0.1423509899778965,-0.3823818058366847,0.0
8.202132,17.420950380920598,0.0,0.0,True,-0.3658025331988788,-0.1423509899778965,-0.3823818058366847,0.0
8.222576,17.47845628764379,0.0,0.0,True,-0.3658025331988788,-0.1423509899778965,-0.3823818058366847,0.0
8.242128,17.50257609714398,0.0,0.0,True,-0.3658025331988788,-0.1423509899778965,-0.3823818058366847,0.0
8.262335,17.506625976256117,0.0,0.0,True,-0.3658025331988788,-0.1423509899778965,-0.3823818058366847,0.0
8.282072,17.501549001814148,0.0,0.0,True,-0.3658025331988788,-0.1423509899778965,-0.3823818058366847,0.0
8.302642,17.48517462855957,0.0,0.0,True,-0.3658025331988788,-0.1423509899778965,-0.3823818058366847,0.0
8.32246,17.488909922234402,0.0,0.0,True,-0.3658025331988788,-0.1423509899778965,-0.3823818058366847,0.0
8.342545,17.483109510855193,0.0,0.0,True,-0.3658025331988788,-0.1423509899778965,-0.3823818058366847,0.0
8.362607,17.50005361449665,0.0,0.0,True,-0.3658025331988788,-0.1423509899778965,-0.3823818058366847,0.0
8.382812,17.5718266084751,0.0,0.0,True,-0.3658025331988788,-0.1423509899778965,-0.3823818058366847,0.0
8.402858,17.722394694174543,0.0,0.0,True,-0.3658025331988788,-0.1423509899778965,-0.3823818058366847,0.0
8.422823,17.841902356112612,0.0,0.0,True,-0.3658025331988788,-0.1423509899778965,-0.3823818058366847,0.0
8.443267,17.974947800118212,0.0,0.0,True,-0.3658025331988788,-0.1423509899778965,-0.3823818058366847,0.0
8.462926,18.147537973310282,0.0,0.0,True,-0.3658025331988788,-0.1423509899778965,-0.3823818058366847,0.0
8.482842,18.24655456550076,-0.0005433861387999866,0.0,False,-0.36581281112100344,-0.14235437844309537,-0.38239262791502504,0.0
8.503171,18.376231544806874,-0.0014409409090180342,0.0,False,-0.36584061027280246,-0.14236361318355564,-0.3824219208027645,0.0
8.52304,18.437511108666627,-0.0023322930041515698,0.0,False,-0.3658845719142345,-0.14237826924848643,-0.38246826113246396,0.0
8.543306,18.43405605621799,-0.0018575307830251268,0.0,False,-0.36592028501575136,-0.14239017299736026,-0.3825059058513127,0.0
8.563043,18.391551241097897,-0.0018084278125452664,0.0,False,-0.36595415485101834,-0.14240143444513573,-0.38254159879104893,0.0
8.583522,18.422773716488628,-0.0022038816187948994,0.0,False,-0.36599697508286977,-0.14241569774634114,-0.3825867320827202,0.0
8.603011,18.4510421432963,-0.0021226874882764426,0.0,False,-0.36603621753973714,-0.14242879081364107,-0.3826281011391792,0.0
8.623672,18.404360186036303,-0.0031480057430701555,0.0,False,-0.3660979317712831,-0.14244932562230359,-0.38269314208583677,0.0
8.643352,18.42567444567269,-0.007119969043709756,0.0,False,-0.3662308693856146,-0.14249361425236892,-0.38283326307661697,0.0
8.663947,18.36974784902887,-0.011336356639787649,0.0,False,-0.36645244449746145,-0.1425671925666512,-0.3830667353416134,0.0
8.68348,18.37914580815348,-0.01545922789337105,0.0,False,-0.3667390066089549,-0.14266240326422777,-0.3833687004400546,0.0
8.703758,18.48425430326699,-0.02158931232510869,0.0,False,-0.36715420955612926,-0.14280120136060387,-0.3838064885153832,0.0
8.723547,18.637545951968626,-0.027308160518720342,0.0,False,-0.36766627166984883,-0.14297390294204015,-0.38434688970388814,0.0
8.743849,18.79257022899185,-0.029478633144781313,0.0,False,-0.3682328427898917,-0.14316669750379957,-0.3849453649139935,0.0
8.763888,18.98360684822667,-0.03163690331892104,0.0,False,-0.3688323340328475,-0.14337292705240828,-0.3855793368196013,0.0
8.783878,19.228467175617286,-0.03439807572805342,0.0,False,-0.3694815913493917,-0.1435993841337907,-0.38626695435340513,0.0
8.80392,19.446367850352363,-0.035204814913802444,0.0,False,-0.37014691569992236,-0.1438342871963717,-0.38697252925390757,0.0
8.824049,19.626922594308954,-0.03504837068988161,0.0,False,-0.37081141526815775,-0.1440712567391336,-0.3876780179075242,0.0
8.845154,19.85357889921292,-0.03656691173002187,0.0,False,-0.37153729021074416,-0.14433335482493626,-0.38844976257958636,0.0
8.864164,20.08156867406961,-0.03693027208016087,0.0,False,-0.37219665371692495,-0.14457440711744796,-0.3891518070518302,0.0
8.884548,20.264665021237224,-0.03656098819918496,0.0,False,-0.3728957833806919,-0.14483253298550633,-0.3898970662352824,0.0
8.904187,20.43847199246293,-0.035817059786297976,0.0,False,-0.3735549132802003,-0.1450781651171854,-0.3906004774724255,0.0
8.924264,20.636082647099784,-0.03269286172677528,0.0,False,-0.374169173410624,-0.1453094919160207,-0.391256852057314,0.0
8.944375,20.842587206855086,-0.027574312030376965,0.0,False,-0.3746874316610758,-0.14550680068196123,-0.3918113990465569,0.0
8.964364,21.065388740968874,-0.022871396896528343,0.0,False,-0.37511405529819325,-0.14567112502464075,-0.3922685753991216,0.0
8.984461,21.218250981181953,-0.016617318072675368,0.0,False,-0.3754253740301332,-0.14579199170358859,-0.39260253364042813,0.0
9.00432,21.28028948507362,-0.010064796528678817,0.0,False,-0.3756116224521869,-0.14586453312739167,-0.39280241043469116,0.0
9.024653,21.321823420302046,-0.005690456829645556,0.0,False,-0.37571940689217753,-0.14590660382621554,-0.39291811449340835,0.0
9.044451,21.37704666627868,-0.0030728129955709537,0.0,False,-0.3757760570744012,-0.14592877861376807,-0.39297895004509464,0.0
9.064778,21.368025979001533,0.0,0.0,True,-0.3757760570744012,-0.14592877861376807,-0.39297895004509464,0.0
9.084616,21.288384317972685,0.0,0.0,True,-0.3757760570744012,-0.14592877861376807,-0.39297895004509464,0.0
9.10529,21.22913826582422,0.0,0.0,True,-0.3757760570744012,-0.14592877861376807,-0.39297895004509464,0.0
9.125034,21.057906902749416,0.0,0.0,True,-0.3757760570744012,-0.14592877861376807,-0.39297895004509464,0.0
9.144839,20.972832445655964,0.0,0.0,True,-0.3757760570744012,-0.14592877861376807,-0.39297895004509464,0.0
9.164657,20.932463535916924,0.0,0.0,True,-0.3757760570744012,-0.14592877861376807,-0.39297895004509464,0.0
9.185525,20.895183126928693,0.0,0.0,True,-0.3757760570744012,-0.14592877861376807,-0.39297895004509464,0.0
9.204864,20.84958550509256,0.0,0.0,True,-0.3757760570744012,-0.14592877861376807,-0.39297895004509464,0.0
9.225393,20.78603453792183,0.0,0.0,True,-0.3757760570744012,-0.14592877861376807,-0.39297895004509464,0.0
9.245126,20.671308531657427,-0.0019447090564034925,0.0,False,-0.37581196147462625,-0.14594232521322695,-0.3930173249889047,0.0
9.265326,20.60282376660916,-0.004025778116884205,0.0,False,-0.3758880810979191,-0.14597094098019997,-0.39309864570686576,0.0
9.284845,20.571521961504818,-0.00536168842500684,0.0,False,-0.3759860625077194,-0.14600771420056918,-0.3932033005032335,0.0
9.305426,20.56684872805402,-0.006637168591941627,0.0,False,-0.3761139556216673,-0.14605570162654866,-0.39333990007002423,0.0
9.325711,20.58297078551019,-0.008156950251792782,0.0,False,-0.37626885682562033,-0.14611387262359918,-0.39350536380588186,0.0
9.345702,20.56010199378688,-0.009437532885941494,0.0,False,-0.37644550535313603,-0.14618013008808847,-0.39369402952580473,0.0
9.365524,20.520897311746268,-0.009872910233943478,0.0,False,-0.37662878786581055,-0.1462487328147256,-0.393889730352462,0.0
9.3857,20.48514231686525,-0.011318991678411671,0.0,False,-0.37684271827685617,-0.14632865489364835,-0.39411810232856564,0.0
9.405491,20.491052626428026,-0.012976216733443133,0.0,False,-0.37708328126297297,-0.14641855489309674,-0.3943749146339372,0.0
9.42578,20.491018927025717,-0.01371574717758478,0.0,False,-0.37734395254347086,-0.14651596932213154,-0.3946531934284232,0.0
9.446524,20.48033232354525,-0.014013981295485312,0.0,False,-0.37761628372608447,-0.14661768324294902,-0.3949438994564168,0.0
9.466016,20.514249686512542,-0.015536668703836697,0.0,False,-0.3778999198454022,-0.1467238108523796,-0.39524674020279194,0.0
9.48569,20.564826345047194,-0.016513834133711575,0.0,False,-0.3782041093155821,-0.14683793508262483,-0.3955716333755386,0.0
9.505975,20.577593281491435,-0.01616708657287608,0.0,False,-0.37851113453368596,-0.1469532012630743,-0.39589958272666936,0.0
9.525827,20.601535393976942,-0.016487660949367062,0.0,False,-0.378817515944592,-0.14706837183478258,-0.39622689577183623,0.0
9.546311,20.640634768014475,-0.01713090508049671,0.0,False,-0.3791459004455327,-0.1471920693223361,-0.3965778052315051,0.0
9.565985,20.614946785950302,-0.01734583474398071,0.0,False,-0.3794653106169429,-0.14731222281914988,-0.3969190671842582,0.0
9.585884,20.55823510689183,-0.016827602771424602,0.0,False,-0.3797788382584738,-0.14742980935332545,-0.3972539196518068,0.0
9.606133,20.532240061506304,-0.016776965766417504,0.0,False,-0.3800969745233695,-0.14754895970976112,-0.397593636431611,0.0
9.626375,20.545472388283496,-0.016654790169553145,0.0,False,-0.38041265751764586,-0.1476672743921446,-0.39793076269422306,0.0
9.646305,20.556164793877787,-0.016604261484316978,0.0,False,-0.38072251007133073,-0.14778346983736387,-0.3982616856256055,0.0
9.66648,20.528573411946855,-0.015202650967887574,0.0,False,-0.3810097464584232,-0.147891026421328,-0.39856839910888264,0.0
9.686373,20.51923699005233,-0.014007350162250753,0.0,False,-0.3812707157150174,-0.1479886987092404,-0.3988470473256603,0.0
9.706353,20.53572892645358,-0.013611844003296032,0.0,False,-0.38152539799024804,-0.1480841015699237,-0.39911901196884614,0.0
9.72646,20.54018511715392,-0.013056386067951434,0.0,False,-0.3817712330845101,-0.14817621211895476,-0.39938153672351445,0.0
9.746736,20.4971838618147,-0.012267752022932007,0.0,False,-0.3820042260866484,-0.14826331158046344,-0.39963027766353143,0.0
9.766833,20.52077977903136,-0.013441883586320822,0.0,False,-0.382257225821349,-0.14835800890285397,-0.3999004191979657,0.0
9.786611,20.57317132877575,-0.015736867242452567,0.0,False,-0.38254861975641086,-0.14846738098772055,-0.4002116629582869,0.0
9.8065,20.569524798177316,-0.017123575979422684,0.0,False,-0.38286747799382415,-0.14858703839891846,-0.4005522337609416,0.0
9.826902,20.542630855058512,-0.018376390311447797,0.0,False,-0.3832185527661547,-0.1487185976927336,-0.4009271488760758,0.0
9.846405,20.538187154765566,-0.020241454487791494,0.0,False,-0.38358822976572504,-0.14885709515820175,-0.4013219179629512,0.0
9.866787,20.526979114689308,-0.021604583059442132,0.0,False,-0.38400061565722193,-0.14901150129065482,-0.40176226257486874,0.0
9.886704,20.482011480092027,-0.02192695460196257,0.0,False,-0.3844097263414678,-0.1491643151257989,-0.402198981729676,0.0
9.90696,20.46098804822488,-0.02246588477159885,0.0,False,-0.38483608519543355,-0.14932339336994382,-0.4026540506916095,0.0
9.926899,20.476189831462005,-0.023596380274628393,0.0,False,-0.3852768468664575,-0.1494879786683126,-0.40312453891790534,0.0
9.947115,20.521420246151436,-0.02468378643626896,0.0,False,-0.3857441878792857,-0.14966290948185412,-0.4036235463445009,0.0
9.966938,20.534158756325496,-0.025390828837890594,0.0,False,-0.3862155308023849,-0.1498394577393928,-0.40412686874455445,0.0
9.987506,20.531941054537402,-0.025634436740212232,0.0,False,-0.386709287353512,-0.15002437955060802,-0.4046541178394271,0.0
10.007081,20.588038894684008,-0.025467408109717336,0.0,False,-0.38717597258521,-0.15019968381559423,-0.40515264235317483,0.0
10.02761,20.661116341892853,-0.025112397986393815,0.0,False,-0.3876583478659763,-0.15038158423556458,-0.4056681747714375,0.0
10.047222,20.74986554411627,-0.024829209040715325,0.0,False,-0.38811371277985524,-0.15055410534653257,-0.40615512521914404,0.0
10.067472,20.787697121179477,-0.024612422447336538,0.0,False,-0.3885796693428916,-0.15073099115984084,-0.40665352677370264,0.0
10.087408,20.83544936614681,-0.024311167254728646,0.0,False,-0.3890326423295153,-0.15090338022988398,-0.4071381942040929,0.0
10.107565,20.88530523740649,-0.024320801554968213,0.0,False,-0.389490666334708,-0.15107814800326835,-0.4076284286010364,0.0
10.127433,20.967173756589844,-0.02413766006021877,0.0,False,-0.38993847911759544,-0.15124975292108533,-0.40810799563111283,0.0
10.147643,21.009405131276623,-0.023349318821312297,0.0,False,-0.3903789983706896,-0.15141893539098567,-0.4085798853644916,0.0
10.167591,20.998476252704805,-0.022649045342678812,0.0,False,-0.3908007972600221,-0.15158083594434293,-0.4090316885209873,0.0
10.187621,20.989820666560057,-0.022859625359503567,0.0,False,-0.3912282926206016,-0.15174484890293427,-0.40948956681693816,0.0
10.207995,20.996362877740413,-0.02279114620738391,0.0,False,-0.39166180827876906,-0.15191122839899165,-0.4099539136297674,0.0
10.22756,21.01462236503417,-0.022716847471315426,0.0,False,-0.39207670221726426,-0.1520706127589026,-0.4103983687505437,0.0
10.247793,21.024519241804377,-0.023452850567764395,0.0,False,-0.39251963341202856,-0.15224085562924713,-0.41087289027608126,0.0
10.267903,21.033428446678347,-0.02436415912102762,0.0,False,-0.3929769509807496,-0.1524167095965489,-0.41136285351600516,0.0
10.287836,21.041126320962974,-0.025398156304166655,0.0,False,-0.3934494564119878,-0.15259847668051238,-0.4118691149656161,0.0
10.307897,21.068765197329586,-0.0264651884187986,0.0,False,-0.3939448824922536,-0.15278933546481147,-0.4124000331104856,0.0
10.32799,21.126185253074,-0.026903326599358162,0.0,False,-0.3944491188338442,-0.15298416888013944,-0.4129406016518465,0.0
10.348016,21.17757465193542,-0.0266946913858846,0.0,False,-0.3949476034738203,-0.15317729390574478,-0.4134751895415402,0.0
10.368282,21.236803275053028,-0.02733069162011486,0.0,False,-0.39546387375468756,-0.1533779235570382,-0.4140290733379135,0.0
10.3882,21.24104715864665,-0.02806567615282829,0.0,False,-0.39598490911831963,-0.15358044940685078,-0.4145880854755255,0.0
10.408067,21.234102142916523,-0.028227224658263245,0.0,False,-0.39650762644123305,-0.1537835561024975,-0.4151488757478113,0.0
10.429118,21.25366426616314,-0.028804145406467245,0.0,False,-0.39707274100936046,-0.1540033587466892,-0.4157552318127628,0.0
10.448235,21.314926992721315,-0.02966477612043113,0.0,False,-0.39760105083924063,-0.15420949671848533,-0.41632233333785706,0.0
10.468712,21.346126955652604,-0.03000998254955774,0.0,False,-0.3981734086316061,-0.1544331806939828,-0.41693684775052436,0.0
10.48829,21.347372122721794,-0.02954886114470891,0.0,False,-0.39871222516003824,-0.15464376985796172,-0.41751535535401546,0.0
10.50833,21.35778535553804,-0.029341309219418143,0.0,False,-0.3992598437544411,-0.15485791392883613,-0.41810335519077263,0.0
10.52853,21.39546905571188,-0.029345098318929376,0.0,False,-0.3998117637308066,-0.15507415865497376,-0.41869612617681495,0.0
10.548696,21.448240714762314,-0.028521755594257625,0.0,False,-0.4003471019583164,-0.15528447554156052,-0.41927129590012874,0.0
10.568791,21.453448731786615,-0.027163575256703355,0.0,False,-0.4008551346622853,-0.1554841182887174,-0.4198171479449122,0.0
10.588636,21.45920767234019,-0.026433467360187715,0.0,False,-0.40134334257059884,-0.1556760270927324,-0.42034172010467513,0.0
10.608719,21.4644783875332,-0.025864374493814884,0.0,False,-0.4018267512390207,-0.1558661007144285,-0.42086115433763444,0.0
10.629221,21.48211700575898,-0.02458707989139643,0.0,False,-0.4022958177786072,-0.15605070183841666,-0.4213652386495678,0.0
10.649434,21.48729337812232,-0.02396999609036741,0.0,False,-0.4027466496058625,-0.1562281737321875,-0.42184974418054244,0.0
10.669118,21.426778096621078,-0.02407312983896559,0.0,False,-0.40318775465838563,-0.15640127877518023,-0.42232359966829264,0.0
10.688911,21.38475276034187,-0.024807264004911622,0.0,False,-0.40364496019923324,-0.15658031532674152,-0.42281460984474184,0.0
10.709299,21.335887194772805,-0.026366179951800413,0.0,False,-0.4041456718406334,-0.15677589602023964,-0.42335216352159916,0.0
10.729232,21.33149295953628,-0.028139594231450515,0.0,False,-0.4046681514645141,-0.1569799332228835,-0.42391307005341466,0.0
10.749433,21.36895852365059,-0.02829771030256816,0.0,False,-0.40520049504079386,-0.15718822375398242,-0.4244847120992368,0.0
10.769353,21.404771801914695,-0.0277264005615948,0.0,False,-0.40571470959906347,-0.1573897916403223,-0.4250370219984238,0.0
10.789457,21.44179500420089,-0.027352562768333227,0.0,False,-0.4062265468970131,-0.15759080931453004,-0.4255869179203184,0.0
10.809147,21.45209737474597,-0.027418220431355236,0.0,False,-0.406729011802211,-0.1577882503904262,-0.4261267826806117,0.0
10.829889,21.432440303889113,-0.027246373083591676,0.0,False,-0.40725507582478376,-0.15799475629986554,-0.4266919269511116,0.0
10.849352,21.44502851716504,-0.027890219480386343,0.0,False,-0.4077603225637234,-0.15819321852735155,-0.42723475429285834,0.0
10.870345,21.47891874837527,-0.028755677188301066,0.0,False,-0.408322067178423,-0.15841425689287267,-0.42783842222407237,0.0
10.889521,21.488162942928987,-0.029099731752561826,0.0,False,-0.40884129773294714,-0.15861866334216576,-0.4283964386801595,0.0
10.909748,21.4600411390282,-0.028745334214767385,0.0,False,-0.4093824206483252,-0.15883138150290263,-0.4289778705553216,0.0
10.929755,21.45991508067788,-0.028439116671862864,0.0,False,-0.4099119567080581,-0.15903954346687124,-0.4295468519625756,0.0
10.950064,21.542247178822738,-0.02808359092427532,0.0,False,-0.41044246576467974,-0.15924896854156056,-0.43011720161065664,0.0
10.969769,21.88574442412599,-0.02771927623356316,0.0,False,-0.4109493083364969,-0.15945257147890107,-0.430663409948839,0.0
10.989859,22.307193680622863,-0.026990552647529056,0.0,False,-0.41145096840435375,-0.15965839085051098,-0.43120565015152784,0.0
11.009775,22.465938089256362,-0.026373739479053845,0.0,False,-0.41193636422110985,-0.15985911039016704,-0.43173090954699267,0.0
11.030283,22.488608392431342,-0.02555849922716994,0.0,False,-0.4124206589693553,-0.16005959904396147,-0.4322550632491435,0.0
11.050249,22.506436338539835,-0.024769505494433644,0.0,False,-0.4128775404322244,-0.16024890567478467,-0.4327496111958453,0.0
11.070083,22.569821113676976,-0.023481719775109437,0.0,False,-0.41330760727593796,-0.1604276595060319,-0.43321534762586483,0.0
11.090501,22.731657196489934,-0.0200783764462801,0.0,False,-0.41368572378873186,-0.16058607460114332,-0.43362530791614495,0.0
11.110328,23.18035646690459,-0.015528284335950316,0.0,False,-0.4139687480934154,-0.16070726413180605,-0.43393318720967383,0.0
11.130641,23.489741980045856,-0.010706838749931877,0.0,False,-0.4141682131925002,-0.16079395156541157,-0.4341506752252012,0.0
11.150605,23.542885723930205,-0.006222528919037149,0.0,False,-0.41428209930870236,-0.16084357205079192,-0.43427490179254086,0.0
11.170703,23.54138378016826,-0.0013317980343838468,0.0,False,-0.41430663806058593,-0.1608542628852481,-0.4343016682694359,0.0
11.190493,23.540144425995628,0.002452139756161953,0.0,False,-0.41426214867958044,-0.16083488127558176,-0.4342531404236614,0.0
11.21044,23.556875104728316,0.005801470373963325,0.0,False,-0.41415607057575293,-0.16078863194188922,-0.43413741849411197,0.0
11.230928,23.576010069470975,0.00911550835446064,0.0,False,-0.41398490072384403,-0.16071393500584152,-0.4339506599589458,0.0
11.250613,23.571793685474212,0.013767208320694245,0.0,False,-0.41373650617275287,-0.16060555968686097,-0.43367965246315293,0.0
11.270787,23.60925305700191,0.019161552984828245,0.0,False,-0.4133822972564435,-0.1604507414896131,-0.433293087293237,0.0
11.290706,23.58578836817433,0.023896627530526775,0.0,False,-0.41294606416184765,-0.16026028477897292,-0.4328170903694565,0.0
11.311264,23.34503313529976,0.02729899010098372,0.0,False,-0.41243079507914493,-0.1600378945858026,-0.43225587773096047,0.0
11.331217,23.021332741430594,0.031151382016383743,0.0,False,-0.41185873330176864,-0.15979481735745915,-0.4316343142055875,0.0
11.351189,22.597210814875282,0.03442536804020763,0.0,False,-0.41122397330197186,-0.1595306285254052,-0.4309467707550885,0.0
11.37112,22.14885541212558,0.03673611047631824,0.0,False,-0.4105458158297834,-0.15925458349673935,-0.43021458333718504,0.0
11.391,21.699194076473674,0.03876630790714164,0.0,False,-0.4098297533193115,-0.158969639282054,-0.42944390913599106,0.0
11.410879,21.25709672085447,0.04174312928939831,0.0,False,-0.4090563995733405,-0.15866878817848143,-0.42861409746884715,0.0
11.431831,20.808535589193763,0.044945515021447245,0.0,False,-0.40817612552813864,-0.1583342533674644,-0.4276723990381177,0.0
11.451718,20.36749706976246,0.048959840200403254,0.0,False,-0.40726333509190155,-0.15799537895042526,-0.42669873469605235,0.0
11.471423,20.016627164413396,0.0525586847872653,0.0,False,-0.4062902275193542,-0.1576408769208346,-0.4256630658123193,0.0
11.491046,19.682049664387105,0.055841991685002756,0.0,False,-0.40525846028138784,-0.1572718154098762,-0.4245672784094844,0.0
11.511419,19.374615565942307,0.059488014213368065,0.0,False,-0.4041151439886859,-0.15686975945170317,-0.4233553290959155,0.0
11.531817,19.08208493085339,0.06187494054406926,0.0,False,-0.4029223712336426,-0.15645714248113754,-0.42209320405869755,0.0
11.551943,18.78568013867299,0.06325144514777327,0.0,False,-0.4017171855709159,-0.15604719990481472,-0.4208202054736535,0.0
11.571486,18.453408766042415,0.06604660786391016,0.0,False,-0.40049280525857833,-0.15563863477676593,-0.4195294566161691,0.0
11.591591,18.18424532398135,0.06972135836498443,0.0,False,-0.3991610635848414,-0.15520118613130038,-0.4181277087062411,0.0
11.611338,18.112640338497943,0.07267111626665736,0.0,False,-0.3977971371755028,-0.154755053190668,-0.4166926721733234,0.0
11.632366,18.00933289925763,0.07665991940747421,0.0,False,-0.39626411068190875,-0.1542566665959749,-0.4150806673880231,0.0
11.651689,17.71609532611692,0.08061268499557184,0.0,False,-0.39478030307873324,-0.15378266386372968,-0.4135229884758536,0.0
11.671759,17.367396761094625,0.08365809763743975,0.0,False,-0.3931778309225604,-0.1532814807646763,-0.41184397045627014,0.0
11.691704,17.09164406420217,0.08599317063568128,0.0,False,-0.39153844449656533,-0.1527774013481855,-0.4101288366679415,0.0
11.711781,16.816203385607796,0.08948132345325217,0.0,False,-0.3898187511078748,-0.15225766459275428,-0.40833232013697046,0.0
11.732622,16.456716298197556,0.09405199943528544,0.0,False,-0.3879389123528633,-0.15170237535512385,-0.4063721824167398,0.0
11.752543,16.04441519358612,0.09814989873989452,0.0,False,-0.3860598294068062,-0.15116198022128544,-0.4044169382839423,0.0
11.773189,15.716387154646714,0.10235020101049964,0.0,False,-0.3840257076844695,-0.15058958659585914,-0.40230381603387944,0.0
11.792038,15.512226328883845,0.10705025594140558,0.0,False,-0.38208141863863015,-0.15004994069617617,-0.40028602575963995,0.0
11.811968,15.356613934627882,0.11180783894961475,0.0,False,-0.3799326482322896,-0.14945982091515556,-0.3980576955293741,0.0
11.833127,15.128163695900165,0.11584087120270772,0.0,False,-0.3775665146268404,-0.1488201411588778,-0.3956066185355961,0.0
11.852225,14.78445387463688,0.11905800687817206,0.0,False,-0.37536802327414004,-0.14823991280267493,-0.3933328487202366,0.0
11.873425,14.409050289696776,0.12263147446656088,0.0,False,-0.3728500152701426,-0.14759297425670906,-0.3907330614615457,0.0
11.892117,14.18458508979797,0.12512435453804308,0.0,False,-0.37058249852234626,-0.1470198533826044,-0.3883942370265204,0.0
11.912374,14.090107077302209,0.12753601869600995,0.0,False,-0.36807672831995125,-0.14639090734576715,-0.3858107398957954,0.0
11.932369,14.026718113111844,0.12954263830271573,0.0,False,-0.36556375590847945,-0.14576310811427887,-0.3832205348429326,0.0
11.952413,13.832202790760936,0.13160535446474977,0.0,False,-0.36300235705918626,-0.14513244152896837,-0.38058263711804113,0.0
11.972862,13.599178778660866,0.1343579062409776,0.0,False,-0.3603318997003134,-0.1444864304172084,-0.3778351522933195,0.0
11.993617,13.390673130749514,0.13736641388668053,0.0,False,-0.3575583693194229,-0.14382615937214024,-0.37498411237310125,0.0
12.012478,13.315956078474525,0.13949009529444392,0.0,False,-0.354998179595253,-0.14322020329860086,-0.3723531896857528,0.0
12.032939,13.208705529229928,0.14188502293424698,0.0,False,-0.35217187423579377,-0.14255684629178406,-0.36945008023149506,0.0
12.052732,13.031165237304265,0.14470834308081726,0.0,False,-0.3493814224501244,-0.14191102080709111,-0.36658586799689646,0.0
12.073009,12.848069244189103,0.1469671508792966,0.0,False,-0.34647598070137614,-0.14124835675874314,-0.36360581507851697,0.0
12.092609,11.098728089090228,0.14851234180061698,0.0,False,-0.34361958045990304,-0.14068801916123108,-0.36069497317922505,0.0
12.112828,9.871880933500801,0.15011004266092953,0.0,False,-0.34062944408600243,-0.14016766886273743,-0.3576598982266636,0.0
12.132806,8.748676930399721,0.15175886543415948,0.0,False,-0.3376328808448192,-0.13970652450272658,-0.35462805961301996,0.0
12.153243,7.909838103637867,0.15317753059579883,0.0,False,-0.33453217560078075,-0.13927572341667424,-0.3514975704202337,0.0
12.173175,7.853942624239745,0.15436954111788045,0.0,False,-0.3314841443134589,-0.13885527119229327,-0.348420676726672,0.0
12.193633,7.923977436516073,0.15550353863133226,0.0,False,-0.328333228342119,-0.13841670139081905,-0.34523938533335224,0.0
12.213112,8.003845853260637,0.15662667228417348,0.0,False,-0.32531201735062204,-0.1379918910766689,-0.34218845438392875,0.0
12.23331,7.960212241473078,0.1581930480766685,0.0,False,-0.32214762143118,-0.137549404860997,-0.3389932711988764,0.0
12.253305,7.935827393546839,0.15929478308413253,0.0,False,-0.3189930249041354,-0.13710965767513517,-0.3358081720111092,0.0
12.273669,8.014185716432982,0.15994197640123264,0.0,False,-0.3157677762942187,-0.1366555642115483,-0.33255111360367434,0.0
12.293186,8.106996858120528,0.16067438733120298,0.0,False,-0.31266323289007986,-0.13621333544748104,-0.3294152315861312,0.0
12.31344,8.115815398656114,0.16160176344316754,0.0,False,-0.3094229315845024,-0.13575125970450827,-0.3261421494693533,0.0
12.333416,8.069350055627707,0.16177517281915263,0.0,False,-0.3062233073654537,-0.13529763189508798,-0.322910528617118,0.0
12.353744,8.061707030923468,0.16196633601009766,0.0,False,-0.3029633929907575,-0.13483590002014723,-0.3196180769387046,0.0
12.373816,8.125132833792312,0.16175448335968032,0.0,False,-0.2997492485286804,-0.13437702098856025,-0.3163713409487092,0.0
12.393706,8.21344796125613,0.16040096564877504,0.0,False,-0.29659159787127753,-0.13392124002617284,-0.31318096574195503,0.0
12.414099,8.287175504126692,0.15815506430899026,0.0,False,-0.29340001952688827,-0.13345636864836918,-0.3099557095155017,0.0
12.433936,8.281842659296158,0.15508671524782336,0.0,False,-0.2903556472103747,-0.13301322802311824,-0.3068792543451308,0.0
12.453774,8.242363672818534,0.14979194489906655,0.0,False,-0.2874147694589709,-0.13258722123250405,-0.3039076817422231,0.0
12.474047,8.293981765843245,0.1421724110824929,0.0,False,-0.2845626538941356,-0.1321714485206294,-0.30102542045234754,0.0
12.493763,8.431993146518233,0.13374386545604156,0.0,False,-0.28195426306410526,-0.13178478650315245,-0.2983885264010164,0.0
12.513928,8.655762246105791,0.12309367421333106,0.0,False,-0.27950035025593506,-0.1314112238652544,-0.2959063424605045,0.0
12.533913,8.903864621818041,0.1103244515779244,0.0,False,-0.2773220856034533,-0.13106996619435027,-0.29370150829571967,0.0
12.554347,9.066558943713066,0.09377693365935712,0.0,False,-0.27542978931549755,-0.13076800211723794,-0.29178527043332436,0.0
12.574212,9.160595791054378,0.07450402425854367,0.0,False,-0.2739686430987455,-0.13053237919435748,-0.29030524799142843,0.0
12.594376,9.211461799400348,0.05342617314261782,0.0,False,-0.2729052501335056,-0.13035992880117267,-0.2892279626361806,0.0
12.614114,8.058490409433952,0.03176253867664815,0.0,False,-0.27228451176927065,-0.1302720434231921,-0.28860103364778095,0.0
12.634764,7.978531782807945,0.006527120512014008,0.0,False,-0.2721510314301727,-0.1302533349839881,-0.28846624860920783,0.0
12.65425,8.239351831869884,-0.01829438516395351,0.0,False,-0.27250383620087243,-0.13030442229737912,-0.28882273299851263,0.0
12.674495,8.206590108275169,-0.04260231017975395,0.0,False,-0.2733574879808196,-0.13042753562483683,-0.28968521676810177,0.0
12.694297,7.910933774768214,-0.06595193275771902,0.0,False,-0.2746510394228745,-0.1306072823289461,-0.29099119694057013,0.0
12.714457,7.607113116409991,-0.08965942020731396,0.0,False,-0.276442665433164,-0.13084656266671021,-0.29279873085194946,0.0
12.734467,7.333666499396617,-0.11320962229045765,0.0,False,-0.2786894587353984,-0.1311357254889534,-0.2950640553939816,0.0
12.754728,6.94189263890154,-0.13732426903654057,0.0,False,-0.28145138916980905,-0.1314720049762746,-0.2978463824089309,0.0
12.774714,6.55391985761457,-0.16031560390398203,0.0,False,-0.28463451787096483,-0.13183771146969847,-0.3010504500685558,0.0
12.794702,6.178585975523942,-0.18078709034804497,0.0,False,-0.2882270999261171,-0.13222663227335477,-0.30466402243043245,0.0
12.814364,5.790136709615732,-0.19985464252024157,0.0,False,-0.29213659374023654,-0.13262306423426998,-0.3085935644116655,0.0
12.83493,5.40752919792112,-0.2180261141136783,0.0,False,-0.2966005634950219,-0.13304562546974216,-0.31307748947452757,0.0
12.854892,4.853721712752013,-0.23364910108249456,0.0,False,-0.3012479412043367,-0.13344026523032101,-0.3177415928303362,0.0
12.875073,4.1827811602427385,-0.24662564824466612,0.0,False,-0.3062118364786286,-0.13380329112437708,-0.32271874503756204,0.0
12.894813,3.494677698435103,-0.2569283631827616,0.0,False,-0.3112741712417606,-0.13411244477729992,-0.32779051092678946,0.0
12.914952,2.839052052624839,-0.26196149117239875,0.0,False,-0.316543338441553,-0.1343737501532632,-0.3330661533975105,0.0
12.934794,2.2512777146580207,-0.2600375050960642,0.0,False,-0.32169902018497665,-0.13457643259163887,-0.33822581757362674,0.0
12.955078,1.4747605030177109,-0.2534155978949744,0.0,False,-0.3268375995018238,-0.13470872589291152,-0.34336609956132846,0.0
12.975558,0.49902359924238765,-0.24930067929104285,0.0,False,-0.3319430837636705,-0.13475319376781872,-0.3484717774732088,0.0
12.994852,-0.5264330064867503,-0.24570453386605806,0.0,False,-0.33668350694180443,-0.13470963758493137,-0.3532124007496206,0.0
13.015412,-1.5835087541403459,-0.23659863596616793,0.0,False,-0.34154611720668576,-0.13457521325078728,-0.358076868705085,0.0
13.035241,-2.415330883886269,-0.22560455642698513,0.0,False,-0.34601565564028575,-0.13438668603913664,-0.3625503814544756,0.0
13.055346,-2.9746494390903604,-0.21206330812387694,0.0,False,-0.35027344373654745,-0.1341654338124013,-0.3668139142643063,0.0
13.075956,-3.6323474477446527,-0.19386522726363511,0.0,False,-0.354260979464251,-0.13391229909649796,-0.37080947659820973,0.0
13.095461,-4.376714796324725,-0.1791972322235818,0.0,False,-0.35774602882446144,-0.13364556384016643,-0.3743047186127308,0.0
13.115569,-5.169397377515235,-0.17793084778607368,0.0,False,-0.3613093100640872,-0.13332319872100626,-0.37788255210001326,0.0
13.135486,-6.005167840663486,-0.142164834880399,0.0,False,-0.36412526913658133,-0.13302697270016023,-0.3807140491163261,0.0
13.155734,-6.506524135995692,-0.10335661639189314,0.0,False,-0.36620455432171256,-0.13278982823781993,-0.38280681388502924,0.0
13.175747,-6.375256590998856,-0.06350612994414298,0.0,False,-0.36746764291199896,-0.13264870245809168,-0.3840777620636013,0.0
13.196029,-6.693061162778804,-0.026729339804625933,0.0,False,-0.368006072679903,-0.1325855176029596,-0.3846198865335187,0.0
13.215705,-6.86326738193788,0.01806723757729794,0.0,False,-0.3676531291053427,-0.1326279988987279,-0.38426439556694775,0.0
13.235774,-6.7917818575857485,0.023324066930145305,0.0,False,-0.36718832324149486,-0.1326833560268141,-0.3837963048677267,0.0
13.255739,-7.205372598011059,0.024918671720855372,0.0,False,-0.3666947507558071,-0.1327457557533842,-0.3832988035868198,0.0
13.27622,-7.559523169470216,0.02439563582160786,0.0,False,-0.36619944630770085,-0.13281148737093124,-0.38279915656955743,0.0
13.296153,-7.8914676162290105,0.029111450470129013,0.0,False,-0.3656246630495529,-0.13289115789694328,-0.38221887802733634,0.0
13.315893,-8.429926632185072,0.03346012881635847,0.0,False,-0.3649712962490808,-0.1329879874458139,-0.3815583750845014,0.0
13.335972,-8.883745845094033,0.03087375647953904,0.0,False,-0.36435881875926734,-0.13308372085543754,-0.38093846092814876,0.0
13.356312,-8.991507531779806,0.02776036416909377,0.0,False,-0.3638011115926393,-0.133171968256983,-0.38037381512094937,0.0
13.377249,-9.172258776545148,0.026654623911364514,0.0,False,-0.3632501794330541,-0.13326092607186563,-0.37981574726011713,0.0
13.396056,-9.40785492119372,0.024980022423875082,0.0,False,-0.36278669906381444,-0.1333377200328231,-0.37934594797839133,0.0
13.415993,-9.609766054703728,0.02025318413439968,0.0,False,-0.3623885774438913,-0.13340512706757582,-0.3789421602463038,0.0
13.436187,-9.77724684527564,0.022716831442578897,0.0,False,-0.3619364968120023,-0.13348303007903578,-0.37848341655215234,0.0
13.456122,-9.897509615126895,0.0,0.0,True,-0.3619364968120023,-0.13348303007903578,-0.37848341655215234,0.0
13.47652,-9.952745710657416,0.0,0.0,True,-0.3619364968120023,-0.13348303007903578,-0.37848341655215234,0.0
13.496274,-9.958384795025907,0.0,0.0,True,-0.3619364968120023,-0.13348303007903578,-0.37848341655215234,0.0
13.516793,-9.906942302470059,0.0,0.0,True,-0.3619364968120023,-0.13348303007903578,-0.37848341655215234,0.0
13.536374,-9.866390137955504,0.0,0.0,True,-0.3619364968120023,-0.13348303007903578,-0.37848341655215234,0.0
13.55662,-9.861318944627916,0.0,0.0,True,-0.3619364968120023,-0.13348303007903578,-0.37848341655215234,0.0
13.57677,-10.181128095846415,0.0,0.0,True,-0.3619364968120023,-0.13348303007903578,-0.37848341655215234,0.0
13.596644,-10.488949017195969,0.0,0.0,True,-0.3619364968120023,-0.13348303007903578,-0.37848341655215234,0.0
13.616663,-10.88366108084147,0.0,0.0,True,-0.3619364968120023,-0.13348303007903578,-0.37848341655215234,0.0
13.636888,-11.387357762895197,0.0,0.0,True,-0.3619364968120023,-0.13348303007903578,-0.37848341655215234,0.0
13.657312,-11.423112048921592,0.0,0.0,True,-0.3619364968120023,-0.13348303007903578,-0.37848341655215234,0.0
13.677509,-11.418457527773962,0.0,0.0,True,-0.3619364968120023,-0.13348303007903578,-0.37848341655215234,0.0
13.69677,-11.283512184026822,0.0,0.0,True,-0.3619364968120023,-0.13348303007903578,-0.37848341655215234,0.0
13.717005,-10.972073458403065,0.0,0.0,True,-0.3619364968120023,-0.13348303007903578,-0.37848341655215234,0.0
13.737357,-10.966571878482531,0.0,0.0,True,-0.3619364968120023,-0.13348303007903578,-0.37848341655215234,0.0
13.757146,-11.017130422440177,0.0,0.0,True,-0.3619364968120023,-0.13348303007903578,-0.37848341655215234,0.0
13.777541,-11.251581278769729,0.0,0.0,True,-0.3619364968120023,-0.13348303007903578,-0.37848341655215234,0.0
13.797257,-11.657859367083086,0.0,0.0,True,-0.3619364968120023,-0.13348303007903578,-0.37848341655215234,0.0
13.817402,-11.94385267413616,0.0,0.0,True,-0.3619364968120023,-0.13348303007903578,-0.37848341655215234,0.0
13.837505,-12.108725024464933,0.0,0.0,True,-0.3619364968120023,-0.13348303007903578,-0.37848341655215234,0.0
13.857323,-12.295026944477375,0.0,0.0,True,-0.3619364968120023,-0.13348303007903578,-0.37848341655215234,0.0
13.877743,-12.500620709254745,0.0,0.0,True,-0.3619364968120023,-0.13348303007903578,-0.37848341655215234,0.0
13.897454,-12.657967258618823,0.0,0.0,True,-0.3619364968120023,-0.13348303007903578,-0.37848341655215234,0.0
13.917687,-12.88089884236759,0.0,0.0,True,-0.3619364968120023,-0.13348303007903578,-0.37848341655215234,0.0
13.937486,-12.932829541774804,0.0,0.0,True,-0.3619364968120023,-0.13348303007903578,-0.37848341655215234,0.0
13.958408,-12.931441002155832,0.0,0.0,True,-0.3619364968120023,-0.13348303007903578,-0.37848341655215234,0.0
13.977857,-12.873464932436612,0.0,0.0,True,-0.3619364968120023,-0.13348303007903578,-0.37848341655215234,0.0
13.997957,-12.4020444092651,0.0,0.0,True,-0.3619364968120023,-0.13348303007903578,-0.37848341655215234,0.0
14.017542,-12.06455124203134,0.0,0.0,True,-0.3619364968120023,-0.13348303007903578,-0.37848341655215234,0.0
14.037915,-11.81825113720242,0.0,0.0,True,-0.3619364968120023,-0.13348303007903578,-0.37848341655215234,0.0
14.057815,-11.795547248463652,0.0,0.0,True,-0.3619364968120023,-0.13348303007903578,-0.37848341655215234,0.0
14.07824,-11.797218979065736,0.0,0.0,True,-0.3619364968120023,-0.13348303007903578,-0.37848341655215234,0.0
14.097951,-11.79533604601665,0.0,0.0,True,-0.3619364968120023,-0.13348303007903578,-0.37848341655215234,0.0
14.118341,-11.794827051449657,0.0,0.0,True,-0.3619364968120023,-0.13348303007903578,-0.37848341655215234,0.0
14.137981,-11.795698707541426,0.0,0.0,True,-0.3619364968120023,-0.13348303007903578,-0.37848341655215234,0.0
14.158612,-11.7965770310463,0.0,0.0,True,-0.3619364968120023,-0.13348303007903578,-0.37848341655215234,0.0
14.178712,-11.798149548849493,0.0,0.0,True,-0.3619364968120023,-0.13348303007903578,-0.37848341655215234,0.0
14.198358,-11.799010046753057,0.0,0.0,True,-0.3619364968120023,-0.13348303007903578,-0.37848341655215234,0.0
14.218316,-11.79988479732841,0.0,0.0,True,-0.3619364968120023,-0.13348303007903578,-0.37848341655215234,0.0
14.238387,-11.800817963208956,0.0,0.0,True,-0.3619364968120023,-0.13348303007903578,-0.37848341655215234,0.0
14.258542,-11.80096044664939,0.0,0.0,True,-0.3619364968120023,-0.13348303007903578,-0.37848341655215234,0.0
14.278864,-11.801804442376554,0.0,0.0,True,-0.3619364968120023,-0.13348303007903578,-0.37848341655215234,0.0
14.29851,-11.801945803139187,0.0,0.0,True,-0.3619364968120023,-0.13348303007903578,-0.37848341655215234,0.0
14.318671,-11.803498491628158,0.0,0.0,True,-0.3619364968120023,-0.13348303007903578,-0.37848341655215234,0.0
14.338428,-11.803641659761078,0.0,0.0,True,-0.3619364968120023,-0.13348303007903578,-0.37848341655215234,0.0
14.358744,-11.804448504550589,0.0,0.0,True,-0.3619364968120023,-0.13348303007903578,-0.37848341655215234,0.0
14.378807,-11.805266482674014,0.0,0.0,True,-0.3619364968120023,-0.13348303007903578,-0.37848341655215234,0.0
14.399388,-11.806768395576565,0.0,0.0,True,-0.3619364968120023,-0.13348303007903578,-0.37848341655215234,0.0
14.41876,-11.804760329677654,0.0,0.0,True,-0.3619364968120023,-0.13348303007903578,-0.37848341655215234,0.0
14.438803,-11.806294798173358,0.0,0.0,True,-0.3619364968120023,-0.13348303007903578,-0.37848341655215234,0.0
14.459313,-11.807099367811151,0.0,0.0,True,-0.3619364968120023,-0.13348303007903578,-0.37848341655215234,0.0
14.479373,-11.807900080949024,0.0,0.0,True,-0.3619364968120023,-0.13348303007903578,-0.37848341655215234,0.0
14.499172,-11.809388694405607,0.0,0.0,True,-0.3619364968120023,-0.13348303007903578,-0.37848341655215234,0.0
14.519168,-11.807364565603963,0.0,0.0,True,-0.3619364968120023,-0.13348303007903578,-0.37848341655215234,0.0
14.538803,-11.808171550357423,0.0,0.0,True,-0.3619364968120023,-0.13348303007903578,-0.37848341655215234,0.0
14.559495,-11.808965194488655,0.0,0.0,True,-0.3619364968120023,-0.13348303007903578,-0.37848341655215234,0.0
14.579557,-11.808374549349297,0.0,0.0,True,-0.3619364968120023,-0.13348303007903578,-0.37848341655215234,0.0
14.599411,-11.810581130143012,0.0,0.0,True,-0.3619364968120023,-0.13348303007903578,-0.37848341655215234,0.0
14.619661,-11.809266092165942,0.0,0.0,True,-0.3619364968120023,-0.13348303007903578,-0.37848341655215234,0.0
14.639502,-11.808624916714106,0.0,0.0,True,-0.3619364968120023,-0.13348303007903578,-0.37848341655215234,0.0
14.659725,-11.809380935399448,0.0,0.0,True,-0.3619364968120023,-0.13348303007903578,-0.37848341655215234,0.0
14.680255,-11.810143926412618,0.0,0.0,True,-0.3619364968120023,-0.13348303007903578,-0.37848341655215234,0.0
14.699548,-11.810912266107392,0.0,0.0,True,-0.3619364968120023,-0.13348303007903578,-0.37848341655215234,0.0
14.719633,-11.811675075881412,0.0,0.0,True,-0.3619364968120023,-0.13348303007903578,-0.37848341655215234,0.0
14.739626,-11.812420121664267,0.0,0.0,True,-0.3619364968120023,-0.13348303007903578,-0.37848341655215234,0.0
14.760028,-11.812458836822033,0.0,0.0,True,-0.3619364968120023,-0.13348303007903578,-0.37848341655215234,0.0
14.781132,-11.812495892975077,0.0,0.0,True,-0.3619364968120023,-0.13348303007903578,-0.37848341655215234,0.0
14.80005,-11.812540537525935,0.0,0.0,True,-0.3619364968120023,-0.13348303007903578,-0.37848341655215234,0.0
14.819963,-11.815375364213232,0.0,0.0,True,-0.3619364968120023,-0.13348303007903578,-0.37848341655215234,0.0
14.840445,-11.814697694395525,0.0,0.0,True,-0.3619364968120023,-0.13348303007903578,-0.37848341655215234,0.0
14.860183,-11.815415970668148,0.0,0.0,True,-0.3619364968120023,-0.13348303007903578,-0.37848341655215234,0.0
14.880777,-11.81753086754035,0.0,0.0,True,-0.3619364968120023,-0.13348303007903578,-0.37848341655215234,0.0
14.900391,-11.816854216412784,0.0,0.0,True,-0.3619364968120023,-0.13348303007903578,-0.37848341655215234,0.0
14.920478,-11.816871866471763,0.0,0.0,True,-0.3619364968120023,-0.13348303007903578,-0.37848341655215234,0.0
14.940108,-11.816910525368932,0.0,0.0,True,-0.3619364968120023,-0.13348303007903578,-0.37848341655215234,0.0
14.960589,-11.817645558978208,0.0007971208224254078,0.0,False,-0.3619205170168368,-0.13348637356863924,-0.37846709072058826,0.0
14.980666,-11.819080013398894,0.0006544743626526298,0.0,False,-0.36190765571059763,-0.13348906490566528,-0.3784539508388093,0.0
15.000937,-11.798632208266524,0.0005683508899392627,0.0,False,-0.36189637808314534,-0.13349142064381625,-0.3784424297979193,0.0
15.020602,-11.795365546920905,0.00028092576292347414,0.0,False,-0.36189097033176204,-0.1334925499254435,-0.3784369053927914,0.0
15.040738,-11.945535754785123,0.0004639359231064327,0.0,False,-0.36188183081690095,-0.13349448351076626,-0.3784275635790437,0.0
15.061494,-11.94234030715697,-0.00037846154077367884,0.0,False,-0.36188951614614695,-0.13349285802545371,-0.378435418926784,0.0
15.081586,-11.934249210678338,-0.0003093612291151563,0.0,False,-0.3618955974833281,-0.13349157268960485,-0.3784416346125994,0.0
15.100879,-11.921800286394735,-0.0003234889089845803,0.0,False,-0.3619017039377843,-0.13349028343101743,-0.3784478756841204,0.0
