time_seconds,forward_acceleration,right_acceleration,down_acceleration
0.019504,2.666342333333333,8.396465666666666,6.470729333333332
0.024202,2.037169461400723,6.23538751221969,4.877673213199133
0.039519,1.610622482425029,4.95520344796029,3.9076956664331726
0.059027,1.1190769189302736,3.2730623495663744,2.613746043112198
0.078503,0.5794490351482914,1.6037383616030716,1.320104433947576
0.09817,-0.10036479219419854,-0.1072162074997129,0.040375329324407946
0.118543,-0.17426261039622376,-0.1225271897384177,0.0003231763507759389
0.138369,-0.1800261896816686,-0.15749320961061133,-0.02084305020701934
0.158983,-0.1761974007282682,-0.1777900349951262,-0.02480023659738428
0.178772,-0.14326755930394505,-0.160615730057287,-0.013370913258597742
0.198839,-0.06163626187765527,-0.1225487595084654,-0.00967779319342876
0.2189,0.014488659007638228,-0.07125090277645355,0.014744924233272238
0.239016,0.09813515383113597,-0.014716199767246741,0.05539877670387265
0.259049,0.13673866633150836,0.0527952231885679,0.07485377699779358
0.279679,0.17060220810359886,0.068002661507395,0.09427586081383298
0.299294,0.15298595306530333,0.08311154439311377,0.11101986580621345
0.319242,0.13513213675225397,0.08448329653527076,0.10574405980713233
0.339171,0.09835047124739128,0.04925680741778094,0.059823714206996906
0.35978,0.09799460654996935,-0.022927150399115557,0.030117603393110322
0.379354,0.11304761767010432,-0.04887527601326156,0.002153715252805462
0.399492,0.1576419688261602,-0.023856917036188353,-0.01930312844699278
0.419252,0.19854217558189272,0.006376386156828728,-0.01638970938184874
0.439625,0.18793103661993482,0.05321031982419257,0.034879478243559726
0.459704,0.1589424623681018,0.10082175027675686,0.1234247663205668
0.480025,0.09446212306542397,0.09972399059555956,0.1584034862856612
0.500253,0.06708193107969537,0.017565739225724707,0.18719640675508023
0.52,0.0411494162825238,-0.02224635020199405,0.19887313829173542
0.539647,0.008809823256005201,-0.004249183947917673,0.22390870982731204
0.560247,-0.0075684765623692364,0.004129579898890523,0.1891097938193297
0.579919,-0.015158279089943893,0.012064680732630622,0.16265019168799524
0.600047,-0.08115459467770816,0.02854386296632954,0.12956026070300017
0.619793,-0.11816028172833418,0.028455591058815115,0.09640623730573059
0.640071,-0.09394043506382553,-0.006714325903778798,0.016614155540669275
0.660458,-0.07533734283646751,-0.0689312428835876,-0.0406022100343417
0.680539,-0.08024032861425304,-0.07570219191781585,-0.05310710477192123
0.700175,-0.0695845756645356,-0.011042569763962135,-0.029232344227062862
0.720824,-0.0696617352766892,0.03874392802631908,0.010549817919568837
0.740352,-0.0802692744898159,0.05506052144920763,0.035975283759978875
0.760819,-0.07382093402361795,0.06152937573955034,0.046401906792693
0.780709,-0.05095688555982314,0.03779517496491272,0.033634661539946695
0.800475,-0.07309886896436532,-0.002511764988442152,0.017907086702194857
0.820665,-0.09210427939493168,-0.02971146148175561,0.027954764620506355
0.8409,-0.09253554688021712,-0.006238410823508828,0.06700789775518137
0.861094,-0.06785240219314666,0.04755890176953425,0.09831206202223368
0.880796,-0.006474864888824916,0.10596091421688217,0.14397716101905222
0.900932,0.04361544450671097,0.12315922572163218,0.15649331573450626
0.921063,0.03836375330082578,0.113115755389338,0.15203509199962392
0.941355,0.024208458108276362,0.09348050152798337,0.14946885453795564
0.961227,0.044419064494033524,0.09879687523676839,0.1584158150872671
0.981014,0.03410448684214116,0.070572413957982,0.13106639190213368
1.001414,-0.011778246403654163,0.014256723087648948,0.1282792059427656
1.020894,-0.044574220029819145,-0.005766630596364094,0.1321215440872393
1.041316,-0.06945570084569572,-0.010410849993686674,0.1368026434392433
1.06126,-0.13676903438262553,-0.046345073275573793,0.14055821726637271
1.081562,-0.2107285919488558,-0.0943312203065316,0.12648086234732997
1.101316,-0.19946591039067643,-0.10984888474156947,0.12598419241094233
1.121519,-0.1549242573091651,-0.08076347099239274,0.12313762921207103
1.141454,-0.1274529826753386,-0.0730753533533593,0.10969445895628982
1.162623,-0.11890195848780394,-0.08302101335721986,0.0710071496434288
1.181554,-0.08850391647006055,-0.06574357983455208,0.06423732992241678
1.201809,-0.06244408964850534,-0.019385541467764233,0.056152247096736406
1.221686,-0.04399494458592608,-0.006892234749617532,0.03976829096334806
1.241835,-0.02690479379709934,-0.02598351154137033,0.00355486251304772
1.261915,0.0060460799802589,-0.05484719612434443,-0.020265030024865998
1.282155,-0.0017066895480146408,-0.03632297281304082,-0.0019242777851875823
1.301881,0.008335091864589719,-0.002642550024556095,0.012913598821826239
1.32203,0.017592215370490077,-0.012465513605553697,-0.0005475603631413812
1.341766,0.008401604217795438,-0.0039042859755419566,0.0219275864951026
1.362681,-0.020799539484514785,0.029337247328770223,0.05802111498132304
1.38255,-0.04331435376040703,0.020314285319697083,0.05477617632604106
1.402315,-0.02803156501305997,-0.008225588947480555,0.06243709375826538
1.422201,-0.036781227708355305,0.005313947192276883,0.10281636694550075
1.442222,-0.027842504471083006,0.010988214134900243,0.12106050934143542
1.462659,-0.016618201862346783,0.0058894122025001435,0.1205402127405875
1.482903,0.0036442414714536976,-0.011906397720899697,0.11550494886512722
1.50249,-0.021036405118044863,-0.017062179710056996,0.09593846543797893
1.522395,0.008824721892531076,-0.030347824306607114,0.06858944214612774
1.542577,0.008761723869689035,-0.01900426020600257,0.05145331878645398
1.562633,0.026350374378976655,-0.019349701206823534,0.047847072899802584
1.58268,0.045710181219345836,-0.009255364286366993,0.04890220243401262
1.603135,0.080522940844877,-0.02375485400250583,0.0312825466340129
1.622812,0.049448955664679606,-0.029865630092956334,0.026883799298805723
1.642685,0.018519655478667064,-0.001427461626803117,0.046056530007921696
1.662978,-0.005254991371880303,0.020531416596238347,0.06442976691901767
1.683201,-0.0011501172982109037,0.028766561089568966,0.07453966996822561
1.703184,-0.029647261450281386,0.043945392473375366,0.09745604228501566
1.723076,-0.027131920217609108,0.05474316625442145,0.11050364092962321
1.742976,0.007027367448005198,0.01989810148327165,0.10401813556301173
1.763745,0.009101125952895618,0.004040227247173508,0.10099413427459569
1.783477,-0.018511181024610125,0.029281440122686846,0.1154274119020094
1.803384,-0.029514555993810643,0.029532526850461545,0.12399801844422309
1.823738,-0.03905925008117776,0.005396529941862446,0.1329546569159717
1.843576,-0.03299588896514438,-0.023080020330840896,0.11777823835520314
1.86401,-0.01366819874765382,-0.030661884184823695,0.08552978816722713
1.883923,0.011606270126718155,-0.024936197818124194,0.06045750472248592
1.903773,0.004131206899126256,0.014358779770406005,0.06349224053432925
1.923819,0.031067995067867178,0.03374217801976164,0.043059732295771244
1.943644,0.03491396845761976,0.06733481985514866,0.03510483865913262
1.964179,0.0664320288387596,0.048505925780888984,0.01937334902258276
1.984461,0.06193758933653878,-0.015165750827073953,0.00839395991629778
2.00418,0.06007910720321188,-0.04027790843548089,-0.007021807031740221
2.02386,-0.0007344854429688463,-0.02492231988207743,0.020006271119559584
2.044552,-0.046748347212528726,-0.022059675837430952,0.04138120642971154
2.064526,-0.06809669378229954,-0.03493745677759756,0.05625279082177317
2.084638,-0.053266772926312586,-0.025294105178833563,0.043675295794370336
2.10515,-0.03444872970129044,-0.05238601912911629,0.037576984425355786
2.12441,-0.021358831403742663,-0.05302406805732594,0.027142184835593504
2.144117,-0.006963365741775004,-0.05010577764987513,0.038043371630974224
2.165205,-0.023255838418973142,0.0025515636824657295,0.07909521303411642
2.184633,-0.038941831204338404,0.042649733871203285,0.1296151700511412
2.205434,-0.026195887056131344,0.0746102290223764,0.15070044128292498
2.224349,0.04461139937389784,0.07348137640989555,0.15276393893733017
2.244632,0.058672021421931266,0.08693416499292042,0.15155655871808302
2.265494,0.031420954275328684,0.10822251285828166,0.16248630158314187
2.285127,0.019090549493995645,0.10661095070242343,0.14494273470509528
2.304922,0.025366165861164358,0.06505706821372755,0.12033353304919137
2.324827,0.012365442641494556,0.04603352551208983,0.11297984332013014
2.344905,0.05066802684113394,0.05895711621131351,0.1034409162139042
2.365861,0.08601937062561245,0.05469433293101382,0.08536499125271425
2.385159,0.08410414025906815,0.04860069000458015,0.09629709847828385
2.405466,0.04506009779117606,0.073304989383306,0.11442556017354266
2.425126,-0.0010986921959796753,0.05025301042509071,0.09984234104699784
2.445461,-0.0461237934474037,-0.02127329512612325,0.08655729424350116
2.466277,-0.039680574570245375,-0.0014099760193056255,0.13403047994579675
2.486457,-0.006609309994624238,0.07245094268818399,0.18636433646190934
2.505572,-0.006485086611671423,0.0494550573343967,0.20432374069460332
2.525717,0.014258373462977278,0.028157098984112026,0.24024421583320926
2.54556,0.14246636661907058,0.1716242405845894,0.35020005320346353
2.566577,0.18468252509551494,0.26590915920413305,0.43373361729092536
2.585897,0.10475408278754025,0.20132305069684997,0.4493048825949352
2.605971,0.05620179204525051,0.2035554141910009,0.5141934386952822
2.625848,0.030882038528621796,0.29625803600037787,0.6350391575674589
2.645958,-0.09253639918657361,0.19337029563603844,0.627199568108465
2.667067,-0.21138969192943807,0.019319779610266142,0.5866405324456399
2.686536,-0.1838955257344342,-0.05201839717365471,0.5965574461327652
2.70665,-0.15461399797341396,0.1000176590313677,0.8047700166134067
2.726243,-0.2531800052977645,0.3046913943123097,1.051824367255155
2.746293,-0.22487142740566424,0.17671499902124294,1.0756186690328884
2.767323,-0.2592526489702996,-0.08324292820664651,0.9612881280997458
2.786773,-0.47847447502502244,-0.037627552387089466,1.1654388691093098
2.806488,-0.6778796402055726,-0.002174046097028537,1.2700602033400537
2.826537,-0.5746200229701178,-0.4914680093647933,0.9700014421025116
2.84661,-0.7006381050995587,-0.6793681797670427,0.8370816444030524
2.867617,-0.876069009455839,-0.4795491641318789,1.113893661448024
2.88698,-0.806028055190726,-0.6321585382255425,0.8879535153628382
2.90686,-0.5083101169001112,-1.1917737813226945,0.1621062479572196
2.927203,-0.5001017921943323,-1.2342759772768361,-0.08529462845432145
2.946939,-0.558830689111071,-1.0301855013934298,0.030645087836793705
2.967965,-0.5148053279946261,-1.08706514624863,-0.13267930043256365
2.987325,-0.27096305859492603,-1.1152233583680904,-0.5556261280036594
3.007331,-0.13462025366982094,-0.9373762040321765,-0.6275545341128385
3.027107,-0.13894540912767162,-0.7480225637935769,-0.6173368690438077
3.047338,-0.1609025199268756,-0.7128401016177852,-0.7682653196289532
3.067144,0.03782496511538847,-0.6455066191115215,-0.9929659820226512
3.087653,0.09543213127767225,-0.527928950508158,-0.9029011347383158
3.107316,-0.09593480491772674,-0.40812618297598624,-0.6181933079762111
3.127532,-0.13011439893650814,-0.3647215937055796,-0.45278393806746137
3.147868,0.10760568292145223,-0.3810073469244804,-0.4709189189515026
3.168677,0.2244849585295269,-0.3693893871443188,-0.6012448978650464
3.187841,0.14870921864653916,-0.3738436583775634,-0.5456883016437949
3.207945,0.12414187161262,-0.36090983120429077,-0.49439395868274155
3.227707,0.12205881882160305,-0.40505993554545344,-0.5505573221749032
3.247898,0.08284586586505574,-0.40335174489241127,-0.548027949471378
3.268939,0.07654317468932878,-0.38911051748993364,-0.404790426861652
3.288356,0.07181652349304099,-0.3562368254460917,-0.2202792817628648
3.308004,0.08673682421387877,-0.3168079006212978,-0.10283297375543687
3.328079,0.12189263337034004,-0.282227395606254,-0.06788523911261954
3.347953,0.13274908633004912,-0.2711101000551546,-0.1176675062940891
3.369366,0.10238379517800755,-0.2845333115344261,-0.15345390343144238
3.388375,0.07097560429332558,-0.30137482303888335,-0.17381720829755096
3.408556,0.06274813550652027,-0.3098124714503044,-0.1893317203793
3.428181,0.07506163795844291,-0.29054877492971526,-0.15239397507306265
3.448519,0.1120796712491305,-0.23808339283479035,-0.08423796628972369
3.468295,0.0681026558324865,-0.20351645060420967,0.009550894983272685
3.488567,0.03292310698304165,-0.1892600167281588,0.06116174372837404
3.508526,0.052362802947634936,-0.17782419194658808,0.040128446182425025
3.528673,0.05057904540562709,-0.1784005398080167,-0.023718760383513532
3.548614,-0.004241110934462595,-0.1993730803883956,-0.01877305403987891
3.568882,-0.004569772780656636,-0.20233308960983232,0.027013404096663828
3.589136,-0.0011628206096525734,-0.18823827843914076,0.0862174722157217
3.60905,-0.026561451597451713,-0.1796965011552094,0.10634296681657598
3.628827,-0.039062696570504096,-0.1751228826496455,0.11902115245671001
3.649163,-0.048332071583523296,-0.1766627455216176,0.16061234942684516
3.66884,-0.05134476440378979,-0.15348295093261635,0.18725087638259014
3.689356,-0.020053168572217235,-0.1350455733678834,0.12860826325396418
3.709156,-0.007258481887352853,-0.13617073860517898,0.05101531954030345
3.729332,-0.007032664601010254,-0.13328879695479912,0.02682674858480848
3.749289,0.012898123891986208,-0.1082304311493816,0.005884581112243466
3.769361,0.017234932082807543,-0.11423513107218,0.007269240507667968
3.78949,-0.017116981641507396,-0.1259670982237849,0.03761404436937887
3.809853,-0.03220515567199649,-0.12050055638617363,0.06381577148809608
3.829731,0.029524104330573224,-0.09676738413218937,0.053334367109184176
3.849662,0.047630591708881634,-0.08541677177662794,0.0456146432884683
3.869644,0.03552031859353147,-0.08544470023443604,0.022743204399549542
3.889785,0.03707684893346465,-0.08324632337498075,-0.012165882596132254
3.909749,0.068050009981114,-0.06736659881027132,0.013212903125007364
3.929879,0.05035455962708687,-0.07628885704615532,0.06691360370025874
3.949891,0.028717993763294924,-0.10440710798065353,0.05440074919304609
3.970106,0.044704336970194346,-0.12030252311949763,0.040728014242285546
3.990234,0.048193865929141266,-0.11919642361569946,0.09669437696924948
4.010059,0.022815074803201812,-0.11121765294002342,0.14515392398335397
4.030466,0.04398682268315397,-0.08443349444848172,0.14996985443513497
4.050009,0.06431839912255581,-0.06261983027423726,0.1568076620791366
4.070205,0.018815869204066867,-0.05962109466488685,0.1492980136137277
4.090497,0.0028910502123517924,-0.07803822720421638,0.11586418435667874
4.110405,0.026801327788183595,-0.08775308493309383,0.10644016986755211
4.130463,0.02844429905309869,-0.07721318623487461,0.10267570727912165
4.150508,0.0064496862109058115,-0.07391841449732084,0.10460691420128469
4.170591,-0.008518298189417111,-0.05808922804756826,0.11926528203171993
4.190542,0.00807584253815411,-0.02663364108941732,0.11606877799438027
4.210842,0.002647006131541489,-0.02264350315577106,0.0459732647528671
4.230451,-0.04991593683150353,-0.06524630403034029,0.0005003561365249376
4.251206,-0.09261031652176323,-0.09084969576028215,0.044159330568015374
4.270719,-0.05182191373278505,-0.08706933502202138,0.055486233273691676
4.290946,-0.04010084701391453,-0.09820236044490563,0.02304049581491758
4.310805,-0.06931255054855655,-0.10638600375540168,0.0831767094494928
4.330991,-0.059185866351906924,-0.08182410262827612,0.15871332490435958
4.35104,0.003603289063492732,-0.0545447022579494,0.12998665071971688
4.371122,0.0074794811830338715,-0.055649072823624725,0.09774137494383903
4.391215,-0.02398913370646865,-0.06152593875607164,0.11850196250065852
4.411133,0.010214380659302446,-0.05368975406757348,0.1295447851339968
4.431154,0.014158095592875865,-0.05624889000117524,0.11184528998388674
4.451549,0.025822347187723572,-0.04977762958747274,0.06918418340469076
4.471648,0.04903052260811967,-0.04668435900068294,0.04872874507107629
4.491443,0.05543624505080279,-0.041189591376052506,0.039281715571163965
4.511422,0.03516418792574796,-0.044663475461952304,0.013505482401038143
4.531599,0.05438688082636926,-0.03951541708778596,0.0072503631720457875
4.551494,0.05866812089226202,-0.03610929988739122,0.0527236082192448
4.571821,0.046851967245234626,-0.022992609592495623,0.09893750305843653
4.59176,0.059093833383650284,-0.012713518383594441,0.11018799110640876
4.611988,0.06058813853838511,-0.01568176316266802,0.10673196915974785
4.631779,0.03729709755181784,-0.026767624697122915,0.11562641812395488
4.652119,0.0015941884135243195,-0.0410029750946753,0.13071797186479078
4.671828,0.008385015553671498,-0.0597898615218357,0.12114858265616943
4.69259,0.020670403467314677,-0.05537904916591768,0.11151685078860459
4.712869,0.008892721339973078,-0.05731702260855272,0.10555909574582811
4.732107,0.0054338429850691004,-0.05763583035277482,0.1284922061247314
4.752094,0.007997527134387339,-0.04923890613238396,0.11457676314332402
4.772221,0.0154073053234184,-0.05055351863656819,0.07697556741426399
4.792494,0.015076814343888661,-0.05190581421754592,0.05190175500707743
4.812479,0.004691688791602239,-0.05306189365661412,0.05017054492612656
4.83258,0.004024046905150481,-0.04487475915752358,0.03933841641702247
4.852458,0.031009955316204763,-0.03514424734574612,0.04968790021086346
4.872455,0.016746130457457865,-0.02187123638107442,0.08444213070821535
4.892613,0.01173586571913132,-0.021842938370402444,0.08498306558169866
4.913285,0.05508368880495525,-0.004839105032953682,0.06111436595883035
4.932759,0.04476868884481494,-0.0193542400984678,0.05110220579305882
4.952454,-0.0057920300839438554,-0.046560261053412946,0.0659742172354359
4.972689,0.028734331224090907,-0.03401774765145592,0.08601013673651778
4.992747,0.06333814583213096,-0.014635228685126905,0.08379652191870256
5.013115,0.023581986976919926,-0.03605639138146834,0.0949932608611582
5.033125,0.013324091849855862,-0.03637674734379992,0.1367231843758954
5.053161,0.03940350182575063,-0.02223369243890122,0.16301862903312764
5.073106,0.04412573410610806,-0.025689029289205224,0.11715207805105901
5.093468,0.058131840278718115,-0.01732386522406922,0.09390001319498605
5.113285,0.07652803580221447,0.0060589192724989985,0.0899539607870721
5.133631,0.04129267746915719,0.002512645561773397,0.06643508235408072
5.153235,0.019170630497569712,-0.005875521375934183,0.056195782696422426
5.173573,-0.0029787644670743628,-0.008155143533311243,0.08814529172164384
5.193553,-0.02434579005169574,-0.038712578538318165,0.10887624134322522
5.213713,-0.008815465228978678,-0.040957299719994844,0.08271137630067923
5.233508,0.03591857532175578,-0.03591214817390616,0.03364134737757847
5.253733,0.01986405497310998,-0.031124485176985146,0.03530978820100005
5.273598,-0.039392396272212304,-0.034807943284509466,0.07238235111398228
5.293858,-0.03339632313451992,-0.024689292844296502,0.0701304242931797
5.313915,-0.03571477984348079,-0.02920600903041084,0.08244642280777825
5.334022,-0.047366406488759706,-0.04027392279685772,0.10196301502427325
5.354244,-0.029494114157265744,-0.04363123087169617,0.07772005072495987
5.374114,0.022741770623363612,-0.04035374684637828,0.04116035783457861
5.394101,-0.001978788285203986,-0.04574525984658843,0.0734452631632361
5.414371,-0.023795595624723064,-0.04805315045115258,0.10541545482413098
5.434084,-0.0004661429233100846,-0.03192534371933262,0.11324503093632136
5.454202,0.006478693348231075,-0.02074736476151728,0.12696107864915218
5.47406,-0.006099656646191725,-0.029713696050773987,0.13383164394493782
5.494358,-0.008145698279515284,-0.03778764619567694,0.09852775258001459
5.514493,0.016391120228342316,-0.0402624777120967,0.06169162318498419
5.53456,0.030356217002489572,-0.026954795728579915,0.04623190312994363
5.554299,0.024570319175942816,-0.040149615425883564,0.012402321070103231
5.575089,0.0035409486262589747,-0.04173037770658766,0.04023150077178167
5.594511,0.018589680396924692,-0.023545903861969322,0.08112205065082911
5.614712,0.01737483017667337,-0.009830069610835443,0.062273724102393326
5.634773,0.0006537628517625328,-0.0213882768632546,0.04387884717731431
5.654678,0.0016687457203561728,-0.014376968626098382,0.10462936537225424
5.674606,-0.004403078437046526,-0.014930089464305962,0.10952013411486083
5.695089,-0.019168423750162686,-0.025531343965490623,0.08170436429927394
5.714853,-0.012927340452418607,-0.027332211780635517,0.12251974570929136
5.735212,-0.02038628221287401,-0.01939742913414608,0.14935294920570671
5.754859,-0.017786976756455828,-0.017082699287923282,0.10484243036290615
5.774997,0.013224449003829191,-0.015386339610484101,0.08825059914945073
5.795331,0.027845436397197932,-0.009430772196651224,0.10156336840535854
5.815384,0.009889117619587695,-0.019680679227840222,0.09308791204661329
5.835501,0.022790646082568,-0.02773385344460646,0.07618489796729644
5.855296,0.024158929434261737,-0.0292089059726007,0.06831917683272966
5.875387,0.013666935571796577,-0.02792111264255978,0.05933580169710194
5.895464,-0.015233697225078066,-0.027443055509093345,0.08168413743921787
5.915738,0.024018804042362313,-0.014119048019811602,0.07622402478131952
5.9354,0.04114136536002873,-0.0001353742605942815,0.04557274700668358
5.955572,0.031348375342928295,-0.01528467466068722,0.035410504953294286
5.97563,0.0006300398394873119,-0.018163208580730346,0.046701952699463964
5.996128,0.017206595529955793,-0.023964291252601265,0.05982610696739874
6.016343,-0.0009819726520366862,-0.018540167141038445,0.09245512010466285
6.035898,-0.0048481271170669445,-0.03459100732898743,0.10097106108176304
6.056064,0.018477401116982834,-0.016559309173604382,0.06507414469326273
6.075882,0.054939408342747485,-0.013505088586430663,0.040256814500625585
6.096239,0.03305447826450677,-0.003951365202452663,0.05576683825027218
6.116889,0.012263234582363313,-0.021262960312844824,0.06775244144895495
6.136266,0.02743632279722491,-0.009147547399331601,0.07671656759014164
6.155987,0.03181386583226011,-0.010016104252754583,0.08829511422266371
6.176275,0.00931581953284373,-0.024680332274401223,0.1032200437056697
6.196264,0.020031509297976032,-0.030999674945525624,0.10662092762585787
6.21676,0.04221537519208351,-0.020960720190767987,0.08546313613443665
6.236891,0.038440131731136314,-0.017195092972837882,0.09033689017078955
6.256613,0.04112110620365221,-0.009545764075146184,0.11089867818071637
6.276439,0.02592752759485783,0.0016102343022431158,0.12002862460332109
6.296875,0.02004003340927337,0.005613707480277836,0.11778178499913627
6.316795,0.001913044336967515,0.001635428452334256,0.12218759566300175
6.336767,-0.030242993151451347,-0.024899066658369225,0.09598673033765791
6.356609,-0.04647376027376281,-0.04087552026220544,0.08854730677753928
6.376912,-0.0004342990304430527,-0.03173512908908968,0.0450630267555883
6.39728,0.0065829395483698264,-0.021855257075597868,0.01401743813216102
6.417132,-0.011388739918794813,-0.017745331011580483,0.02346180504918318
6.436872,-0.03144023019494515,-0.010696904622697363,0.04701617829338143
6.457538,-0.00698333473502904,0.0054215771712008975,0.04154754366076532
6.4771,-0.002736236849130461,0.008078392038576718,0.03235416006115374
6.497629,-0.01510908513770084,-0.0145484131264494,-0.00594232548334798
6.517339,-0.038862733387284645,-0.027144089276878725,-0.011107847186782444
6.537583,-0.036006750408583144,-0.022884367139385003,0.04555498755751332
6.557372,-0.02875127477979226,-0.019387363151752084,0.08871477603284703
6.577419,-0.02758728411148978,-0.01887901017814094,0.10046201570661166
6.597751,-0.008258703136865542,-0.013031292506566946,0.12882206420019982
6.618091,0.004713843506462678,-0.005871444886895226,0.15303683845913582
6.637631,0.023389087311837517,0.003751709403467394,0.15072137803794333
6.657652,-0.005525292308286621,-0.004456263243561727,0.1491913697154735
6.677959,-0.009439177314878902,-0.018682813393637827,0.1477317129434808
6.698234,0.0032484188013821975,-0.017319386978759087,0.10557249100315924
6.71793,0.025724391065150613,-0.027378885826484105,0.04845636004162011
6.737915,0.010571460567602853,-0.036154766066794984,0.04043331564236781
6.757825,-0.018932324012701264,-0.04674843300066096,0.04035671955589843
6.777909,0.003521235754033619,-0.02514948644384867,0.04287304405150495
6.798743,0.041794849327124135,-0.0003550044358755472,0.05118549688172529
6.818697,0.041056175450182156,0.011395476216810637,0.05235114891187777
6.838284,0.03412240568226543,0.011191034985019737,0.04361819179255833
6.858013,0.038708078573910155,0.011205490105030814,0.04867797857802529
6.878142,0.022074514405799415,-0.0046668111412565445,0.1091644276512059
6.898992,0.013852073490754555,-0.019569110878220563,0.15245297374959277
6.91885,0.03621144599322181,-0.02459820652466104,0.11144690939985824
6.938533,0.04933211458370411,-0.027505441833517587,0.05143281598994413
6.958611,0.05160490578835051,-0.024371336681566963,0.06894010992415532
6.978493,0.0424743860537737,-0.013461173946040225,0.06711106164288405
6.998994,0.0213423360393612,-0.005612621474115925,0.04603357343084363
7.019188,0.00665692582908566,0.005601718278670833,0.07442159132938955
7.038807,-0.009571887209157243,0.0029702184374456155,0.1153113181021527
7.058917,-0.02799459174264344,0.005911149423883955,0.09405130978398077
7.07856,-0.029901502049223105,0.0005230693384397741,0.045285573435735235
7.099206,-0.04886468393898024,-0.015160216584087626,0.034356927876186855
7.119644,-0.05458867852587575,-0.02900769655202958,0.0393869865914595
7.139206,-0.054840777018590955,-0.021001467103992005,0.03609963418716787
7.158798,-0.033086985913281665,-0.029410958792024842,0.04119529084925368
7.179079,-0.04041110073908768,-0.028879830960231605,0.059949994012302034
7.199459,-0.01053804190300998,-0.016338626597657124,0.06885383592930935
7.219403,0.016650572215659958,-0.003513985086333704,0.06071183251328477
7.239509,0.04771699093664384,-0.004718041602184085,0.05428080921006776
7.259518,0.034187880548282285,-0.017973088872319905,0.07832038437816169
7.279531,0.06732023070575568,-0.007466659738593007,0.11458085984418243
7.300185,0.07859984521705947,0.003550226619808211,0.10499294619835235
7.319875,0.07393794901342118,0.014015372479569934,0.1035895429905501
7.340246,0.054257394004325,0.025378123764192035,0.1074115399870301
7.359711,0.07841791772010812,0.0433416672827245,0.07862545726835282
7.37987,0.04449899644655684,0.021512561477625355,0.040570824857231666
7.400117,-0.014235515603837675,-0.013312962420027686,0.06024204050820531
7.420237,-0.040268246213544835,-0.040701315477983245,0.09642249983437659
7.441016,-0.0323054400109592,-0.047751898295868865,0.1052733797846613
7.460236,-0.033754629946247255,-0.03433718696139457,0.10040454520231767
7.479868,-0.03137593384028624,-0.011122864044748645,0.11535894207074152
7.500474,0.01835410435022594,0.02621706465640914,0.10610924806206538
7.520111,0.02524259087620164,0.04932488548473278,0.0860410124065587
7.541397,0.0037403272101497465,0.038793872459937435,0.06768426273173232
7.560672,-0.020338519351418134,0.012284452567330118,0.060927147499252765
7.580271,-0.0512156378560225,-0.019030483526871027,0.05792249131159499
7.601007,-0.06600865424508547,-0.037617596810509746,0.07801178670741811
7.620691,-0.03478894791880681,-0.031512823382174,0.0735606271866316
7.640403,-0.011096174498292732,-0.013657891852220605,0.062019991041920575
7.660817,0.011807416317040905,0.009749865503919397,0.0880093162690652
7.68038,0.041679948576216465,0.020860689941275976,0.11862295472931232
7.701343,0.04142340947962261,0.017782742300623298,0.08788984739109791
7.721077,0.011968345145239045,-0.005427369819100021,0.07220431681060578
7.741147,0.027606592129196566,-0.0197699071828625,0.08569303292171493
7.7606,0.03436928852930836,-0.029014123511254142,0.07159684775003143
7.781432,0.035456531823748284,-0.017438546719034703,0.014899220225459277
7.80126,0.032306748137335466,-0.01598525726947562,0.014751648074457039
7.821262,0.05000104960824614,-0.004023283948784463,0.0569047882638784
7.841317,0.03967081956609618,0.008970079853235339,0.08997159708776964
7.861297,0.04235822187614864,0.015780127878517215,0.05491876529401831
7.881095,0.03314901591639818,0.0069592291505103186,0.044864244440224244
7.902018,0.027896219651291625,0.0075496030692061775,0.09172503319858509
7.921448,0.008624815885116023,0.009801505649537858,0.10416996381596347
7.941496,0.009973680393585803,0.004970093103862078,0.09450121600919698
7.961426,-0.005440741943219897,0.001197339430670657,0.10497853625646196
7.981449,-0.008483949184963258,-0.0005307397748045832,0.12877576652233733
8.002391,-0.027621446502068235,-0.011255311488646783,0.1211805216593432
8.021811,-0.03769332178034418,-0.029551290122258746,0.10060764392900153
8.041729,-0.03162216899522058,-0.026033585403480542,0.09085272079567615
8.061696,-0.02493992487793996,-0.025489571887594965,0.09321713833245929
8.08197,-0.0218194230594921,-0.018293761870281665,0.07604619713083656
8.102664,-0.014074657406333058,-0.007896073209857283,0.07079822142580516
8.121989,0.01274789249640652,0.014169549216052697,0.0784074437213266
8.142115,0.012919203503862081,0.023191563215974136,0.06851000065484056
8.162001,0.0069099602119592225,0.014385864640040958,0.052265302712048656
8.182146,0.005598965442579601,0.01344101023341758,0.04135553854301573
8.202132,0.03117602626285112,0.0158168909135074,0.0031355161337859776
8.222576,0.017198988725659038,-0.0016865496889110821,-0.005796893636972944
8.242128,0.0023238741869934395,-0.01782843690443888,0.017788007517971816
8.262335,0.02434263022469178,-0.0062408784829415635,0.036511559674642355
8.282072,0.03733913993114764,-0.011820493819467644,0.07691161061355302
8.302642,0.012231766050638582,-0.014308941964745244,0.13776645651506625
8.32246,0.01833732218704388,-0.022963931679925227,0.17991899945451834
8.342545,0.050749541534355826,-0.003080416974792927,0.17651852087116238
8.362607,0.05431929828965084,0.0023943824044393345,0.1447077650846253
8.382812,0.044353419231311496,0.016598621475885755,0.11866652228234564
8.402858,0.04798421506702254,0.024612853066268637,0.12517078605110815
8.422823,0.03190068225826618,0.040893799744069675,0.12633014900499148
8.443267,-0.013369153963699743,0.008388718802546056,0.12472225965200032
8.462926,-0.0275889815720744,0.005889719249714354,0.16345104092641724
8.482842,-0.015454823211850243,-0.002542482123861326,0.17363313172089143
8.503171,-0.027448611230642204,-0.017372694871215507,0.18718297052406063
8.52304,-0.03976742393466802,0.006859877886264673,0.13855969581862615
8.543306,0.009842669801756776,0.06340012869012665,0.0861702338611507
8.563043,-0.014042286833153044,0.06868295326735833,0.08707234424249953
8.583522,-0.04387942788602722,0.08859077067324776,0.08524536247552303
8.603011,-0.026916168504999283,0.09091011914215641,-0.015696098722655167
8.623672,-0.06026114601588702,0.016580605888271132,-0.03397599713968878
8.643352,-0.1852281527239253,-0.06992321344644052,0.07194787723519262
8.663947,-0.17459682605336696,-0.09445906482171883,0.16344744304472764
8.68348,-0.16205554628999183,-0.13549504596731976,0.25712185708776114
8.703758,-0.23946634114488638,-0.16217076736345526,0.42375245965179287
8.723547,-0.22839340709904965,-0.1335680432435346,0.5361826700422864
8.743849,-0.05137908079148177,-0.10597241619119072,0.4280295210531076
8.763888,-0.04298299394521231,-0.14951346423665224,0.32694937290274734
8.783878,-0.06612292919573791,-0.18073675035244932,0.3004748456964687
8.80392,0.03908064988422405,-0.19439396259925185,0.24439407205532854
8.824049,0.0882359414654525,-0.20195209998079638,0.15966960436482253
8.845154,0.015406211222355174,-0.23314599622410398,0.15319588586913108
8.864164,0.06163554310951889,-0.20081956920073604,0.17176912510152134
8.884548,0.0931091740288014,-0.17489485836646795,0.1933631961435988
8.904187,0.09461591563502507,-0.12488565662238556,0.16333356908749747
8.924264,0.1876741944258633,-0.05483066963432607,0.019745656071091067
8.944375,0.26156266221493685,0.01703562847682081,-0.09494022534441988
8.964364,0.23080267828786827,0.03523754326265123,-0.17170749380660558
8.984461,0.28967057600859053,0.07943130961180969,-0.2917621808849987
9.00432,0.29947936845886386,0.09394308400043413,-0.38956618741790056
9.024653,0.20270702332791152,0.0390175010971138,-0.2790787794195783
9.044451,0.13440149360809336,0.002801233734647926,-0.13667012229159284
9.064778,0.13465576277389862,0.000878187028372067,-0.11080076530985536
9.084616,0.06609877147079521,-0.037133067887002734,-0.10047650723246555
9.10529,0.019089146380115517,-0.07331664235838825,-0.04243882157692021
9.125034,0.026547311575025535,-0.077751323128885,-0.023643492377546968
9.144839,0.003063782752843196,-0.09135099580593035,-0.03725215885818155
9.164657,-0.007763096537836124,-0.10294129338341285,0.004470543157249496
9.185525,-0.004133457791735805,-0.09638909259938366,0.03333186821981038
9.204864,-0.016387579508577825,-0.10264909129336078,0.07584042015165579
9.225393,-0.040083749956622984,-0.1063014427676127,0.13333425952144817
9.245126,-0.057341221836134784,-0.10364012713599642,0.18419722365484958
9.265326,-0.06315896039192939,-0.10036581040662447,0.1908099373057673
9.284845,-0.035095411562914645,-0.08276713269185822,0.1437243088730813
9.305426,-0.030368323948149183,-0.08304923782000137,0.09741336655138674
9.325711,-0.04367711609464365,-0.08003529098298834,0.13523812011183436
9.345702,-0.03157936788438083,-0.075390892549901,0.1845896055494438
9.365524,0.005676015135481388,-0.06049402920220085,0.13954623468996624
9.3857,-0.037353571865406776,-0.08324169720019299,0.17313324057822782
9.405491,-0.042251438596074574,-0.09534376440651013,0.24838653304648123
9.42578,0.000887684048636489,-0.08073066945682612,0.2085199140143398
9.446524,0.01802483088935623,-0.07806072769257062,0.09044725838140902
9.466016,-0.033009000565305445,-0.1196301812475106,0.12256046073485072
9.48569,0.0010302663377910915,-0.12176008822777237,0.18897390272582934
9.505975,0.05100925602936916,-0.08018133222022415,0.056412069556798936
9.525827,0.01538543678897073,-0.09994562947576924,-0.12213497198389586
9.546311,0.009783870568681033,-0.11456985667664354,0.001989584144212797
9.565985,0.020816236139770412,-0.07557156822365949,0.10000566444334491
9.585884,0.049127406041997834,-0.060041710761105795,-0.030135897002156797
9.606133,0.02532415448680007,-0.06961791346701321,-0.08860234967224768
9.626375,0.03277068716051647,-0.06667382106666667,0.030325410386700065
9.646305,0.02517710652203219,-0.05637354227660106,0.03417545993275613
9.66648,0.08495546750795417,-0.03140604137509721,-0.02647128644724971
9.686373,0.06356185778448975,-0.0030315525512255802,-0.04532950003623104
9.706353,0.025780658857016504,-0.013412529888216642,-0.010099799993335911
9.72646,0.034673066957386436,-0.013907212067208801,-0.001242751970512812
9.746736,0.04189280804153628,-0.003602632544685962,-0.027441254406896286
9.766833,-0.04435108702747113,-0.05443711338656504,-0.0611327542229209
9.786611,-0.08357991346108376,-0.10709083325657573,0.005902085300261396
9.8065,-0.03557988677250871,-0.09653470510508558,0.06974180811057337
9.826902,-0.034531898335196785,-0.0773670590942577,0.053054008737038263
9.846405,-0.06211341107184516,-0.10076482723462318,0.05667779387550591
9.866787,-0.03599438264957733,-0.07966280749288798,0.1398077727602313
9.886704,0.007583940777109074,-0.04842339834896563,0.16786752052219775
9.90696,-0.005342567840213965,-0.04534028879826434,0.15275867820739034
9.926899,-0.026932490725543747,-0.07121739420583557,0.17388731210829173
9.947115,-0.024495589544804047,-0.07228307145655458,0.1461645005812254
9.966938,-0.004959958591560326,-0.07888233420318616,0.08595906083161887
9.987506,0.01289417248124563,-0.060184621385757364,0.07069715631642019
10.007081,0.028298230880933813,-0.04444203244665027,0.06104092671330499
10.02761,0.03151430866444525,-0.030408772299105758,0.03947489976329517
10.047222,0.02722946794833033,-0.022290306295971347,0.07916786541244246
10.067472,0.023007303308139014,-0.017087946789043386,0.1170717238326446
10.087408,0.03109309724191587,-0.026345002881743046,0.11311106140111489
10.107565,0.016752951158404108,-0.03310643015628891,0.10952094326545488
10.127433,0.02580136305115625,-0.03006254385176897,0.10492859702019357
10.147643,0.04554003099156985,-0.0012346274867207855,0.07674353956125865
10.167591,0.034373810382914725,0.013158861580919015,0.04057882358226936
10.187621,-0.010952757943536007,0.004267915505760835,0.044196684142527635
10.207995,0.0033997234813420317,0.004927647432740654,0.038041659254498164
10.22756,0.0034325048785440334,0.005212436185035455,0.030879106776474013
10.247793,-0.027424056626388825,-0.027360413957368164,0.02255810096242919
10.267903,-0.029606701806500622,-0.04294752903594926,0.053712780371861446
10.287836,-0.033859409318853145,-0.04690722575401128,0.08257809995992915
10.307897,-0.032468682489486346,-0.05150592579004816,0.10619349398637426
10.32799,-0.008300101668071127,-0.02609616333335828,0.11347958957883213
10.348016,0.018106875037160533,-0.0075649097792506005,0.09025904716469377
10.368282,-0.01840029235951685,-0.0279818733938082,0.09750144867090244
10.3882,-0.01900597969449313,-0.0407686977738459,0.10425655676483843
10.408067,0.006326169740116977,-0.027180029130863682,0.09842533313814521
10.429118,-0.008972275247321984,-0.0414826840357439,0.09531689261620281
10.448235,-0.023513182702319824,-0.05115377731260336,0.10764619066162695
10.468712,-0.0017767535800663425,-0.03495587303051466,0.05828943130556211
10.48829,0.03353294392355062,-0.01792137371728182,0.024675309651721312
10.50833,0.022993406438405133,-0.02103066188453452,0.07802577120165097
10.52853,0.015494336514136753,-0.026524727685904182,0.11422427604886558
10.548696,0.05349067433775675,-0.012745183098228401,0.09855909241249129
10.568791,0.0804853148188869,-0.008244760799101521,0.09696442143958342
10.588636,0.05360780024613435,-0.022683827639223265,0.10819885656351921
10.608719,0.046134519712018734,-0.028067033317546463,0.09660498960800254
10.629221,0.07546748493956627,-0.011633296824859583,0.08067036459546618
10.649434,0.043761902864614254,-0.018826171303642225,0.07301193383441412
10.669118,0.01253275218882352,-0.039320429643597464,0.056697387473016184
10.688911,-0.01554690609012736,-0.052828419289834484,0.07416916797508709
10.709299,-0.04404888207571824,-0.0841472532478531,0.10459460632865525
10.729232,-0.052545007951244116,-0.09337023067644068,0.13052635240808846
10.749433,0.013545802967972897,-0.044363786228947245,0.09235455444620257
10.769353,0.03668406063628387,-0.006098875628137506,0.06979989658767136
10.789457,0.019919032513539974,0.009953709800605353,0.07554464372486575
10.809147,-0.004358516225141049,0.011961174034532392,0.07560048651912862
10.829889,0.005204847072932772,0.015256087358140191,0.04348205172301609
10.849352,-0.025538339180990067,-0.01915388660927973,0.048526815646651365
10.870345,-0.025792119848874685,-0.03669541833174021,0.07923677777751545
10.889521,-0.0018037929707324664,-0.03028184452447121,0.10504367721883123
10.909748,0.030886527810279528,-0.016390852799685832,0.10346392715654314
10.929755,0.027902723910616954,-0.013704449660503793,0.11214900170227467
10.950064,0.031276776904858514,-0.012065812880457872,0.14201720862556713
10.969769,0.03163769016907379,-0.00901122679724481,0.14718966747241416
10.989859,0.05051220445881721,-0.010464358517322312,0.12776283518718215
11.009775,0.042801344895181954,-0.01042593477845387,0.08868224993032738
11.030283,0.05230766364729204,-0.014972690271112348,0.055459678114530606
11.050249,0.04115049897374746,0.005850580698739771,0.0187746225029627
11.070083,0.05818819316838837,0.02612157061332221,-0.01659375445937176
11.090501,0.13151256727420702,0.09573148340609705,-0.13163027781090728
11.110328,0.17458557949203563,0.12922943573900392,-0.2613215751197725
11.130641,0.16125115594022754,0.1532196826930909,-0.3577982871815948
11.150605,0.157877499183396,0.13525876177302035,-0.3185350617293072
11.170703,0.18727252540037093,0.15649757054939833,-0.20755797846660512
11.190493,0.15645451502632038,0.1255335982217109,-0.10466862737216269
11.21044,0.13094720900460713,0.1111649070447633,-0.061947231473209706
11.230928,0.12354147407695466,0.09836282220241102,-0.017430553597212805
11.250613,0.1788446401556702,0.13472832986244962,-0.06519212847448377
11.270787,0.21562240978243477,0.15897682881304248,-0.0879217052619961
11.290706,0.20023222082962233,0.17477309693786638,-0.044952778626285925
11.311264,0.15195814707572217,0.134650956946201,0.03439478050675819
11.331217,0.17777874693437035,0.1558321490082615,0.06946479816298881
11.351189,0.18574304869553346,0.1426221981741848,0.148319118992833
11.37112,0.17336493980386675,0.13379577103792661,0.18518024265512945
11.391,0.17225158584075054,0.10739144531298292,0.16248669413902586
11.410879,0.1944678607591907,0.13318270184101155,0.12505810883815224
11.431831,0.20650032292394677,0.132507483078239,0.14128546726475968
11.451718,0.2679886702927382,0.19433884757284428,0.1498981013911695
11.471423,0.3039941445147953,0.21819579634183867,0.20044731040090685
11.491046,0.35400854917656077,0.2697414891073423,0.2934897592685949
11.511419,0.4003674165031047,0.27728427522672927,0.3424873275645907
11.531817,0.3540100339024378,0.25692355006633416,0.37622038951540365
11.551943,0.34109005102361245,0.2125979591894624,0.3955618424467654
11.571486,0.4176513874286405,0.24498441609639335,0.3407029196558251
11.591591,0.47428466021060556,0.21366488994425464,0.3002632577323854
11.611338,0.48881592460643863,0.23682748166691966,0.36490047437129214
11.632366,0.5766713705371207,0.2786224764683533,0.40255026419806644
11.651689,0.60193645217152,0.30725173140919626,0.3981536319167101
11.671759,0.5115566722277535,0.24624682996358166,0.3487382290440091
11.691704,0.44266008571379817,0.22479303654841262,0.3115588779699194
11.711781,0.49800344233474725,0.23297453228754844,0.2751121928750041
11.732622,0.5568640379015928,0.2667441898537021,0.26026591747633454
11.752543,0.5525242147710269,0.2610196436219827,0.2578746261495165
11.773189,0.56990601638799,0.27645271707979113,0.26774169793997576
11.792038,0.5785593992422479,0.2922241366652287,0.21087692074772613
11.811968,0.5275683969906669,0.2778196084068479,0.1747712054475708
11.833127,0.4548950565574864,0.2216618781928945,0.1613700051851054
11.852225,0.4524853406210747,0.21841349717368744,0.17864606827962665
11.873425,0.4782916851242473,0.24709723568720277,0.19538729036946156
11.892117,0.4588057394106945,0.22282981436315893,0.21711733512838363
11.912374,0.4194130966955659,0.2077293430195984,0.20130960509250775
11.932369,0.3984870685911926,0.19828988460211522,0.206016994713758
11.952413,0.38391009735755977,0.19176847174860495,0.1881911032803198
11.972862,0.380860787853684,0.1712609703323725,0.13934427843098326
11.993617,0.38621268436750317,0.18421067770151006,0.1307934721730241
12.012478,0.39538058354952044,0.18898540895374966,0.1780087704064687
12.032939,0.4054178775891602,0.1804753750701555,0.1767450199292859
12.052732,0.4009370230457371,0.1676230275379223,0.13672546050000983
12.073009,0.3380044686441156,0.13041906915725146,0.12182206788730661
12.092609,0.2906780244382598,0.09836071530636889,0.12258929816912378
12.112828,0.30093473072625476,0.09693761742272884,0.1276605946783618
12.132806,0.3298604654273004,0.10538817255739927,0.14258115267429114
12.153243,0.30877086972631573,0.09781779649114698,0.1406498518819031
12.173175,0.2742050026988476,0.0681911353672712,0.12434524677047734
12.193633,0.2634923382686075,0.0638817442163151,0.12182123226206647
12.213112,0.27450554856247167,0.06541411254009084,0.1270678094913637
12.23331,0.28700387726723176,0.06389615617978225,0.11185238163889819
12.253305,0.2748699747569489,0.062124446197379425,0.13118901517025766
12.273669,0.2739589173202267,0.06834288249709411,0.15989593963631804
12.293186,0.28964589539151503,0.08258844359247186,0.1652822459930099
12.31344,0.29018991194729515,0.07672857404716689,0.15509010062362086
12.333416,0.26167113548259613,0.08207261644226631,0.18128840104772684
12.353744,0.2410268763656919,0.06999772212566399,0.16503373968418017
12.373816,0.22734761967291411,0.06589343195116212,0.1801425938640626
12.393706,0.20025550372167547,0.07290766016831227,0.2336479477921432
12.414099,0.17711376226003034,0.07701873703707154,0.2716006780478728
12.433936,0.18820032063886266,0.10636829907399395,0.3424987209851671
12.453774,0.2142421805238735,0.15045243754252532,0.5131738667313029
12.474047,0.2725512300679783,0.2161345464251358,0.7142163935803965
12.493763,0.3534797600365829,0.28310310371765623,0.8699013819806183
12.513928,0.4456698591713151,0.37936667423902654,1.1230116424917973
12.533913,0.44037208318264814,0.4296206816870843,1.3185909566841143
12.554347,0.3433284128306111,0.41462958724850935,1.5167630817878535
12.574212,0.3008748179354454,0.409733523332655,1.7825159791633998
12.594376,0.3938620142577839,0.38960134545084524,2.100080847210426
12.614114,0.39582105370548415,0.30215078238170584,2.3121086194041593
12.634764,0.22053490075224952,0.15193186078135218,2.37431671949197
12.65425,-0.007962453416879844,0.04898025062789757,2.1999782494598756
12.674495,-0.2471599643398029,0.055892491874063574,1.8081719582638756
12.694297,-0.576929035774873,0.10862484098241473,1.362400217592826
12.714457,-0.8189597916229749,0.13663657290688197,1.0897040526074908
12.734467,-0.9032585908377389,0.10209998614554938,1.0643969093858778
12.754728,-0.91217853804385,0.08614866034649296,1.1989924893300472
12.774714,-0.8543325937942395,-0.00597231352255366,1.294968007051794
12.794702,-0.7371467402398856,-0.07427529643806224,1.2504233989180382
12.814364,-0.7451958437553173,-0.14754862222699203,1.032785604934847
12.83493,-0.7399188489578067,-0.20762991416050453,0.7265956753122808
12.854892,-0.7088842071855598,-0.30499112383151017,0.3575135118861709
12.875073,-0.6098933005848662,-0.34448644614153545,-0.014366517937352464
12.894813,-0.49100879962778343,-0.3945125563890258,-0.38259586563006887
12.914952,-0.21460479098352928,-0.398199418166981,-0.7133224909056797
12.934794,0.13086646231962526,-0.15863995588832233,-0.9552605298889425
12.955078,0.3700423493397469,0.04087078624938641,-1.1699137421095327
12.975558,0.26385703541578737,0.049883459432078246,-1.2767371115308759
12.994852,0.2699245927798276,-0.03687554762000128,-1.2600196273784814
13.015412,0.4963039611491406,-0.13123729660142625,-0.8193115151174432
13.035241,0.5597568025765087,-0.31990896509988503,-0.30305615088783144
13.055346,0.6306964039317553,-0.29058493876536484,0.32505930410319606
13.075956,0.7927058343360598,-0.21333312491473486,1.0858847615965512
13.095461,0.6173295529123586,-0.2033841007710274,1.9572430536521401
13.115569,-0.013825043071138276,0.24268500212735233,1.8756778964474292
13.135486,0.7793100556512386,-0.692081691866352,1.816603747488879
13.155734,1.1087418500914292,0.117856597626671,1.863682535057923
13.175747,1.203956866333282,-0.09479813096276674,1.4827353289475926
13.196029,1.0396393245193054,0.07131592788850133,0.7591153945766842
13.215705,1.4687242594791545,-0.2954625333770597,0.7518545499782371
13.235774,0.4280250977520019,0.7100859151209769,0.4867405264105072
13.255739,0.0815936086663361,-0.18958606205662995,0.19757321148017015
13.27622,-0.013263447171614418,0.08437091497297193,-0.008399399146621866
13.296153,0.28884073312707076,0.04739211529680189,0.384982699236102
13.315893,0.26967719749693353,0.04715515551161124,0.3667394334448204
13.335972,-0.08031896747817875,0.18979790434021235,0.04690048431446421
13.356312,-0.11165055733565002,0.22515622944415128,0.09430110609987705
13.377249,-0.016282898031069238,0.13985110048888622,0.11749723868144066
13.396056,-0.08042383401233763,0.11506264039711281,-0.08609574115412252
13.415993,-0.22481081018927024,0.1784994670112426,-0.1189982237108694
13.436187,0.1429158110449735,0.07369540226830221,0.2271656903920615
13.456122,0.110477835043992,0.08204126048472454,0.04504707223277753
13.47652,0.012457927418467284,0.10069695848340936,0.1209901382035294
13.496274,0.04493273896736975,0.09855897955775896,0.08607634010105722
13.516793,0.0432843036627019,0.0977711376602223,0.09030345432514361
13.536374,0.046304924822135066,0.09292586412841755,0.0904840351812463
13.55662,0.044120351517821246,0.08812381747701378,0.09135105830789983
13.57677,0.044013003747526785,0.0875140371841018,0.09558426426721658
13.596644,0.036664829522259704,0.0837686823792976,0.09622960979892055
13.616663,0.03788948719374559,0.07562665044487751,0.09935299544636526
13.636888,0.037394889497711706,0.07354347965227848,0.10359350443877587
13.657312,0.035723067031605764,0.07362896122076548,0.10265151775115262
13.677509,0.0335120189447825,0.06862817992742162,0.09925832495973907
13.69677,0.033218781855471946,0.06254710042103151,0.1000949455730438
13.717005,0.030807709723707565,0.06360879524986475,0.09632585070101059
13.737357,0.030396928820254104,0.061498278848691315,0.09435144680966297
13.757146,0.02673894680046558,0.060267825791255114,0.09972038103901426
13.777541,0.02797552376259742,0.05427211398185393,0.09956805163873697
13.797257,0.030059823363039407,0.056934486767834816,0.09854387581787442
13.817402,0.027952685068011685,0.05418183128194217,0.10241315944818823
13.837505,0.027419183298468125,0.04529089041822314,0.10470133106288657
13.857323,0.028819739402146587,0.043525248362830435,0.10508931657516521
13.877743,0.021926761404243524,0.04378068813958545,0.10967364000429705
13.897454,0.016848625831776085,0.039457259584530335,0.1098120203318792
13.917687,0.013288531938151205,0.037437208477756126,0.10848640341299495
13.937486,0.012147654524148704,0.03943032880999383,0.10664025924839601
13.958408,0.012240349548404524,0.037916188930961894,0.10613460419248313
13.977857,0.016853807035655186,0.03985626295194633,0.10404806198863732
13.997957,0.017351962135195645,0.04069511096842967,0.10355208341621061
14.017542,0.018221381912101185,0.04150190599676111,0.10160021156567993
14.037915,0.015631948804079965,0.04210246664653671,0.0993090051957011
14.057815,0.010082564461827025,0.03977547085630877,0.098064993096122
14.07824,0.009033479287020304,0.036539742536596316,0.09903056510797612
14.097951,0.011957147414541744,0.03552727019130977,0.10177720032264537
14.118341,0.011970259670245063,0.0326769896596983,0.10413974239089215
14.137981,0.011374679826099925,0.031578252080001395,0.10654788134714892
14.158612,0.015086752910211543,0.03318130904153743,0.10593320450442785
14.178712,0.014896476472858106,0.03756655868653215,0.10502750844809043
14.198358,0.013899774017500362,0.03280352642346017,0.10501453773532599
14.218316,0.015908630303343604,0.03269426864810747,0.10732586320801432
14.238387,0.014913119690327404,0.03363335881200785,0.10497555102323086
14.258542,0.019963727950928864,0.029789443604157518,0.10759442073141509
14.278864,0.019009904537618704,0.02580783313783445,0.10806121951829754
14.29851,0.016460134753504503,0.026490616266250593,0.10720667445003396
14.318671,0.015339817981109222,0.027034704068312078,0.10437661856494415
14.338428,0.017085551394589744,0.023567187422011693,0.10665978060383552
14.358744,0.012258302850622084,0.024944075692919673,0.10351442181219066
14.378807,0.010574177596950566,0.026649987012106795,0.10407601059242062
14.399388,0.010331312177871624,0.028133191086172314,0.10505577525616797
14.41876,0.006168034478016064,0.027553674667813156,0.10473673470683695
14.438803,0.004902426395552264,0.02647596973380669,0.10573181981511504
14.459313,0.005868935817245365,0.025572956603642553,0.11047369028869265
14.479373,0.007460288870945885,0.024025130783215654,0.11038962049287124
14.499172,0.008944145448936784,0.024085683319816253,0.11128581499163874
14.519168,0.015769479936488466,0.023916365276308613,0.11291615309248929
14.538803,0.015575651288444325,0.026115332701518813,0.111983029302857
14.559495,0.013262837768213446,0.026085682073621393,0.10727908791729628
14.579557,0.013618557835115985,0.021055412286044135,0.10816639265793448
14.599411,0.011310854010717944,0.020388963009667915,0.10633218176014865
14.619661,0.008969308541911485,0.018804888065518673,0.10688804868468076
14.639502,0.008524316369067845,0.018869398550707153,0.10786476566036349
14.659725,0.012428253914610143,0.015723009981683356,0.11198340913546005
14.680255,0.009856580726868684,0.017386029919093476,0.11258568515915705
14.699548,0.013417030812388464,0.014862051222973915,0.11768220926041048
14.719633,0.013144430305887944,0.013744187709012872,0.11815883180947603
14.739626,0.012404711812740003,0.013139902119413713,0.11674287238010446
14.760028,0.009864544755406325,0.011442437982592831,0.11299440497553229
14.781132,0.010733836198804223,0.010563401487341533,0.11534496162691528
14.80005,0.007765227557868325,0.010537290254825093,0.11259637910027602
14.819963,0.006551828264930124,0.007176592844780854,0.11022071955070803
14.840445,0.005400263449820664,0.008737657249708994,0.1083695718094652
14.860183,0.001617487103476764,0.010862349781938094,0.10951146639233893
14.880777,0.004944244523671124,0.013422100351342494,0.1050868284126277
14.900391,0.005256683641729244,0.015178727890703476,0.10269709863038512
14.920478,0.0024830510289823244,0.018053742670998314,0.1033206571365397
14.940108,0.007960690921283705,0.014829935495207955,0.10785773622632353
14.960589,0.05529111668759814,0.027793039237573237,0.22248481934844583
14.980666,-8.873744786467297e-05,0.026465934195492858,0.03500787006176791
15.000937,0.003874592449839326,0.03404323103509636,0.023480236965608324
15.020602,-0.0043589298185622545,0.041075928216512354,0.04912779092310333
15.040738,0.019487438213931466,0.03689161231298339,0.06227095704511672
15.061494,-0.037262240358561835,0.03198495165666289,-0.05086260036332112
15.081586,0.01684343618630532,0.03580487159748466,0.14442153990494372
15.100879,0.012795120065666661,0.030396952552577253,0.1772776720738574
