time_seconds,acc_x,acc_y,acc_z,gyro_x,gyro_y,gyro_z,quat_w,quat_x,quat_y,quat_z
0.019504,2.305616,8.439561,3.306392,0.000000,0.000000,0.000000,1.00000000,0.00000000,0.00000000,0.00000000
0.024202,2.518700,8.355764,3.292027,0.111788,-0.097738,0.054367,1.00000000,0.00000000,0.00000000,0.00000000
0.039519,3.174711,8.394072,3.409343,0.014050,-0.064141,0.084910,1.00000000,0.00000000,0.00000000,0.00000000
0.059027,3.318364,8.353370,3.679888,-0.018937,-0.054978,0.039706,0.80946261,0.55875909,-0.10109936,0.14945775
0.078503,3.213019,8.458714,3.713407,-0.015272,0.000611,-0.003665,0.82512969,0.52645540,-0.20491053,-0.00418383
0.098170,3.102885,8.540117,3.610456,-0.017104,0.020159,-0.022602,0.82665014,0.52554774,-0.20112000,-0.00018306
0.118543,3.035848,8.535329,3.636792,-0.039706,0.015882,-0.015882,0.82687163,0.52646023,-0.19779246,0.00102979
0.138369,3.002329,8.518570,3.833117,-0.057421,-0.028100,-0.007330,0.82726157,0.52469617,-0.20066433,-0.00813234
0.158983,3.043030,8.513782,4.072537,-0.037874,-0.052534,0.017104,0.82864773,0.51811171,-0.20999841,-0.02835470
0.178772,3.107674,8.429984,4.137180,0.001833,-0.006720,0.014661,0.83086401,0.50989026,-0.21807627,-0.04603902
0.198839,2.990358,8.439561,3.976769,0.047037,0.022602,0.021991,0.83323634,0.50398713,-0.22114827,-0.05298705
0.218900,2.987964,8.420407,3.785233,0.055589,0.023824,0.047647,0.83388686,0.50197464,-0.22208446,-0.05772929
0.239016,3.203442,8.449138,3.770868,0.053756,-0.009774,0.064141,0.83374655,0.50494736,-0.21749246,-0.05091130
0.259049,3.253720,8.398860,3.830723,0.040928,0.034819,0.038485,0.83292657,0.50526482,-0.22000758,-0.05037362
0.279679,3.380613,8.281544,3.715801,0.071471,-0.031154,0.040317,0.83228594,0.50197428,-0.22777283,-0.05866522
0.299294,3.150769,8.465898,3.541024,0.059865,-0.003665,0.015882,0.83192855,0.50231206,-0.22956958,-0.05362253
0.319242,3.224990,8.358158,3.473987,0.007330,0.016493,0.032987,0.82981920,0.50528616,-0.23043281,-0.05465035
0.339171,3.234566,8.418014,3.591303,-0.014050,0.006720,0.021991,0.83043063,0.50819445,-0.22407372,-0.04375540
0.359780,3.301604,8.432379,3.780444,-0.025656,0.034208,0.020159,0.83048350,0.50815654,-0.22404224,-0.04335016
0.379354,3.421314,8.425196,3.950433,0.010385,0.015882,0.001222,0.83069360,0.50808114,-0.22358780,-0.04254684
0.399492,3.313575,8.444349,3.833117,0.045815,0.040928,-0.015272,0.83071905,0.50834459,-0.22306941,-0.04161448
0.419252,3.390190,8.398860,3.605668,0.073304,0.004276,-0.010996,0.83059919,0.50875342,-0.22265856,-0.04120704
0.439625,3.438074,8.537724,3.426103,0.053756,-0.032376,-0.012217,0.83023429,0.50937134,-0.22267263,-0.04085139
0.459704,3.442862,8.468291,3.538630,-0.000611,-0.017104,-0.051924,0.82977682,0.50991964,-0.22315010,-0.04069919
0.480025,3.227384,8.339005,3.641581,-0.012828,0.030543,-0.090408,0.82955503,0.51018876,-0.22335388,-0.04073082
0.500253,2.964022,8.216900,3.488352,-0.029322,0.080023,-0.091630,0.82956356,0.51048416,-0.22265767,-0.04066740
0.520000,3.026271,8.315063,3.648763,-0.058643,0.025656,-0.049480,0.82980484,0.51076090,-0.22119622,-0.04024465
0.539647,3.359065,8.252813,3.763685,-0.034208,-0.018937,-0.045815,0.83011007,0.51053357,-0.22056469,-0.04029999
0.560247,3.325546,8.353370,3.749320,-0.034208,0.038485,-0.095906,0.83021986,0.51045072,-0.22033408,-0.04035073
0.579919,2.959233,8.307879,3.612850,-0.045815,0.045204,-0.124617,0.83045757,0.51054871,-0.21925074,-0.04011697
0.600047,2.868254,8.408437,3.588908,-0.090408,0.039095,-0.100793,0.83074200,0.51059479,-0.21799944,-0.04046186
0.619793,2.954445,8.458714,3.727772,-0.103236,0.035430,-0.078191,0.83124310,0.51028872,-0.21676587,-0.04065860
0.640071,3.014300,8.489840,3.948039,-0.103847,0.026878,-0.071471,0.83178020,0.50971061,-0.21595697,-0.04122534
0.660458,3.124433,8.525752,3.960010,-0.082467,0.069639,-0.078191,0.83232743,0.50902295,-0.21533261,-0.04193674
0.680539,3.155558,8.547300,3.945644,-0.054367,0.111177,-0.105680,0.83285981,0.50850719,-0.21437776,-0.04251198
0.700175,3.038242,8.487445,4.007894,-0.015272,0.084299,-0.116675,0.83329749,0.50817060,-0.21326962,-0.04352143
0.720824,2.861071,8.499416,3.869030,0.026878,0.069028,-0.097738,0.83351070,0.50825989,-0.21207748,-0.04421423
0.740352,2.825158,8.542512,3.672705,0.018937,0.059865,-0.076969,0.83348209,0.50869983,-0.21103987,-0.04465864
0.760819,2.880225,8.492233,3.718195,-0.003054,0.007330,-0.054367,0.83346605,0.50903475,-0.21020992,-0.04505413
0.780709,2.942474,8.508993,3.873818,-0.012828,-0.006720,-0.042761,0.83345485,0.50918818,-0.20980796,-0.04539729
0.800475,2.959233,8.477868,3.957615,-0.000611,0.028711,-0.056200,0.83347720,0.50918686,-0.20963171,-0.04581641
0.820665,2.949656,8.504205,3.950433,0.025045,0.030543,-0.065973,0.83354080,0.50943154,-0.20881549,-0.04566757
0.840900,2.746149,8.549694,3.914520,0.043371,0.008552,-0.067806,0.83357644,0.51034623,-0.20684381,-0.04373556
0.861094,2.762909,8.418014,3.842694,0.061697,0.040317,-0.050702,0.83344555,0.51122355,-0.20543769,-0.04259585
0.880796,2.791639,8.420407,3.687071,0.063530,0.018326,-0.042150,0.83329505,0.51219386,-0.20390436,-0.04122989
0.900932,2.889802,8.482656,3.600879,0.029322,0.031154,-0.038485,0.83306277,0.51313496,-0.20271835,-0.04005344
0.921063,3.023877,8.432379,3.471592,-0.029932,0.092852,-0.076358,0.83296400,0.51354855,-0.20210668,-0.03989727
0.941355,2.870648,8.530540,3.701436,-0.095906,0.081856,-0.102625,0.83317798,0.51365083,-0.20095609,-0.03992619
0.961227,2.688689,8.439561,3.904943,-0.091019,0.081245,-0.097128,0.83367306,0.51339030,-0.19955423,-0.03997407
0.981014,2.679112,8.408437,3.828329,-0.061087,0.072693,-0.063530,0.83420640,0.51293355,-0.19838621,-0.04051831
1.001414,2.877831,8.449138,3.574543,-0.082467,0.112399,-0.067806,0.83460736,0.51264387,-0.19740458,-0.04072346
1.020894,2.961627,8.494628,3.734955,-0.150884,0.136834,-0.130114,0.83509308,0.51239169,-0.19604175,-0.04052098
1.041316,2.636016,8.434772,4.115633,-0.163712,0.116675,-0.147829,0.83582211,0.51174414,-0.19452243,-0.04099312
1.061260,2.444480,8.384495,4.141969,-0.105069,0.089186,-0.097738,0.83674741,0.51081103,-0.19281724,-0.04180247
1.081562,2.449268,8.379706,3.988740,-0.069028,0.038485,-0.032376,0.83741003,0.51014638,-0.19156107,-0.04242115
1.101316,2.504335,8.377312,3.948039,-0.057421,-0.014050,0.017715,0.83781296,0.50961053,-0.19113456,-0.04282643
1.121519,2.616863,8.470686,4.201824,-0.065973,-0.037263,0.028100,0.83808237,0.50909799,-0.19129005,-0.04295969
1.141454,2.652776,8.367735,4.247314,-0.017715,-0.009163,0.026878,0.83839297,0.50845963,-0.19159728,-0.04308707
1.162623,2.592921,8.415619,4.005499,0.016493,-0.001222,0.028711,0.83863223,0.50837839,-0.19101268,-0.04197238
1.181554,2.588132,8.420407,3.971981,0.003665,-0.025045,0.040928,0.83872181,0.50878668,-0.18995160,-0.04000474
1.201809,2.628834,8.499416,4.077325,-0.000611,-0.055589,0.061697,0.83880436,0.50906813,-0.18920650,-0.03818117
1.221686,2.770091,8.506598,4.103662,0.002443,-0.039095,0.065973,0.83881241,0.50899923,-0.18948667,-0.03752851
1.241835,2.755726,8.485051,4.027047,0.009163,-0.015272,0.039095,0.83881801,0.50887424,-0.18989460,-0.03703284
1.261915,2.722207,8.494628,3.950433,-0.001833,0.003054,0.035430,0.83880186,0.50887984,-0.19003093,-0.03662029
1.282155,2.782062,8.508993,4.094085,-0.004276,-0.021380,0.035430,0.83884966,0.50883389,-0.19002987,-0.03616919
1.301881,2.892196,8.499416,4.187459,0.014661,-0.010996,0.029932,0.83888078,0.50882041,-0.19005062,-0.03552084
1.322030,2.719813,8.465898,4.000711,0.041539,0.006720,0.010996,0.83888131,0.50884759,-0.19006948,-0.03501039
1.341766,2.762909,8.489840,3.830723,0.030543,-0.018326,0.026267,0.83871561,0.50916374,-0.19000612,-0.03472929
1.362681,2.820370,8.520964,3.991134,-0.001833,-0.017104,0.015882,0.83854675,0.50943434,-0.19011453,-0.03424232
1.382550,2.719813,8.437167,4.015076,0.003054,0.022602,-0.007941,0.83856654,0.50959772,-0.18976404,-0.03325566
1.402315,2.676718,8.444349,4.012682,0.013439,-0.004887,0.012828,0.83863068,0.50986731,-0.18893321,-0.03222129
1.422201,2.640805,8.477868,4.070143,0.029932,-0.015882,0.020159,0.83858752,0.51009679,-0.18862994,-0.03148027
1.442222,2.870648,8.379706,3.895366,0.034208,0.009163,0.023213,0.83843857,0.51029092,-0.18878713,-0.03135876
1.462659,2.715025,8.386889,3.854665,0.012828,-0.004887,0.005498,0.83829957,0.51057416,-0.18871880,-0.03087152
1.482903,2.734178,8.370130,3.924097,-0.006720,0.025045,0.006720,0.83822984,0.51069987,-0.18871227,-0.03072493
1.502490,2.743755,8.429984,4.003105,-0.014661,0.011606,0.013439,0.83835059,0.51088190,-0.18787770,-0.02949427
1.522395,2.770091,8.444349,4.113238,0.017715,-0.040928,0.036652,0.83850199,0.51106042,-0.18695724,-0.02790690
1.542577,2.803610,8.468291,3.993528,0.026878,-0.002443,0.039706,0.83837324,0.51117593,-0.18728146,-0.02748054
1.562633,2.925714,8.449138,3.909731,0.031765,-0.042150,0.036041,0.83826315,0.51134998,-0.18737903,-0.02693172
1.582680,2.770091,8.468291,3.900155,0.015882,-0.016493,0.015882,0.83803189,0.51151752,-0.18796726,-0.02684789
1.603135,2.861071,8.429984,3.964798,0.007941,-0.018326,0.018326,0.83792365,0.51161736,-0.18818931,-0.02676550
1.622812,2.880225,8.449138,4.012682,0.019548,-0.032987,0.017715,0.83785087,0.51161915,-0.18850414,-0.02679496
1.642685,3.038242,8.485051,4.007894,0.015882,-0.001222,0.000000,0.83769554,0.51170027,-0.18895881,-0.02690208
1.662978,2.820370,8.477868,3.976769,0.033598,-0.007330,-0.033598,0.83762443,0.51176578,-0.18908934,-0.02694761
1.683201,2.576161,8.480263,3.775656,0.026878,0.023213,-0.017104,0.83743024,0.51197141,-0.18929449,-0.02763128
1.703184,2.700660,8.427590,3.857059,0.014050,-0.045204,0.025656,0.83732986,0.51224005,-0.18901528,-0.02760878
1.723076,2.880225,8.429984,3.928885,0.009774,-0.029932,0.039706,0.83717334,0.51231337,-0.18950759,-0.02761653
1.742976,2.863465,8.449138,3.926491,0.017104,-0.025656,0.008552,0.83707631,0.51231682,-0.18995623,-0.02741545
1.763745,2.810793,8.451532,3.878607,0.009163,-0.005498,0.002443,0.83694184,0.51243699,-0.19022013,-0.02744287
1.783477,2.801216,8.403648,3.859453,-0.003665,-0.010996,0.004887,0.83688289,0.51250219,-0.19029969,-0.02746738
1.803384,2.755726,8.401254,3.912126,-0.005498,-0.009774,0.003665,0.83690619,0.51264471,-0.18992415,-0.02669085
1.823738,2.717419,8.446744,3.830723,-0.006109,0.002443,0.020159,0.83698231,0.51308906,-0.18867333,-0.02454562
1.843576,2.808398,8.420407,3.921702,-0.016493,-0.024435,0.018326,0.83714694,0.51425773,-0.18537432,-0.01898384
1.864010,2.789245,8.360553,3.979163,-0.014050,0.007330,0.018326,0.83728993,0.51532859,-0.18221144,-0.01345315
1.883923,2.892196,8.391677,4.007894,0.002443,-0.029932,0.017104,0.83742905,0.51580912,-0.18040441,-0.01038761
1.903773,2.913743,8.501810,3.981557,0.012828,0.006109,0.009163,0.83739835,0.51595849,-0.18016776,-0.00950602
1.923819,2.882619,8.542512,3.816358,0.006720,0.010996,-0.006720,0.83736712,0.51605642,-0.18004909,-0.00919729
1.943644,2.738967,8.501810,3.758897,-0.023824,0.027489,0.000611,0.83735418,0.51622242,-0.17965500,-0.00874516
1.964179,2.928109,8.468291,3.900155,-0.020159,-0.037874,0.020769,0.83752167,0.51658225,-0.17793655,-0.00624440
1.984461,2.896984,8.497022,3.876213,-0.028711,0.010385,0.009774,0.83755952,0.51732302,-0.17569053,-0.00196284
2.004180,3.105280,8.492233,4.058172,-0.043982,-0.013439,-0.012828,0.83769774,0.51760566,-0.17420360,0.00050203
2.023860,2.940080,8.437167,4.137180,-0.015272,0.028711,-0.055589,0.83787531,0.51790470,-0.17241973,0.00336151
2.044552,2.774880,8.504205,3.919308,-0.006109,0.040317,-0.056200,0.83801800,0.51786035,-0.17186065,0.00324543
2.064526,2.576161,8.437167,3.885789,-0.014050,0.003665,-0.030543,0.83812076,0.51789361,-0.17126244,0.00298659
2.084638,2.621651,8.451532,3.907337,-0.031765,-0.006109,0.017715,0.83819979,0.51782674,-0.17108344,0.00269389
2.105150,2.968810,8.415619,4.137180,-0.002443,-0.076358,0.038485,0.83834839,0.51734293,-0.17183046,0.00164451
2.124410,3.007117,8.499416,4.110844,0.021991,-0.033598,0.006109,0.83824342,0.51707679,-0.17314440,0.00076142
2.144117,2.896984,8.449138,4.024653,0.036652,-0.010996,-0.037874,0.83810294,0.51673108,-0.17484273,-0.00155934
2.165205,2.659958,8.468291,3.888184,0.031154,0.009163,-0.042761,0.83792388,0.51634723,-0.17675719,-0.00510335
2.184633,2.674323,8.401254,3.842694,0.010385,0.010385,-0.025045,0.83776444,0.51592201,-0.17859663,-0.00885774
2.205434,2.782062,8.384495,3.830723,-0.007330,0.029932,-0.023824,0.83770919,0.51560402,-0.17964555,-0.01110169
2.224349,2.801216,8.401254,3.845088,-0.020159,0.034819,-0.031765,0.83777666,0.51527923,-0.18016174,-0.01262474
2.244632,2.861071,8.434772,3.821146,-0.023213,0.033598,-0.031154,0.83792526,0.51505923,-0.18005003,-0.01331524
2.265494,2.952051,8.406042,3.787627,-0.039706,0.046426,-0.056200,0.83806747,0.51480973,-0.18004079,-0.01411431
2.285127,2.688689,8.429984,3.785233,-0.065363,0.051313,-0.076358,0.83827394,0.51465690,-0.17949402,-0.01438894
2.304922,2.568978,8.410830,3.790021,-0.087965,0.050091,-0.059254,0.83862019,0.51473373,-0.17774037,-0.01318060
2.324827,2.715025,8.482656,3.948039,-0.109345,0.043371,-0.040928,0.83907121,0.51482427,-0.17548186,-0.01102496
2.344905,2.908955,8.432379,4.096479,-0.105680,0.072082,-0.055589,0.83964729,0.51516753,-0.17191239,-0.00641733
2.365861,2.858677,8.391677,3.976769,-0.095295,0.093462,-0.092852,0.84026557,0.51516479,-0.16896415,-0.00317416
2.385159,2.803610,8.456321,3.770868,-0.135612,0.145997,-0.127060,0.84082001,0.51461881,-0.16785970,-0.00352360
2.405466,2.686294,8.434772,3.881001,-0.183870,0.139888,-0.142332,0.84149802,0.51395637,-0.16647348,-0.00407486
2.425126,2.600103,8.403648,4.058172,-0.204029,0.141110,-0.146608,0.84232491,0.51283538,-0.16569474,-0.00582294
2.445461,2.559402,8.422802,4.129998,-0.204029,0.124006,-0.135001,0.84330434,0.51136625,-0.16514768,-0.00828178
2.466277,2.549825,8.413225,4.307169,-0.191201,0.112399,-0.132558,0.84431905,0.51003343,-0.16400801,-0.00962758
2.486457,2.533065,8.350976,4.321534,-0.164934,0.128282,-0.137445,0.84534580,0.50864482,-0.16293328,-0.01112034
2.505572,2.489970,8.243237,3.845088,-0.177151,0.196088,-0.167988,0.84631693,0.50749266,-0.16140655,-0.01212307
2.525717,2.463634,8.300697,3.746926,-0.286496,0.203418,-0.191812,0.84729207,0.50655121,-0.15918286,-0.01276801
2.545560,2.389413,8.252813,4.359841,-0.355524,0.182038,-0.203418,0.84845585,0.50517750,-0.15723875,-0.01393832
2.566577,2.439692,8.145074,4.481946,-0.323148,0.262061,-0.212581,0.85010803,0.50291985,-0.15537935,-0.01566175
2.585897,2.674323,8.101978,3.502717,-0.392786,0.463647,-0.313374,0.85182971,0.50057805,-0.15326773,-0.01780418
2.605971,2.255338,8.044518,3.459621,-0.605978,0.423940,-0.397673,0.85423434,0.49760109,-0.14914808,-0.02078125
2.625848,1.812411,8.032547,4.434062,-0.747699,0.363465,-0.381180,0.85758191,0.49329206,-0.14380352,-0.02316905
2.645958,1.711854,7.862558,4.692636,-0.762360,0.426384,-0.340863,0.86150372,0.48770970,-0.13887291,-0.02578984
2.667067,1.687912,7.709330,4.343082,-0.803899,0.494190,-0.318261,0.86554402,0.48190042,-0.13354173,-0.02778781
2.686536,1.745373,7.750031,4.692636,-0.937678,0.485027,-0.318872,0.86927038,0.47653678,-0.12817709,-0.02919687
2.706650,1.443704,7.568071,5.061342,-0.998154,0.474642,-0.320093,0.87349558,0.46983391,-0.12346394,-0.03191345
2.726243,1.549049,7.467515,5.329493,-1.034195,0.555887,-0.298102,0.87802047,0.46256012,-0.11817796,-0.03394609
2.746293,1.103727,7.094019,4.156334,-1.162477,0.813672,-0.354302,0.88276190,0.45490912,-0.11208837,-0.03500574
2.767323,0.387861,6.976704,3.670311,-1.525941,0.919963,-0.309709,0.88874668,0.44551325,-0.10227089,-0.03446542
2.786773,1.407791,6.756437,5.971139,-1.797166,0.629191,-0.254731,0.89626515,0.43246993,-0.09209599,-0.03459791
2.806488,0.936133,6.493075,7.417237,-1.676825,0.709825,-0.351858,0.90438724,0.41671163,-0.08463415,-0.03567020
2.826537,-0.311246,6.064513,5.760449,-1.549154,0.998765,-0.283441,0.91167736,0.40214118,-0.07596257,-0.03683295
2.846610,-0.541090,6.124368,4.922479,-1.843591,0.870483,-0.066584,0.91846788,0.38854995,-0.06466340,-0.03555755
2.867617,0.751779,5.554548,7.479486,-2.039068,0.601702,-0.019548,0.92603791,0.37192011,-0.05525378,-0.03280674
2.886980,0.280122,5.327099,8.343793,-1.854587,0.681726,-0.059865,0.93381244,0.35320815,-0.04826398,-0.03015036
2.906860,-0.826000,4.948815,6.885724,-1.771509,0.684780,0.054367,0.94055521,0.33615699,-0.04030575,-0.02701802
2.927203,-0.385466,5.030218,8.032547,-1.891239,0.283441,0.282220,0.94670850,0.31964803,-0.03268485,-0.02235760
2.946939,0.809240,4.932055,10.409989,-1.748296,0.436769,0.221744,0.95277929,0.30260554,-0.01888372,0.01687950
2.967965,0.332794,4.572925,9.557653,-1.373225,0.624304,0.073915,0.95789802,0.28585660,-0.01486116,0.02228359
2.987325,-0.560243,4.438850,8.087613,-1.306641,0.461814,0.144164,0.96173406,0.27250737,-0.00866178,0.02706211
3.007331,-0.945710,4.055778,8.331821,-1.400714,0.078802,0.370184,0.96513402,0.25981179,-0.00425972,0.03156078
3.027107,0.562637,4.620809,10.589554,-1.398270,-0.055589,0.466701,0.96847111,0.24632274,-0.00403204,0.03704957
3.047338,1.278504,4.259285,10.958261,-1.081231,0.352469,0.200364,0.97155333,0.23281644,-0.00560869,0.04300425
3.067144,0.160412,4.113238,9.622296,-0.837496,0.361632,0.057421,0.97388083,0.22209571,-0.00278363,0.04713810
3.087653,-0.761356,3.950433,9.150639,-0.793514,0.051313,0.220522,0.97561109,0.21374111,0.00054693,0.04997582
3.107316,0.038307,3.813963,9.619903,-0.762360,-0.209527,0.412945,0.97708452,0.20598820,0.00053725,0.05361422
3.127532,0.881066,3.881001,10.357317,-0.676839,-0.115454,0.337808,0.97831416,0.19867347,-0.00241057,0.05851913
3.147868,0.328006,3.428497,9.730036,-0.521068,0.040317,0.204029,0.97933424,0.19210923,-0.00430681,0.06308851
3.168677,0.047884,3.330335,9.040505,-0.544281,0.005498,0.259007,0.98009276,0.18696177,-0.00433612,0.06666981
3.187841,0.543484,3.165135,9.521740,-0.587041,-0.140499,0.291994,0.98078924,0.18174472,-0.00462639,0.07071103
3.207945,0.806846,3.392584,10.438720,-0.515570,-0.006109,0.181427,0.97979361,0.17624214,-0.00302563,0.09451980
3.227707,0.586579,3.193865,10.304645,-0.356134,0.238848,0.050702,0.97915691,0.17121947,-0.00163465,0.10923845
3.247898,0.198719,2.937685,9.622296,-0.267559,0.197920,0.041539,0.97864711,0.16745058,0.00177461,0.11919361
3.268939,-0.031125,2.834735,9.509769,-0.249844,-0.040928,0.130114,0.97897559,0.16457872,0.00341011,0.12045398
3.288356,0.306458,2.815581,9.624691,-0.221133,-0.158214,0.204029,0.97919524,0.16216183,0.00254977,0.12195826
3.308004,0.735020,2.875436,9.849746,-0.165544,-0.118508,0.147219,0.97925806,0.16014975,0.00048673,0.12411916
3.328079,0.565032,2.791639,9.457097,-0.133779,0.075136,0.040317,0.97928333,0.15863298,-0.00104244,0.12585229
3.347953,0.335188,2.710236,9.066842,-0.183870,0.120951,0.008552,0.97943282,0.15697363,-0.00057266,0.12676856
3.369366,0.222661,2.710236,9.351752,-0.243735,0.021380,0.056810,0.97859454,0.15495710,0.00167588,0.13541909
3.388375,0.411803,2.729390,9.902418,-0.198531,-0.076358,0.076358,0.97881877,0.15233904,0.00158058,0.13676333
3.408556,0.574608,2.693477,10.093954,-0.095295,-0.024435,0.047037,0.97723281,0.15024062,0.00235624,0.14979437
3.428181,0.363919,2.600103,9.627085,-0.020159,0.054367,0.003665,0.97526675,0.14897931,0.00380848,0.16323426
3.448519,0.258574,2.554613,9.196129,-0.029932,0.007330,0.021991,0.97347355,0.14817613,0.00585997,0.17423806
3.468295,0.296881,2.590526,9.188946,-0.078802,-0.084910,0.055589,0.97243136,0.14728782,0.00676209,0.18065944
3.488567,0.663194,2.674323,9.548077,-0.092241,-0.106901,0.043982,0.97248960,0.14618818,0.00581774,0.18127097
3.508526,0.421380,2.674323,9.612720,-0.061087,-0.007330,-0.017715,0.97262096,0.14518102,0.00445991,0.18141399
3.528673,0.229843,2.559402,9.373300,-0.041539,0.077580,-0.025045,0.97282678,0.14434788,0.00422493,0.18098064
3.548614,0.390255,2.511518,9.311050,-0.042761,-0.037874,0.017104,0.97304279,0.14349692,0.00491875,0.18047810
3.568882,0.328006,2.590526,9.519346,-0.032987,-0.112399,0.027489,0.97312450,0.14280294,0.00448016,0.18059941
3.589136,0.399832,2.588132,9.557653,0.000611,-0.077580,0.021991,0.97300863,0.14231139,0.00354090,0.18162955
3.609050,0.423774,2.533065,9.414001,0.023824,-0.016493,-0.005498,0.97278219,0.14207295,0.00307318,0.18303183
3.628827,0.275333,2.485181,9.083601,-0.004887,0.010385,-0.009163,0.97264081,0.14192212,0.00319276,0.18389662
3.649163,0.311246,2.523489,9.205706,-0.051313,-0.060476,0.020159,0.97270072,0.14149101,0.00344871,0.18390733
3.668840,0.306458,2.571373,9.459491,-0.043982,-0.109956,0.037263,0.97285634,0.14080182,0.00285618,0.18362263
3.689356,0.373495,2.494758,9.368511,-0.022602,-0.059865,0.036652,0.97317970,0.14024809,0.00171361,0.18234290
3.709156,0.469264,2.557007,9.265560,-0.048258,0.040317,0.009163,0.97356254,0.13979584,0.00102190,0.18064347
3.729332,0.483629,2.535460,9.363723,-0.067195,0.021991,-0.001222,0.97398990,0.13907969,0.00115402,0.17888311
3.749289,0.404620,2.535460,9.600749,-0.045815,-0.035430,-0.006720,0.97435570,0.13827562,0.00109534,0.17750953
3.769361,0.332794,2.552219,9.588778,-0.010385,-0.033598,0.005498,0.97468430,0.13774171,0.00055954,0.17611806
3.789490,0.517148,2.547431,9.454702,0.012828,-0.010996,0.006720,0.97499895,0.13749954,0.00011229,0.17455910
3.809853,0.474052,2.477999,9.279925,-0.002443,0.034208,-0.021380,0.97518373,0.13749409,-0.00008478,0.17352837
3.829731,0.292093,2.466028,9.234436,-0.032987,-0.002443,-0.013439,0.97543228,0.13728166,0.00013326,0.17229545
3.849662,0.337582,2.521094,9.471462,-0.048258,-0.054978,0.028100,0.97574377,0.13682631,-0.00004421,0.17088774
3.869644,0.670376,2.540248,9.629479,-0.020769,-0.026878,0.022602,0.97594243,0.13629402,-0.00070882,0.17017595
3.889785,0.629675,2.549825,9.488221,0.007330,0.007941,-0.021380,0.97594774,0.13603112,-0.00103949,0.17035398
3.909749,0.426168,2.499547,9.394848,0.003665,-0.009774,-0.032987,0.97596604,0.13600338,-0.00096303,0.17027201
3.929879,0.323217,2.492364,9.406818,0.006109,-0.018326,-0.002443,0.97586375,0.13596901,-0.00090591,0.17088450
3.949891,0.519542,2.487576,9.339781,0.009163,-0.021380,0.010385,0.97557354,0.13594902,-0.00080623,0.17255022
3.970106,0.569820,2.449268,9.380483,0.000000,-0.037263,-0.007941,0.97548312,0.13597731,-0.00095465,0.17303760
3.990234,0.495600,2.470816,9.581595,0.007941,-0.040928,-0.023824,0.97549194,0.13592352,-0.00132501,0.17302762
4.010059,0.497994,2.413355,9.485827,0.041539,-0.021991,-0.031154,0.97554797,0.13589573,-0.00171272,0.17272997
4.030466,0.349553,2.415750,9.136273,0.042150,-0.037263,-0.008552,0.97558153,0.13606746,-0.00185933,0.17240345
4.050009,0.426168,2.504335,9.088389,-0.014050,-0.008552,0.009163,0.97555822,0.13629596,-0.00209145,0.17235225
4.070205,0.735020,2.525883,9.325416,-0.056200,0.010996,-0.010996,0.97555697,0.13605475,-0.00215523,0.17254893
4.090497,0.639252,2.513912,9.526528,-0.031765,-0.015882,-0.047037,0.97543967,0.13543998,-0.00199927,0.17369382
4.110405,0.299275,2.497152,9.512163,0.003665,-0.018326,-0.041539,0.97537732,0.13509892,-0.00208218,0.17430705
4.130463,0.258574,2.384625,9.323022,0.010996,-0.042150,0.003054,0.97538871,0.13509439,-0.00214649,0.17424658
4.150508,0.531513,2.408567,9.157822,-0.014661,-0.089797,0.048869,0.97539294,0.13509136,-0.00243052,0.17422113
4.170591,0.785298,2.549825,9.334992,-0.058032,-0.106901,0.020159,0.97549057,0.13496527,-0.00344294,0.17375517
4.190542,0.588974,2.537854,9.512163,-0.048869,-0.106291,-0.028100,0.97588176,0.13454460,-0.00489810,0.17183927
4.210842,0.316035,2.545036,9.423578,-0.031154,-0.064752,-0.025656,0.97626126,0.13422403,-0.00619655,0.16988127
4.230451,0.462081,2.468422,9.306262,-0.038485,-0.034819,0.007330,0.97646797,0.13398895,-0.00685066,0.16885050
4.251206,0.603339,2.487576,9.495404,-0.045204,-0.064752,0.014661,0.97664785,0.13362572,-0.00725850,0.16807894
4.270719,0.545878,2.461239,9.607931,-0.008552,-0.056200,-0.004276,0.97669005,0.13326015,-0.00791913,0.16809429
4.290946,0.385466,2.401384,9.334992,0.007941,-0.016493,-0.008552,0.97672957,0.13320602,-0.00840120,0.16788378
4.310805,0.543484,2.454057,9.375694,-0.006720,-0.034819,0.010385,0.97678190,0.13318536,-0.00837708,0.16759692
4.330991,0.536301,2.418144,9.483433,-0.004276,-0.003054,0.004276,0.97679693,0.13307647,-0.00860879,0.16758415
4.351040,0.454898,2.403779,9.215282,-0.001222,0.025045,0.002443,0.97703111,0.13291009,-0.00870350,0.16634093
4.371122,0.612916,2.449268,9.215282,-0.025656,-0.006720,0.018937,0.97733670,0.13273628,-0.00857179,0.16468342
4.391215,0.730232,2.446874,9.449914,-0.034819,-0.017715,-0.001833,0.97772300,0.13243417,-0.00896444,0.16259950
4.411133,0.569820,2.463634,9.538500,-0.006109,-0.018937,-0.018326,0.97810894,0.13208568,-0.00946661,0.16051973
4.431154,0.371101,2.394202,9.392453,0.012828,0.027489,0.003665,0.97845930,0.13201341,-0.00988973,0.15840487
4.451549,0.620098,2.355895,9.160215,-0.007330,0.036652,0.023824,0.97874218,0.13199851,-0.00977649,0.15666686
4.471648,0.627281,2.439692,9.308656,-0.054367,-0.017715,0.029322,0.97892851,0.13180608,-0.00961429,0.15567188
4.491443,0.806846,2.494758,9.653421,-0.048258,-0.034208,0.016493,0.97928876,0.13125856,-0.01019133,0.15382086
4.511422,0.694318,2.444480,9.641450,0.000611,0.009774,-0.017104,0.97948670,0.13081044,-0.01079144,0.15289901
4.531599,0.411803,2.396596,9.437943,0.026267,0.021380,-0.011606,0.97961783,0.13076364,-0.01081948,0.15209478
4.551494,0.526724,2.384625,9.291897,0.014661,0.004276,0.030543,0.97968376,0.13094068,-0.01061943,0.15153077
4.571821,0.735020,2.427721,9.337387,-0.009774,-0.029932,0.039095,0.97962970,0.13102636,-0.01058923,0.15180810
4.591760,0.828394,2.439692,9.430760,-0.010996,-0.033598,0.011606,0.97959709,0.13094379,-0.01097850,0.15206172
4.611988,0.653617,2.463634,9.399636,0.000611,0.003665,-0.022602,0.97958827,0.13085528,-0.01142043,0.15216224
4.631779,0.493206,2.410961,9.370906,-0.004276,0.036041,-0.024435,0.97961158,0.13084197,-0.01141108,0.15202436
4.652119,0.538695,2.367866,9.313444,-0.007330,0.026878,0.006109,0.97965997,0.13073362,-0.01104611,0.15183251
4.671828,0.608127,2.391808,9.308656,-0.018937,-0.017715,0.013439,0.97967207,0.13059978,-0.01081396,0.15188643
4.692590,0.632069,2.398990,9.375694,-0.020769,-0.028100,0.012828,0.97971767,0.13042009,-0.01107593,0.15172768
4.712869,0.658405,2.367866,9.473856,-0.011606,-0.007330,-0.008552,0.97974426,0.13024029,-0.01142485,0.15168437
4.732107,0.560243,2.410961,9.416395,-0.001833,0.009774,-0.008552,0.97982812,0.13010031,-0.01156916,0.15125109
4.752094,0.486023,2.370260,9.346964,-0.003054,0.009774,0.007330,0.97984833,0.13004033,-0.01147217,0.15117945
4.772221,0.591368,2.353500,9.200917,-0.020769,-0.001833,0.026267,0.97984767,0.12995580,-0.01137687,0.15126340
4.792494,0.665588,2.437297,9.435549,-0.053756,0.006109,0.012828,0.97983545,0.12972705,-0.01145148,0.15153292
4.812479,0.701501,2.377442,9.662998,-0.028711,0.029322,-0.013439,0.97986907,0.12918331,-0.01147665,0.15177861
4.832580,0.555455,2.413355,9.545682,0.014661,0.009163,-0.019548,0.97991377,0.12883113,-0.01122809,0.15180774
4.852458,0.426168,2.363077,9.361329,0.028711,-0.025656,0.010996,0.97987425,0.12893789,-0.01105777,0.15198416
4.872455,0.600945,2.391808,9.246407,0.001833,-0.009774,0.033598,0.97981662,0.12920472,-0.01124259,0.15211543
4.892613,0.804452,2.418144,9.378088,-0.029322,0.029932,0.004887,0.97970951,0.12921286,-0.01131766,0.15279159
4.913285,0.636858,2.410961,9.478644,-0.014661,0.011606,-0.018937,0.97968632,0.12887211,-0.01105498,0.15324700
4.932759,0.529119,2.418144,9.543288,0.004276,-0.026267,-0.000611,0.97965431,0.12870814,-0.01090169,0.15359944
4.952454,0.670376,2.401384,9.459491,0.023213,-0.009163,0.010996,0.97953904,0.12878859,-0.01106508,0.15425463
4.972689,0.536301,2.348712,9.313444,0.010996,0.005498,-0.005498,0.97944522,0.12901686,-0.01110859,0.15465580
4.992747,0.517148,2.348712,9.337387,-0.009163,0.006109,0.007941,0.97943556,0.12909627,-0.01102821,0.15465663
5.013115,0.816423,2.391808,9.368511,-0.007941,-0.012217,0.017715,0.97945231,0.12896582,-0.01099504,0.15466115
5.033125,0.732626,2.458845,9.531317,0.002443,-0.028100,-0.021991,0.97943884,0.12888247,-0.01119039,0.15480244
5.053161,0.454898,2.351106,9.428367,0.037263,0.003665,-0.025656,0.97943765,0.12893967,-0.01146913,0.15474163
5.073106,0.478840,2.315193,9.109938,0.008552,0.025656,0.014050,0.97922343,0.12928794,-0.01117411,0.15582441
5.093468,0.656011,2.343924,9.193734,-0.047647,-0.003665,0.025045,0.97901505,0.12931205,-0.01076591,0.15713733
5.113285,0.852336,2.420538,9.595961,-0.045815,-0.032987,0.017715,0.97899729,0.12883851,-0.01087801,0.15762848
5.133631,0.828394,2.492364,9.636662,0.006109,-0.015272,-0.030543,0.97901863,0.12842371,-0.01134715,0.15780099
5.153235,0.586579,2.425326,9.421184,0.030543,0.015882,-0.053145,0.97906017,0.12851027,-0.01159187,0.15745503
5.173573,0.318429,2.372654,9.227253,0.014050,0.006109,-0.026267,0.97910851,0.12878604,-0.01138723,0.15694310
5.193553,0.548272,2.343924,9.253590,-0.020769,-0.001222,0.018937,0.97910815,0.12891164,-0.01123963,0.15685260
5.213713,0.739808,2.401384,9.442732,-0.039095,0.031154,-0.003665,0.97910541,0.12869713,-0.01129229,0.15704222
5.233508,0.665588,2.358289,9.574412,-0.025656,0.040317,-0.032987,0.97916466,0.12826274,-0.01104736,0.15704542
5.253733,0.644040,2.415750,9.555259,0.007330,0.050091,-0.042150,0.97925073,0.12793675,-0.01067187,0.15680084
5.273598,0.526724,2.375048,9.466674,0.007330,0.142942,-0.056810,0.97931421,0.12791662,-0.01015752,0.15645422
5.293858,0.426168,2.375048,9.244013,0.011606,0.094684,-0.026267,0.97941452,0.12774599,-0.00872081,0.15605168
5.313915,0.368707,2.422932,9.267955,0.001222,-0.061087,0.007941,0.97945356,0.12770434,-0.00775386,0.15589182
5.334022,0.653617,2.398990,9.576807,-0.007330,-0.056200,0.018937,0.97948992,0.12780239,-0.00838535,0.15554972
5.354244,0.586579,2.387019,9.502586,0.013439,-0.001833,-0.012217,0.97947514,0.12781084,-0.00897858,0.15560310
5.374114,0.423774,2.322376,9.385271,0.017104,0.017715,-0.010996,0.97947806,0.12793612,-0.00896032,0.15548249
5.394101,0.512359,2.367866,9.366117,0.001222,0.009774,0.012828,0.97949874,0.12803735,-0.00873910,0.15528156
5.414371,0.648829,2.406173,9.445126,0.001222,-0.001833,0.001833,0.97948384,0.12799920,-0.00863850,0.15541254
5.434084,0.524330,2.375048,9.423578,0.015272,-0.005498,-0.015272,0.97948337,0.12799793,-0.00866193,0.15541509
5.454202,0.464475,2.377442,9.346964,0.016493,-0.023213,0.000611,0.97948980,0.12813559,-0.00867187,0.15526061
5.474060,0.555455,2.358289,9.327810,0.005498,-0.017715,0.015882,0.97945899,0.12830600,-0.00884816,0.15530421
5.494358,0.565032,2.396596,9.284714,-0.019548,0.026878,0.004887,0.97939861,0.12836200,-0.00899619,0.15563008
5.514493,0.577003,2.377442,9.421184,-0.035430,0.016493,0.000611,0.97940427,0.12812154,-0.00875433,0.15580603
5.534560,0.512359,2.379837,9.605537,-0.015882,-0.006109,0.006109,0.97944564,0.12774287,-0.00864516,0.15586296
5.554299,0.588974,2.363077,9.533711,0.017715,-0.012828,0.010996,0.97945750,0.12758017,-0.00873289,0.15591721
5.575089,0.646434,2.406173,9.390059,0.012217,-0.027489,0.006109,0.97940654,0.12774351,-0.00883512,0.15609761
5.594511,0.529119,2.377442,9.466674,0.004887,-0.005498,-0.006109,0.97938138,0.12788922,-0.00910537,0.15612072
5.614712,0.474052,2.363077,9.287108,0.004276,0.000000,0.006109,0.97939450,0.12792617,-0.00915386,0.15600529
5.634773,0.610521,2.391808,9.385271,-0.012828,-0.039095,0.018937,0.97938478,0.12794878,-0.00914828,0.15604806
5.654678,0.627281,2.454057,9.605537,-0.000611,-0.024435,0.010385,0.97939062,0.12787206,-0.00959172,0.15604760
5.674606,0.574608,2.401384,9.490616,0.032987,0.022602,-0.008552,0.97940677,0.12789612,-0.00987432,0.15590847
5.695089,0.536301,2.336741,9.162610,0.031765,-0.004887,0.001833,0.97944283,0.12817134,-0.00964315,0.15547024
5.714853,0.452504,2.372654,9.260772,-0.012828,-0.056200,0.014661,0.97946036,0.12847486,-0.00969374,0.15510517
5.735212,0.553061,2.406173,9.528923,-0.025045,-0.006720,0.017104,0.97958946,0.12840801,-0.01037228,0.15429918
5.754859,0.656011,2.389413,9.409213,-0.007941,0.032376,0.007330,0.97963953,0.12814878,-0.01050596,0.15418832
5.774997,0.545878,2.418144,9.349358,-0.001833,-0.009774,0.003665,0.97966379,0.12801273,-0.01022631,0.15416576
5.795331,0.574608,2.394202,9.375694,-0.010385,0.006109,0.010385,0.97970265,0.12800449,-0.01036240,0.15391615
5.815384,0.615310,2.341529,9.344569,-0.015272,0.015882,0.017104,0.97975510,0.12788707,-0.01037497,0.15367955
5.835501,0.622492,2.382231,9.461885,-0.011606,-0.007941,0.004887,0.97988784,0.12769902,-0.01038042,0.15298712
5.855296,0.553061,2.370260,9.464279,-0.008552,0.015882,0.000000,0.98012209,0.12757665,-0.01067744,0.15156172
5.875387,0.598550,2.372654,9.445126,-0.003054,0.017104,0.004887,0.98038971,0.12743747,-0.01075340,0.14993355
5.895464,0.574608,2.384625,9.418790,-0.001833,-0.026878,0.014050,0.98048180,0.12735705,-0.01068561,0.14940389
5.915738,0.569820,2.365471,9.387665,0.002443,-0.025045,0.016493,0.98047233,0.12737034,-0.01098198,0.14943333
5.935400,0.486023,2.394202,9.351752,-0.020159,0.008552,0.017715,0.98044407,0.12742211,-0.01124596,0.14955439
5.955572,0.766145,2.372654,9.478644,-0.020159,0.012828,0.015882,0.98044664,0.12720336,-0.01120416,0.14972739
5.975630,0.715866,2.439692,9.579201,-0.005498,0.004276,-0.014661,0.98045689,0.12697978,-0.01114827,0.14985377
5.996128,0.517148,2.331953,9.488221,0.028711,-0.009163,-0.020159,0.98055607,0.12691696,-0.01120203,0.14925282
6.016343,0.418985,2.379837,9.334992,0.025045,-0.024435,0.009163,0.98058563,0.12719728,-0.01126741,0.14881486
6.035898,0.555455,2.327164,9.296685,0.004276,0.010385,0.027489,0.98056972,0.12745868,-0.01148946,0.14867885
6.056064,0.679953,2.389413,9.311050,-0.035430,0.044593,0.014661,0.98059386,0.12745713,-0.01145802,0.14852317
6.075882,0.667982,2.363077,9.557653,-0.025045,-0.015882,-0.003054,0.98063862,0.12703785,-0.01110786,0.14861362
6.096239,0.665588,2.422932,9.641450,0.012217,-0.055589,0.005498,0.98072755,0.12680389,-0.01135847,0.14820692
6.116889,0.615310,2.365471,9.454702,0.041539,-0.009163,-0.010385,0.98070472,0.12699598,-0.01191714,0.14814936
6.136266,0.466869,2.382231,9.208099,0.021991,0.022602,-0.006720,0.98067683,0.12740032,-0.01195780,0.14798406
6.155987,0.555455,2.327164,9.272743,-0.014050,0.005498,0.015882,0.98068565,0.12757646,-0.01171289,0.14779280
6.176275,0.766145,2.391808,9.497798,-0.014050,-0.019548,0.014050,0.98068905,0.12742022,-0.01170278,0.14790629
6.196264,0.694318,2.406173,9.583989,0.010996,-0.026267,-0.010996,0.98068416,0.12730163,-0.01195212,0.14802046
6.216760,0.488417,2.319981,9.397242,0.034819,-0.013439,-0.006720,0.98065460,0.12743889,-0.01218840,0.14807932
6.236891,0.514753,2.339135,9.198523,0.023213,-0.024435,0.021380,0.98060966,0.12777504,-0.01225306,0.14808163
6.256613,0.699107,2.372654,9.361329,-0.018326,0.007941,0.012217,0.98054558,0.12801085,-0.01247053,0.14828442
6.276439,0.768539,2.413355,9.466674,-0.021991,0.043371,-0.009774,0.98056495,0.12780437,-0.01245058,0.14833573
6.296875,0.715866,2.415750,9.473856,0.003054,-0.002443,-0.028711,0.98066694,0.12751210,-0.01214109,0.14793837
6.316795,0.428562,2.384625,9.337387,0.026878,-0.045204,-0.017104,0.98070210,0.12754588,-0.01220104,0.14767043
6.336767,0.497994,2.370260,9.203311,-0.001833,-0.001222,0.012217,0.98066700,0.12787877,-0.01256652,0.14758557
6.356609,0.605733,2.372654,9.344569,-0.044593,0.032376,0.000000,0.98049903,0.12787065,-0.01245517,0.14871310
6.376912,0.579397,2.363077,9.627085,-0.032376,0.009774,-0.004887,0.98025143,0.12740880,-0.01193840,0.15077017
6.397280,0.617704,2.365471,9.531317,0.010996,-0.049480,0.012828,0.97998708,0.12709415,-0.01161604,0.15276605
6.417132,0.684742,2.403779,9.540894,0.032987,-0.059865,0.005498,0.97961646,0.12728758,-0.01181900,0.15495045
6.436872,0.569820,2.437297,9.342175,0.028100,0.009774,-0.008552,0.97931135,0.12770751,-0.01215717,0.15650064
6.457538,0.533907,2.406173,9.291897,-0.006720,0.014050,-0.000611,0.97905660,0.12798275,-0.01181218,0.15788940
6.477100,0.500388,2.403779,9.500193,-0.018326,-0.023824,0.021991,0.97904807,0.12789452,-0.01165513,0.15802602
6.497629,0.780510,2.415750,9.536105,0.008552,-0.032376,0.027489,0.97903490,0.12774129,-0.01189421,0.15821326
6.517339,0.730232,2.427721,9.579201,0.021991,-0.026878,-0.007941,0.97896427,0.12787311,-0.01222249,0.15851828
6.537583,0.500388,2.406173,9.552865,0.046426,-0.004276,-0.021991,0.97894239,0.12813066,-0.01244303,0.15842837
6.557372,0.416591,2.401384,9.327810,0.047647,-0.015272,0.005498,0.97883129,0.12858520,-0.01229809,0.15875763
6.577419,0.519542,2.367866,9.215282,0.025045,-0.025656,0.039706,0.97850138,0.12904958,-0.01206985,0.16042386
6.597751,0.823605,2.391808,9.315839,-0.001833,-0.028711,0.029322,0.97823286,0.12929659,-0.01207726,0.16185503
6.618091,0.749385,2.437297,9.514558,-0.004887,0.011606,-0.007330,0.97808027,0.12932187,-0.01231058,0.16273700
6.637631,0.600945,2.387019,9.404425,0.021991,0.023824,-0.017104,0.97807485,0.12925351,-0.01218070,0.16283369
6.657652,0.486023,2.398990,9.198523,0.018326,-0.025045,0.013439,0.97809100,0.12942326,-0.01190228,0.16262195
6.677959,0.632069,2.394202,9.212888,-0.019548,-0.015882,0.029932,0.97804153,0.12963092,-0.01211353,0.16273881
6.698234,0.682347,2.403779,9.330204,-0.039095,0.012217,0.015272,0.97800332,0.12945935,-0.01231701,0.16308960
6.717930,0.708684,2.375048,9.540894,-0.038485,-0.001833,0.004887,0.97802937,0.12905462,-0.01227892,0.16325633
6.737915,0.679953,2.413355,9.610326,-0.009163,-0.035430,0.006720,0.97806317,0.12867852,-0.01236155,0.16334429
6.757825,0.610521,2.370260,9.493010,0.014050,-0.004887,0.003665,0.97807276,0.12864009,-0.01274474,0.16328804
6.777909,0.560243,2.370260,9.265560,0.006109,-0.003054,0.013439,0.97806120,0.12876858,-0.01278076,0.16325314
6.798743,0.533907,2.389413,9.344569,-0.021991,-0.004276,0.035430,0.97802246,0.12881607,-0.01279443,0.16344684
6.818697,0.859518,2.422932,9.504981,-0.028100,0.002443,0.040317,0.97799623,0.12858392,-0.01287569,0.16377972
6.838284,0.909797,2.444480,9.543288,-0.000611,0.000000,0.002443,0.97799540,0.12829545,-0.01297532,0.16400273
6.858013,0.632069,2.415750,9.473856,0.018937,-0.017715,-0.018937,0.97808051,0.12829216,-0.01313482,0.16348456
6.878142,0.538695,2.384625,9.308656,0.023824,-0.015882,0.005498,0.97832102,0.12849021,-0.01346777,0.16185437
6.898992,0.565032,2.372654,9.320627,0.004887,-0.018326,0.027489,0.97841173,0.12873809,-0.01369784,0.16108799
6.918850,0.749385,2.305616,9.229648,-0.009163,0.009774,0.032376,0.97845775,0.12879623,-0.01396838,0.16073881
6.938533,0.845153,2.343924,9.349358,-0.040317,0.008552,0.001222,0.97861916,0.12866357,-0.01409061,0.15984897
6.958611,0.754174,2.406173,9.679757,-0.026267,-0.016493,-0.009774,0.97875476,0.12823801,-0.01418178,0.15935241
6.978493,0.627281,2.413355,9.605537,0.026267,-0.000611,-0.002443,0.97887790,0.12798622,-0.01448293,0.15876983
6.998994,0.581791,2.351106,9.234436,0.032987,0.007941,0.013439,0.97897118,0.12821831,-0.01455785,0.15799904
7.019188,0.725443,2.367866,9.224859,-0.010385,-0.020159,0.015882,0.97900456,0.12850673,-0.01452185,0.15756032
7.038807,0.770933,2.434903,9.440337,-0.022602,-0.034208,0.000000,0.97911650,0.12841842,-0.01486319,0.15690383
7.058917,0.706290,2.444480,9.526528,-0.012217,-0.018937,-0.014050,0.97927755,0.12823789,-0.01535693,0.15599582
7.078560,0.545878,2.377442,9.409213,-0.001833,-0.005498,-0.011606,0.97939295,0.12814413,-0.01561655,0.15532109
7.099206,0.519542,2.415750,9.332599,-0.018937,-0.014661,0.017104,0.97944140,0.12813237,-0.01567496,0.15501894
7.119644,0.742203,2.394202,9.469068,-0.018937,-0.017715,0.022602,0.97950512,0.12796356,-0.01586444,0.15473707
7.139206,0.677559,2.391808,9.514558,-0.006109,0.002443,-0.003054,0.97951639,0.12780146,-0.01609687,0.15477557
7.158798,0.665588,2.372654,9.521740,0.006109,-0.010385,-0.006720,0.97956920,0.12773305,-0.01609640,0.15449749
7.179079,0.565032,2.410961,9.416395,0.010385,-0.004276,0.000611,0.97959286,0.12779987,-0.01618169,0.15428269
7.199459,0.615310,2.331953,9.320627,-0.001222,0.016493,0.017104,0.97959024,0.12789612,-0.01616463,0.15422149
7.219403,0.701501,2.382231,9.378088,-0.007941,-0.007330,0.031154,0.97960585,0.12781742,-0.01595371,0.15420964
7.239509,0.833182,2.391808,9.457097,-0.004276,-0.023213,0.020159,0.97957921,0.12773085,-0.01604075,0.15444165
7.259518,0.821211,2.398990,9.545682,0.010996,-0.006720,0.001833,0.97958577,0.12771772,-0.01633100,0.15438016
7.279531,0.718261,2.365471,9.449914,0.028100,0.018326,-0.012828,0.97959471,0.12782627,-0.01644019,0.15422191
7.300185,0.524330,2.264915,9.220071,0.017104,0.020159,0.006109,0.97959340,0.12805450,-0.01625097,0.15406069
7.319875,0.864307,2.341529,9.188946,-0.014050,-0.004276,0.030543,0.97957486,0.12816459,-0.01603413,0.15411061
7.340246,0.909797,2.442086,9.488221,-0.029322,-0.020769,0.004887,0.97958493,0.12801205,-0.01619552,0.15415595
7.359711,0.818817,2.456451,9.538500,0.000611,0.006720,-0.021380,0.97965986,0.12775768,-0.01658512,0.15384939
7.379870,0.641646,2.442086,9.416395,0.018326,0.006720,-0.018937,0.97981793,0.12776729,-0.01671491,0.15281726
7.400117,0.679953,2.343924,9.337387,0.007941,-0.002443,-0.003054,0.97994125,0.12794337,-0.01673289,0.15187423
7.420237,0.691924,2.336741,9.399636,-0.003665,0.009774,-0.015882,0.97999102,0.12802215,-0.01680323,0.15147848
7.441016,0.574608,2.346318,9.435549,-0.005498,0.017104,-0.017104,0.98019415,0.12794782,-0.01685833,0.15021557
7.460236,0.634463,2.329558,9.397242,0.000000,0.012828,0.004276,0.98040521,0.12783428,-0.01681833,0.14893335
7.479868,0.656011,2.389413,9.382876,0.004276,0.004887,0.007941,0.98054099,0.12776370,-0.01679628,0.14810038
7.500474,0.684742,2.413355,9.344569,0.003665,0.018326,0.006720,0.98062402,0.12776493,-0.01681773,0.14754598
7.520111,0.718261,2.420538,9.299079,-0.007941,0.019548,0.008552,0.98062932,0.12776779,-0.01664947,0.14752768
7.541397,0.854730,2.454057,9.435549,-0.018326,0.010996,-0.007941,0.98063326,0.12766370,-0.01648431,0.14761031
7.560672,0.696713,2.446874,9.466674,-0.005498,0.001833,-0.021991,0.98066455,0.12752712,-0.01647736,0.14752065
7.580271,0.536301,2.391808,9.485827,0.001833,-0.004276,-0.017104,0.98069590,0.12753090,-0.01649388,0.14730705
7.601007,0.526724,2.331953,9.411607,0.003054,0.036041,-0.006109,0.98071700,0.12756912,-0.01650190,0.14713320
7.620691,0.514753,2.322376,9.354146,-0.005498,0.042761,0.010385,0.98073125,0.12753697,-0.01608312,0.14711171
7.640403,0.732626,2.363077,9.363723,-0.010385,0.010996,0.029322,0.98073530,0.12739715,-0.01562817,0.14725481
7.660817,0.837971,2.432509,9.483433,-0.010385,-0.009163,0.006720,0.98070455,0.12726925,-0.01556082,0.14757799
7.680380,0.663194,2.449268,9.521740,0.015882,0.004887,-0.007330,0.98070484,0.12718189,-0.01568316,0.14763802
7.701343,0.644040,2.372654,9.258378,0.020769,0.043982,0.000611,0.98068422,0.12733646,-0.01559665,0.14765091
7.721077,0.646434,2.293645,9.193734,-0.012828,0.009774,0.004887,0.98066092,0.12747870,-0.01513695,0.14772989
7.741147,0.727837,2.387019,9.516952,-0.029322,-0.024435,0.003054,0.98068255,0.12733641,-0.01507920,0.14771532
7.760600,0.665588,2.384625,9.588778,-0.004887,0.004276,0.002443,0.98073512,0.12708174,-0.01539615,0.14755246
7.781432,0.706290,2.341529,9.476251,0.012828,0.010996,-0.001833,0.98076612,0.12702106,-0.01539432,0.14739946
7.801260,0.660800,2.334347,9.339781,0.003665,-0.004887,0.004276,0.98076338,0.12711880,-0.01528841,0.14734429
7.821262,0.689530,2.408567,9.454702,-0.012828,-0.007941,0.001833,0.98075420,0.12714972,-0.01534975,0.14737241
7.841317,0.720655,2.391808,9.516952,-0.001833,0.014050,0.001222,0.98076266,0.12702864,-0.01546131,0.14740889
7.861297,0.751779,2.360683,9.370906,0.012217,-0.002443,0.001833,0.98076379,0.12698141,-0.01536094,0.14745183
7.881095,0.665588,2.377442,9.299079,0.000000,-0.040317,-0.001833,0.98074299,0.12709507,-0.01544307,0.14748430
7.902018,0.706290,2.403779,9.500193,-0.015272,-0.002443,-0.008552,0.98073989,0.12715527,-0.01585160,0.14740950
7.921448,0.646434,2.389413,9.514558,0.001833,0.029932,-0.015272,0.98077041,0.12701221,-0.01590021,0.14732473
7.941496,0.682347,2.343924,9.289502,0.017715,0.009163,-0.002443,0.98075545,0.12699223,-0.01555567,0.14747822
7.961426,0.660800,2.387019,9.306262,-0.003054,-0.009163,-0.000611,0.98069674,0.12715606,-0.01541018,0.14774257
7.981449,0.670376,2.365471,9.351752,-0.013439,0.000000,-0.003665,0.98068166,0.12714319,-0.01549324,0.14784540
8.002391,0.617704,2.394202,9.454702,-0.009774,-0.015882,-0.006720,0.98069656,0.12701406,-0.01550623,0.14785556
8.021811,0.617704,2.355895,9.402030,-0.004276,0.018937,-0.005498,0.98073179,0.12694092,-0.01568146,0.14766620
8.041729,0.577003,2.329558,9.339781,-0.013439,0.013439,0.001833,0.98074859,0.12687156,-0.01549365,0.14763443
8.061696,0.591368,2.334347,9.430760,-0.009774,-0.012828,0.010385,0.98075479,0.12671705,-0.01536506,0.14773870
8.081970,0.706290,2.375048,9.397242,-0.007941,0.000611,0.016493,0.98069096,0.12663378,-0.01544463,0.14822513
8.102664,0.648829,2.375048,9.445126,-0.009163,0.006109,0.000000,0.98062146,0.12655590,-0.01541999,0.14875346
8.121989,0.644040,2.396596,9.478644,0.004887,0.001833,0.006109,0.98055434,0.12646277,-0.01529997,0.14928651
8.142115,0.629675,2.365471,9.354146,0.000611,0.018937,0.007941,0.98035473,0.12652491,-0.01511996,0.15055774
8.162001,0.746991,2.382231,9.368511,-0.012217,0.010996,0.009163,0.98021758,0.12651393,-0.01482964,0.15148565
8.182146,0.718261,2.422932,9.435549,-0.014050,-0.008552,-0.006109,0.97990477,0.12641279,-0.01449843,0.15361090
8.202132,0.608127,2.358289,9.536105,-0.002443,-0.000611,-0.006720,0.97980624,0.12632883,-0.01452206,0.15430455
8.222576,0.636858,2.403779,9.533711,0.004887,-0.004887,0.008552,0.97973174,0.12631494,-0.01445147,0.15479472
8.242128,0.766145,2.379837,9.538500,0.014050,-0.019548,0.007330,0.97969002,0.12637129,-0.01448514,0.15500952
8.262335,0.663194,2.331953,9.433155,0.015272,0.012828,-0.007941,0.97965574,0.12653928,-0.01467438,0.15507165
8.282072,0.620098,2.346318,9.339781,-0.001222,0.017104,-0.009774,0.97965097,0.12666300,-0.01452572,0.15501480
8.302642,0.723049,2.360683,9.430760,0.002443,0.007330,0.001833,0.97968453,0.12661980,-0.01436214,0.15485278
8.322460,0.675165,2.315193,9.344569,0.019548,0.010996,-0.007330,0.97968048,0.12662439,-0.01431050,0.15487944
8.342545,0.617704,2.341529,9.244013,0.006720,-0.010996,0.004276,0.97967118,0.12678091,-0.01419422,0.15482099
8.362607,0.658405,2.238579,9.239224,-0.007330,0.000000,0.011606,0.97963440,0.12685940,-0.01428613,0.15498096
8.382812,0.802058,2.394202,9.332599,-0.040317,-0.004887,0.009774,0.97954941,0.12676348,-0.01426284,0.15559749
8.402858,0.761356,2.413355,9.579201,-0.034208,-0.008552,-0.015272,0.97939104,0.12639259,-0.01426182,0.15689051
8.422823,0.663194,2.415750,9.454702,0.003665,0.003665,-0.014050,0.97926348,0.12610012,-0.01427517,0.15791821
8.443267,0.651223,2.351106,9.205706,-0.001222,-0.016493,-0.004276,0.97907466,0.12616442,-0.01407966,0.15905109
8.462926,0.612916,2.322376,9.215282,-0.036041,-0.010385,-0.003665,0.97882468,0.12621510,-0.01405070,0.16054466
8.482842,0.545878,2.298434,9.382876,-0.061697,0.003665,0.000611,0.97872436,0.12590165,-0.01409160,0.16139656
8.503171,0.682347,2.353500,9.399636,-0.056810,0.009774,0.009774,0.97862035,0.12531173,-0.01400602,0.16249049
8.523040,0.706290,2.317587,9.423578,-0.056200,0.022602,-0.008552,0.97860813,0.12475300,-0.01395723,0.16299725
8.543306,0.565032,2.248155,9.167398,-0.065363,0.017104,0.001833,0.97869390,0.12417775,-0.01381888,0.16293322
8.563043,0.600945,2.461239,9.433155,-0.086743,0.050091,0.041539,0.97884160,0.12352615,-0.01380078,0.16254212
8.583522,0.869095,2.480393,9.586384,-0.090408,0.085521,0.043982,0.97891903,0.12266599,-0.01350329,0.16275209
8.603011,0.548272,2.353500,9.404425,-0.066584,0.067195,0.004276,0.97899973,0.12185804,-0.01299076,0.16291530
8.623672,0.557849,2.398990,9.423578,-0.086132,0.038485,0.021380,0.97915471,0.12128815,-0.01254044,0.16244462
8.643352,0.641646,2.288857,9.672575,-0.089186,0.025656,-0.009774,0.97921526,0.12063048,-0.01232192,0.16258529
8.663947,0.289698,2.130840,9.627085,-0.060476,0.090408,-0.001833,0.97939485,0.11986919,-0.01225615,0.16207100
8.683480,0.055067,2.102109,9.184157,-0.057421,0.107512,0.058032,0.97949654,0.11916233,-0.01140428,0.16204000
8.703758,0.466869,2.063802,9.006987,-0.113621,0.090408,0.117897,0.97947824,0.11840972,-0.01009115,0.16278782
8.723547,0.454898,2.015918,9.038112,-0.190590,0.091630,0.108123,0.97943622,0.11714158,-0.00933053,0.16399853
8.743849,0.105345,2.011129,8.911219,-0.270002,0.108123,0.145386,0.97947431,0.11512766,-0.00874968,0.16522472
8.763888,0.260968,1.991976,9.078813,-0.357967,0.075747,0.202196,0.97954798,0.11235386,-0.00800390,0.16672814
8.783878,0.876278,1.874660,9.739613,-0.369573,0.046426,0.176540,0.97960460,0.10883927,-0.00772492,0.16872837
8.803920,0.397437,1.719037,9.600749,-0.303600,0.158825,0.127671,0.97968358,0.10520318,-0.00804301,0.17055118
8.824049,0.227449,1.668759,9.255983,-0.303600,0.155771,0.172264,0.97978908,0.10196590,-0.00712028,0.17194642
8.845154,0.509965,1.541866,9.270349,-0.327424,0.075747,0.186925,0.97980875,0.09872673,-0.00624300,0.17374936
8.864164,0.428562,1.649605,9.569624,-0.347582,0.045815,0.152716,0.97980362,0.09537122,-0.00624982,0.17564245
8.884548,0.414197,1.529895,9.856929,-0.318261,0.047037,0.147219,0.97985947,0.09188752,-0.00654814,0.17717008
8.904187,0.596156,1.458069,9.538500,-0.276111,0.032987,0.169210,0.97989148,0.08867130,-0.00678232,0.17861716
8.924264,0.373495,1.419762,9.179369,-0.310930,0.038485,0.178373,0.97983032,0.08590156,-0.00712099,0.18028563
8.944375,0.591368,1.491588,9.423578,-0.396452,0.086743,0.188147,0.97977477,0.08278705,-0.00746460,0.18202192
8.964364,0.998382,1.592144,10.280702,-0.365908,0.113010,0.119730,0.97975278,0.07887699,-0.00756519,0.18386333
8.984461,0.890643,1.486799,10.419566,-0.210138,0.101404,0.041539,0.97975749,0.07574543,-0.00791137,0.18513596
9.004320,0.486023,1.367089,9.943120,-0.097738,0.001833,0.040317,0.97978467,0.07408278,-0.00818552,0.18565267
9.024653,0.742203,1.362301,9.777920,-0.078802,-0.062919,0.058643,0.97978294,0.07317501,-0.00846900,0.18600872
9.044451,0.691924,1.407791,9.926360,-0.072693,0.006109,-0.002443,0.97972107,0.07257018,-0.00938172,0.18652692
9.064778,0.450110,1.290475,9.789890,-0.053145,0.048869,-0.027489,0.97975725,0.07212969,-0.00998233,0.18647669
9.084616,0.500388,1.254562,9.749189,-0.039706,0.005498,-0.014661,0.97992629,0.07164694,-0.00990342,0.18577759
9.105290,0.505177,1.278504,9.823410,-0.032987,-0.012217,-0.019548,0.98004472,0.07129676,-0.01012902,0.18527482
9.125034,0.380678,1.256956,9.756371,-0.010385,0.011606,-0.027489,0.98033607,0.07099972,-0.01050848,0.18382034
9.144839,0.404620,1.252167,9.667787,-0.001833,0.019548,-0.020769,0.98048407,0.07086458,-0.01046728,0.18308409
9.164657,0.469264,1.218649,9.703699,-0.015272,0.021380,-0.023824,0.98055780,0.07079379,-0.01029621,0.18272550
9.185525,0.366313,1.223437,9.828198,0.000611,0.004887,-0.038485,0.98063791,0.07056972,-0.01013681,0.18239085
9.204864,0.416591,1.201889,9.627085,0.027489,-0.004276,-0.025045,0.98072106,0.07044905,-0.01008421,0.18199334
9.225393,0.390255,1.254562,9.610326,0.030543,-0.017104,-0.036041,0.98081547,0.07053483,-0.01009842,0.18144989
9.245126,0.318429,1.216254,9.461885,0.013439,0.001833,-0.028100,0.98097700,0.07076841,-0.01022159,0.18047619
9.265326,0.332794,1.206678,9.421184,-0.023213,-0.001222,-0.010996,0.98108536,0.07078661,-0.01014200,0.17988308
9.284845,0.275333,1.230620,9.574412,-0.055589,0.009774,-0.003054,0.98115981,0.07045588,-0.01014226,0.17960696
9.305426,0.387861,1.211466,9.593566,-0.051313,0.000611,0.014050,0.98121953,0.06978691,-0.01004493,0.17954682
9.325711,0.555455,1.292869,9.835381,-0.044593,-0.007941,-0.003665,0.98123771,0.06919821,-0.01006592,0.17967428
9.345702,0.342371,1.199495,9.696517,-0.001222,0.036041,-0.020769,0.98130375,0.06874936,-0.01022319,0.17947745
9.365524,0.253785,1.180341,9.236830,-0.028100,0.010996,0.006109,0.98138231,0.06862580,-0.00984727,0.17911597
9.385700,0.313640,1.158794,9.332599,-0.108123,-0.015272,0.034208,0.98146588,0.06827322,-0.00976318,0.17879640
9.405491,0.588974,1.194707,9.813833,-0.116675,0.000611,0.016493,0.98152912,0.06718881,-0.01007925,0.17884307
9.425780,0.299275,1.180341,9.691729,-0.070860,0.010996,-0.001833,0.98160744,0.06603092,-0.01030200,0.17883141
9.446524,0.270545,1.039083,9.339781,-0.084910,0.026267,0.026267,0.98167568,0.06530114,-0.01030196,0.17872453
9.466016,0.481235,1.118092,9.435549,-0.145997,0.000611,0.041539,0.98168975,0.06437971,-0.01016068,0.17898962
9.485690,0.418985,1.110910,9.928755,-0.160047,0.034819,0.006109,0.98170400,0.06293414,-0.01043320,0.17940962
9.505975,0.256180,0.957681,9.694122,-0.107512,0.127060,0.006109,0.98179466,0.06129574,-0.01037853,0.17948359
9.525827,0.402226,0.960075,9.378088,-0.127060,0.128282,0.032376,0.98186296,0.05999041,-0.00931105,0.17960992
9.546311,0.543484,1.098939,9.988609,-0.142942,-0.012828,0.017104,0.98191476,0.05849507,-0.00830948,0.17986870
9.565985,0.263362,1.055843,10.350134,-0.042761,0.003054,-0.003054,0.98203295,0.05711369,-0.00876104,0.17964566
9.585884,0.289698,0.869095,9.334992,0.033598,0.043371,0.019548,0.98214722,0.05668103,-0.00883326,0.17915416
9.606133,0.304064,0.988805,9.193734,-0.084299,0.013439,0.030543,0.98218358,0.05688059,-0.00838493,0.17891279
9.626375,0.555455,0.981623,10.024523,-0.133169,0.013439,0.009774,0.98221493,0.05600959,-0.00842885,0.17901358
9.646305,0.416591,1.051055,10.292673,-0.033598,0.012828,-0.025656,0.98227561,0.05466413,-0.00857476,0.17908917
9.666480,0.265756,0.938527,9.763555,0.053756,-0.005498,-0.007330,0.98234057,0.05430761,-0.00852267,0.17884362
9.686373,0.258574,0.895431,9.313444,0.017715,-0.018326,0.015882,0.98232561,0.05482354,-0.00848482,0.17877044
9.706353,0.636858,0.995988,9.485827,-0.069639,0.012828,0.002443,0.98228836,0.05497405,-0.00863256,0.17892155
9.726460,0.507571,1.125275,10.105926,-0.065973,0.020159,-0.059865,0.98232281,0.05424763,-0.00870301,0.17895059
9.746736,0.213084,1.029507,10.125079,0.038485,-0.009774,-0.044593,0.98242772,0.05360331,-0.00868878,0.17856945
9.766833,0.306458,0.909797,9.720459,0.079412,-0.029932,-0.021991,0.98236781,0.05400957,-0.00866086,0.17877787
9.786611,0.320823,0.943315,9.437943,0.043371,-0.031765,-0.026267,0.98223621,0.05482665,-0.00876468,0.17924684
9.806500,0.158017,0.933739,9.679757,-0.003665,-0.007941,-0.029932,0.98221236,0.05526725,-0.00896462,0.17923242
9.826902,0.227449,0.931344,9.799467,0.005498,0.000000,-0.004276,0.98226196,0.05514518,-0.00894989,0.17899850
9.846405,0.452504,0.988805,9.799467,0.031154,-0.052534,0.001222,0.98227710,0.05504766,-0.00881334,0.17895231
9.866787,0.363919,1.029507,9.789890,0.050702,-0.032987,-0.028100,0.98226917,0.05535058,-0.00923619,0.17888087
9.886704,0.165200,0.897826,9.430760,0.049480,0.037263,-0.021991,0.98230702,0.05583526,-0.00942591,0.17851196
9.906960,0.301669,0.957681,9.253590,-0.006720,-0.004276,0.013439,0.98233408,0.05609876,-0.00885927,0.17830941
9.926899,0.481235,1.000776,9.641450,-0.045204,-0.053756,0.015882,0.98232013,0.05593979,-0.00885313,0.17843699
9.947115,0.414197,1.041478,9.871294,-0.014661,-0.050091,-0.011606,0.98226213,0.05555258,-0.00944348,0.17884633
9.966938,0.227449,0.936133,9.698911,0.008552,-0.021991,-0.007941,0.98223752,0.05547972,-0.00993366,0.17897707
9.987506,0.191536,0.895431,9.569624,-0.000611,0.010996,0.011606,0.98223531,0.05553355,-0.01006803,0.17896520
10.007081,0.409408,0.907402,9.557653,-0.028711,0.010996,0.037263,0.98216158,0.05537198,-0.00981874,0.17943273
10.027610,0.615310,1.041478,9.708488,-0.029932,-0.039706,0.028100,0.98207259,0.05496915,-0.00971799,0.18004857
10.047222,0.529119,1.072602,9.911995,-0.001222,-0.037874,-0.019548,0.98193860,0.05472757,-0.01016347,0.18082662
10.067472,0.282516,0.991199,9.799467,0.040928,0.017715,-0.017715,0.98186839,0.05478529,-0.01052665,0.18116894
10.087408,0.181959,0.912191,9.368511,0.041539,0.012217,0.023824,0.98177642,0.05515102,-0.01023957,0.18157302
10.107565,0.397437,0.919373,9.366117,-0.026878,-0.020159,0.051924,0.98168176,0.05548069,-0.01000671,0.18199673
10.127433,0.651223,0.986411,9.732430,-0.052534,-0.009774,0.030543,0.98156297,0.05520697,-0.01025120,0.18270569
10.147643,0.459687,1.065420,9.933543,-0.014050,-0.003054,-0.018326,0.98152184,0.05468524,-0.01049287,0.18306924
10.167591,0.332794,0.986411,9.821015,0.026267,-0.006109,-0.010996,0.98154587,0.05455135,-0.01056628,0.18297614
10.187621,0.337582,1.017536,9.493010,0.013439,-0.013439,0.009774,0.98154390,0.05481438,-0.01057649,0.18290730
10.207995,0.390255,1.012747,9.538500,-0.029322,0.013439,0.009774,0.98152220,0.05496664,-0.01068959,0.18297145
10.227560,0.428562,1.012747,9.720459,-0.039706,0.012217,0.007941,0.98151308,0.05465293,-0.01061391,0.18311881
10.247793,0.529119,1.036689,9.964667,-0.006720,-0.040317,0.001222,0.98152244,0.05424046,-0.01057206,0.18319406
10.267903,0.342371,0.984017,9.856929,0.036652,-0.042150,-0.021380,0.98149920,0.05425615,-0.01098865,0.18328920
10.287836,0.150835,0.921768,9.552865,0.032376,0.028711,-0.012217,0.98145443,0.05469917,-0.01130635,0.18337797
10.307897,0.349553,0.926556,9.392453,-0.007941,0.046426,0.018937,0.98140538,0.05492068,-0.01087190,0.18360026
10.327990,0.392649,0.988805,9.579201,-0.044593,-0.013439,0.025656,0.98133439,0.05471904,-0.01038820,0.18406768
10.348016,0.524330,1.000776,9.849746,-0.022602,-0.048869,0.017104,0.98127311,0.05428881,-0.01058594,0.18450932
10.368282,0.502782,1.051055,9.806650,0.014661,-0.042761,-0.000611,0.98117542,0.05415638,-0.01109586,0.18503745
10.388200,0.316035,0.964863,9.658210,0.031765,0.003665,-0.015272,0.98114753,0.05438112,-0.01148623,0.18509535
10.408067,0.150835,0.888249,9.368511,-0.000611,0.039095,0.010385,0.98114312,0.05468346,-0.01137366,0.18503685
10.429118,0.375890,0.921768,9.552865,-0.050091,-0.007330,0.046426,0.98112816,0.05455297,-0.01092239,0.18518227
10.448235,0.677559,1.012747,9.871294,-0.029322,-0.050702,0.031154,0.98105693,0.05402982,-0.01105889,0.18570371
10.468712,0.416591,1.005565,9.830592,0.010996,-0.037263,-0.001833,0.98100668,0.05382745,-0.01163654,0.18599239
10.488290,0.237026,0.931344,9.603143,0.014050,0.010385,0.007941,0.98098737,0.05400364,-0.01197910,0.18602136
10.508330,0.299275,0.936133,9.605537,-0.006720,0.013439,0.032376,0.98096818,0.05409572,-0.01182446,0.18610591
10.528530,0.591368,0.938527,9.710882,-0.007330,0.010996,0.043982,0.98091793,0.05395981,-0.01166626,0.18641961
10.548696,0.622492,0.984017,9.607931,0.007941,-0.030543,0.007941,0.98083985,0.05384557,-0.01159967,0.18686713
10.568791,0.371101,0.976834,9.653421,-0.004887,-0.039706,0.008552,0.98081738,0.05396805,-0.01193656,0.18692875
10.588636,0.450110,0.931344,9.672575,0.007330,-0.006720,0.012217,0.98079824,0.05398826,-0.01234679,0.18699610
10.608719,0.445322,0.905008,9.610326,-0.007330,0.004276,0.015882,0.98078412,0.05405843,-0.01241868,0.18704586
10.629221,0.452504,0.912191,9.662998,-0.012217,-0.019548,0.018937,0.98076147,0.05395428,-0.01241273,0.18719471
10.649434,0.600945,0.974440,9.667787,-0.010385,-0.018326,0.018937,0.98075473,0.05383846,-0.01265835,0.18724713
10.669118,0.560243,0.998382,9.722853,-0.009163,-0.021991,-0.012828,0.98085344,0.05372084,-0.01299797,0.18673998
10.688911,0.308852,0.950498,9.715671,0.008552,-0.014661,-0.018326,0.98091781,0.05366065,-0.01335561,0.18639325
10.709299,0.284910,0.866701,9.703699,0.020159,-0.012217,0.008552,0.98098838,0.05376502,-0.01348826,0.18598193
10.729232,0.313640,0.888249,9.583989,0.014050,-0.026878,0.025045,0.98098499,0.05392383,-0.01354397,0.18595004
10.749433,0.423774,0.866701,9.533711,-0.008552,-0.032987,0.034208,0.98091573,0.05400582,-0.01370093,0.18627980
10.769353,0.517148,0.957681,9.598354,-0.037874,0.000000,0.032376,0.98085886,0.05387172,-0.01398741,0.18659599
10.789457,0.727837,1.067814,9.876082,-0.028711,-0.012217,0.004887,0.98082131,0.05345675,-0.01405783,0.18690722
10.809147,0.481235,0.998382,9.794679,0.014050,-0.012217,-0.017715,0.98081505,0.05319946,-0.01425952,0.18699813
10.829889,0.277727,0.976834,9.548077,0.019548,-0.016493,0.003054,0.98083526,0.05336595,-0.01435789,0.18683733
10.849352,0.328006,0.909797,9.533711,-0.017715,-0.004276,0.029932,0.98079920,0.05358844,-0.01446653,0.18695477
10.870345,0.584185,0.960075,9.756371,-0.021991,-0.006720,0.023824,0.98075372,0.05340201,-0.01450777,0.18724285
10.889521,0.531513,0.955287,9.871294,0.009774,-0.034208,0.012828,0.98074824,0.05319082,-0.01463309,0.18732247
10.909748,0.454898,0.902614,9.651027,0.047037,-0.029322,0.002443,0.98077750,0.05334167,-0.01497557,0.18709870
10.929755,0.411803,0.955287,9.414001,0.016493,0.001833,0.011606,0.98074383,0.05383847,-0.01517171,0.18711714
10.950064,0.519542,0.919373,9.531317,-0.023213,0.016493,0.026267,0.98060197,0.05398875,-0.01508474,0.18782300
10.969769,0.584185,0.976834,9.710882,-0.017104,-0.040317,0.021380,0.98005307,0.05375769,-0.01483402,0.19075157
10.989859,0.560243,0.945710,9.720459,0.001833,-0.052534,0.010385,0.97934008,0.05371410,-0.01509042,0.19437084
11.009775,0.481235,0.916979,9.622296,0.023213,-0.002443,0.003054,0.97905070,0.05384911,-0.01554480,0.19575128
11.030283,0.517148,0.921768,9.509769,-0.003665,-0.023824,0.008552,0.97899896,0.05407244,-0.01552146,0.19594970
11.050249,0.514753,0.948104,9.725247,-0.021380,-0.077580,0.016493,0.97896254,0.05407207,-0.01576749,0.19611216
11.070083,0.667982,0.948104,9.876082,0.005498,-0.147829,0.031765,0.97883821,0.05401097,-0.01655346,0.19668439
11.090501,0.620098,1.079785,9.888053,0.057421,-0.276722,0.053756,0.97850215,0.05436145,-0.01794592,0.19813247
11.110328,0.713472,1.003170,9.777920,0.103236,-0.336587,0.058643,0.97757870,0.05553310,-0.02035643,0.20209342
11.130641,1.197101,1.173159,10.017340,0.148440,-0.525955,0.064141,0.97682774,0.05726516,-0.02332538,0.20490071
11.150605,1.098939,1.134852,10.316615,0.281609,-0.943787,0.082467,0.97639638,0.05979338,-0.02818445,0.20562218
11.170703,1.146823,1.247379,10.287885,0.452040,-1.351845,0.152105,0.97570693,0.06445462,-0.03684447,0.20611718
11.190493,1.228225,1.177947,9.619903,0.560774,-1.429425,0.191201,0.97451109,0.07150771,-0.04903856,0.20690569
11.210440,1.697489,1.249773,9.062054,0.461203,-1.159422,0.171653,0.97292823,0.07964614,-0.06162103,0.20801482
11.230928,1.977611,1.374272,9.327810,0.359800,-1.276708,0.160658,0.97146952,0.08615806,-0.07164012,0.20902508
11.250613,2.114080,1.472434,9.890448,0.459371,-1.769677,0.237016,0.97018564,0.09066668,-0.08090959,0.20969759
11.270787,2.394202,1.575385,9.792285,0.620028,-2.071444,0.302989,0.96763289,0.09839815,-0.09674299,0.21129474
11.290706,3.002329,1.651999,9.409213,0.668287,-1.844202,0.279776,0.96424288,0.10814703,-0.11513600,0.21279950
11.311264,3.318364,1.666364,8.664616,0.609644,-1.492955,0.186925,0.96111166,0.11759260,-0.13134976,0.21256454
11.331217,3.342306,1.838747,8.611943,0.503353,-1.520444,0.180816,0.95848429,0.12565471,-0.14415765,0.21151243
11.351189,3.339911,1.790863,9.064447,0.555277,-1.858252,0.300546,0.95583779,0.13265960,-0.15756790,0.20963773
11.371120,4.113238,2.037466,8.918402,0.645685,-1.913841,0.362854,0.95221692,0.14038503,-0.17414664,0.20796156
11.391000,4.383783,1.924938,8.343793,0.629191,-1.536937,0.265726,0.94797862,0.14874057,-0.19110607,0.20661853
11.410879,4.527435,1.994370,7.802703,0.521679,-1.133155,0.212581,0.94427216,0.15629971,-0.20442893,0.20525436
11.431831,4.647145,2.104503,8.049306,0.470366,-1.442864,0.313374,0.94147718,0.16206868,-0.21436974,0.20346995
11.451718,4.927267,2.240973,8.420407,0.609033,-2.086105,0.504575,0.93772042,0.16768783,-0.22750910,0.20199257
11.471423,5.499481,2.305616,7.965509,0.729373,-2.150246,0.549779,0.93148780,0.17541437,-0.24631388,0.20221215
11.491046,6.016629,2.305616,7.117962,0.667065,-1.394605,0.373239,0.92436415,0.18410435,-0.26532701,0.20312093
11.511419,5.779603,2.183512,6.543353,0.486249,-0.771523,0.210749,0.91929108,0.19112049,-0.27732345,0.20363833
11.531817,5.849035,2.319981,6.545747,0.361632,-0.952950,0.296881,0.91636622,0.19571590,-0.28393197,0.20334974
11.551943,6.172252,2.324770,7.204153,0.375071,-1.469742,0.444099,0.91290450,0.19925886,-0.29278585,0.20292297
11.571486,6.258443,2.458845,7.098808,0.475864,-1.419651,0.447153,0.90748399,0.20342426,-0.30648062,0.20288227
11.591591,6.708553,2.231396,6.335058,0.464258,-0.830777,0.381791,0.90175736,0.20840496,-0.31924415,0.20367694
11.611338,6.995857,2.248155,5.717354,0.359800,-0.577268,0.282220,0.89784926,0.21227930,-0.32666016,0.20517635
11.632366,6.861782,2.123657,5.896919,0.258396,-0.817949,0.274278,0.89502478,0.21507929,-0.33204678,0.20595272
11.651689,6.789956,2.324770,6.143522,0.248622,-0.965167,0.308487,0.89162993,0.21735044,-0.33990371,0.20547596
11.671759,7.156269,2.375048,5.947197,0.241903,-0.698830,0.262061,0.88765067,0.21959984,-0.34914571,0.20481555
11.691704,7.366959,2.279280,5.595249,0.178984,-0.372017,0.149662,0.88461685,0.22138381,-0.35594195,0.20432271
11.711781,7.242460,2.272097,5.731719,0.141721,-0.528398,0.165544,0.88308907,0.22229002,-0.35976708,0.20324500
11.732622,7.182605,2.231396,5.734113,0.201586,-0.998765,0.304211,0.88104391,0.22306123,-0.36511341,0.20173663
11.752543,7.582437,2.217031,5.528212,0.227853,-1.015258,0.358578,0.87676340,0.22482401,-0.37472194,0.20080751
11.773189,7.891289,2.317587,5.145139,0.164323,-0.506407,0.221133,0.87212312,0.22663307,-0.38446420,0.20056449
11.792038,7.773973,2.202666,5.066131,0.065363,-0.045815,0.059865,0.86974353,0.22744098,-0.38952836,0.20021109
11.811968,7.661446,2.209848,5.106832,0.012828,-0.043982,0.053756,0.86962265,0.22713794,-0.39048827,0.19920811
11.833127,7.778761,2.274492,5.410896,0.042761,-0.504575,0.173486,0.86968720,0.22622053,-0.39174360,0.19749749
11.852225,7.826645,2.264915,5.463568,0.123395,-0.748921,0.230296,0.86767113,0.22595590,-0.39714950,0.19586493
11.873425,7.905654,2.231396,5.231331,0.130114,-0.477086,0.196088,0.86432517,0.22672513,-0.40445665,0.19481421
11.892117,7.910442,2.114080,4.716578,0.092852,-0.029322,0.075747,0.86206675,0.22720006,-0.40923756,0.19428302
11.912374,7.908048,2.178724,4.589684,-0.030543,0.249233,-0.000611,0.86184776,0.22707154,-0.41002139,0.19375117
11.932369,7.814674,2.138022,5.207389,-0.073915,-0.028711,0.051924,0.86315387,0.22561724,-0.40867513,0.19247589
11.952413,7.908048,2.264915,5.480328,0.014050,-0.319483,0.147829,0.86337048,0.22400355,-0.40995452,0.19066016
11.972862,7.912837,2.185906,5.188235,0.095906,-0.301157,0.131336,0.86208206,0.22325896,-0.41365981,0.18935579
11.993617,8.001422,2.102109,4.735731,0.073915,-0.082467,0.104458,0.86067444,0.22335596,-0.41688082,0.18857889
12.012478,8.152257,2.109292,4.687847,0.004276,0.000611,0.059865,0.86017096,0.22308289,-0.41824692,0.18817382
12.032939,7.982268,2.126051,5.037400,-0.025045,-0.121562,0.058032,0.86020416,0.22223735,-0.41905951,0.18721285
12.052732,7.872135,2.147599,5.149928,0.002443,-0.162490,0.086132,0.85977358,0.22143702,-0.42090404,0.18599720
12.073009,8.049306,2.075773,5.035006,0.033598,-0.020769,0.069028,0.85872108,0.22105668,-0.42364380,0.18508963
12.092609,8.219295,2.075773,4.774038,0.023213,0.039095,0.036652,0.86082947,0.21452492,-0.42816779,0.17211619
12.112828,8.085219,2.104503,4.910508,0.003054,-0.130114,0.042761,0.86196274,0.21007390,-0.43159160,0.16315065
12.132806,7.931990,2.068590,5.121197,0.022602,-0.188757,0.069028,0.86216003,0.20638466,-0.43582982,0.15536360
12.153243,7.994239,2.080561,4.939238,0.040317,-0.033598,0.059865,0.86202872,0.20354417,-0.43942192,0.14961508
12.173175,8.166622,2.018312,4.728549,0.002443,0.183870,0.014050,0.86167169,0.20325461,-0.44036055,0.14930514
12.193633,8.221688,2.087744,4.771644,-0.048258,0.244957,-0.043371,0.86246765,0.20262612,-0.43914273,0.14915057
12.213112,8.066066,2.054225,5.109226,-0.036041,-0.010385,-0.011606,0.86354995,0.20204537,-0.43733734,0.14898071
12.233310,7.912837,2.056619,5.178658,0.024435,-0.107512,0.033598,0.86346561,0.20180896,-0.43771929,0.14866805
12.253305,7.994239,2.044648,4.905719,0.036652,0.056810,0.020769,0.86283880,0.20202686,-0.43879697,0.14883435
12.273669,8.240842,1.994370,4.771644,0.010385,0.171653,-0.017104,0.86291265,0.20217852,-0.43842265,0.14930287
12.293186,8.085219,2.082955,4.805163,-0.024435,0.134390,-0.045204,0.86351621,0.20211233,-0.43716675,0.14958474
12.313440,7.936779,2.051831,5.039794,-0.027489,0.017715,-0.012217,0.86404967,0.20194130,-0.43625870,0.14938639
12.333416,7.939173,2.075773,5.080496,-0.001833,0.009163,0.002443,0.86350656,0.20186570,-0.43740550,0.14927584
12.353744,8.027759,2.025495,4.958392,-0.001222,0.133779,-0.018937,0.86313808,0.20190755,-0.43807989,0.14937177
12.373816,8.046912,2.047042,4.802769,-0.026267,0.304211,-0.076358,0.86327690,0.20191233,-0.43770057,0.14967526
12.393706,8.063671,2.094927,4.987122,-0.080023,0.472199,-0.146608,0.86461407,0.20163457,-0.43520489,0.14960857
12.414099,7.771579,2.059013,5.147533,-0.062308,0.427606,-0.175318,0.86685389,0.20093709,-0.43126315,0.14899942
12.433936,7.522582,2.142811,5.183447,-0.020159,0.178984,-0.093462,0.86889446,0.20058216,-0.42759410,0.14816391
12.453774,7.659051,2.104503,5.135562,-0.004276,0.250455,-0.070860,0.86970240,0.20059857,-0.42610636,0.14768741
12.474047,7.642292,2.138022,4.740520,-0.067195,0.768468,-0.221133,0.87075460,0.20054835,-0.42400056,0.14761597
12.493763,7.261614,2.123657,4.625597,-0.229685,1.412320,-0.383623,0.87428063,0.19983380,-0.41725370,0.14696673
12.513928,6.864176,2.094927,4.659117,-0.345750,1.787392,-0.462425,0.88098669,0.19724117,-0.40485811,0.14508042
12.533913,6.720524,2.197877,4.934450,-0.428217,1.856419,-0.481973,0.88941455,0.19317900,-0.38905299,0.14234298
12.554347,6.380548,2.171541,4.726154,-0.436158,1.812437,-0.481973,0.89808148,0.18814227,-0.37253967,0.13880360
12.574212,6.081272,2.276886,5.135562,-0.515570,1.634675,-0.448986,0.90635103,0.18299697,-0.35609129,0.13505156
12.594376,5.248090,2.102109,5.468357,-0.520457,1.726305,-0.466090,0.91371989,0.17735343,-0.34122568,0.13125095
12.614114,4.812346,1.905785,5.035006,-0.649961,2.483778,-0.547946,0.92239267,0.16819617,-0.32713199,0.11784116
12.634764,4.936844,1.628057,4.797980,-0.942565,3.158173,-0.664011,0.93233317,0.15995997,-0.30448943,0.11159673
12.654250,4.446033,1.517924,5.401319,-1.293813,3.250414,-0.778242,0.94378150,0.14935598,-0.27486104,0.10686834
12.674495,3.485958,1.589750,6.974309,-1.453248,2.843578,-0.742201,0.95499289,0.13542707,-0.24437478,0.09964487
12.694297,2.748544,1.707066,8.204929,-1.354288,2.508213,-0.612087,0.96432483,0.12002861,-0.21764371,0.09111625
12.714457,2.741361,2.123657,8.556877,-1.158201,2.340836,-0.530842,0.97170615,0.10562564,-0.19398262,0.08367380
12.734467,2.559402,2.126051,8.681376,-0.923017,2.230269,-0.564439,0.97767645,0.09316911,-0.17164177,0.07750729
12.754728,2.068590,1.546654,8.118738,-0.693332,2.142915,-0.527788,0.98260027,0.08314966,-0.15002897,0.07123356
12.774714,1.233014,0.821211,7.989451,-0.681726,1.851533,-0.444710,0.98658752,0.07541776,-0.12902559,0.06564807
12.794702,0.584185,0.814029,8.101978,-0.781907,1.775174,-0.400117,0.98966146,0.06788326,-0.11088508,0.06055358
12.814364,0.955287,0.907402,8.621520,-0.979217,1.997529,-0.406225,0.99229521,0.05934627,-0.09354253,0.05548064
12.834930,1.249773,1.084573,9.327810,-1.048245,2.088548,-0.514959,0.99478567,0.04876943,-0.07401700,0.05044354
12.854892,0.411803,0.612916,9.576807,-0.952950,1.883298,-0.577879,0.99688196,0.03755869,-0.05350198,0.04419666
12.875073,-0.225055,-0.112527,9.658210,-0.916298,1.641395,-0.562607,0.99830967,0.02751004,-0.03496106,0.03739995
12.894813,-0.763750,-0.407014,9.962274,-0.987158,1.295645,-0.508851,0.99918503,0.01800042,-0.01885373,0.03081947
12.914952,-0.105345,-0.136469,10.556035,-1.039693,1.178970,-0.446543,0.99964082,0.00794213,-0.00624700,0.02482174
12.934794,0.263362,-0.102951,11.312603,-0.974941,1.158201,-0.555887,0.99979115,-0.00246356,0.00502314,0.01965652
12.955078,0.375890,-0.426168,11.247959,-0.761138,1.243722,-0.708604,0.99971205,-0.01218693,0.01602240,0.01306058
12.975558,0.253785,0.076614,10.850522,-0.399506,1.087340,-0.734871,0.99939740,-0.01991376,0.02800526,0.00490852
12.994852,-0.749385,-0.354342,10.948685,-0.319483,0.633467,-0.773966,0.99896306,-0.02401253,0.03850703,-0.00365952
13.015412,-1.726219,-0.902614,10.941502,-0.195477,0.453873,-0.593761,0.99855036,-0.02738483,0.04460555,-0.01255957
13.035241,-0.658405,-1.134852,11.166556,-0.045815,0.477086,-0.370795,0.99817020,-0.02949244,0.04902830,-0.01956253
13.055346,0.938527,-1.086968,9.133880,0.093462,0.137445,-0.486860,0.99781072,-0.02999316,0.05372633,-0.02424318
13.075956,0.311246,-0.869095,8.269572,-0.080634,-0.754419,-0.637743,0.99762917,-0.02927174,0.05460057,-0.02996728
13.095461,-0.280122,-0.155623,7.850587,-0.481362,-1.519222,-0.784962,0.99779248,-0.03075780,0.04604039,-0.03666821
13.115569,-0.378284,-0.426168,7.259220,-1.042747,-1.866193,-0.882700,0.99790221,-0.03642882,0.03053078,-0.04395520
13.135486,-0.550666,-1.127669,6.782773,-1.262658,-2.924823,-0.759305,0.99743098,-0.04793903,0.01199947,-0.05185765
13.155734,-1.067814,0.296881,9.600749,-0.153938,-6.425081,-0.686002,0.99624342,-0.06214342,-0.01694474,-0.05788108
13.175747,11.688493,-8.784326,33.640926,5.594915,0.565661,-0.325591,0.99257678,-0.06715139,-0.08128218,-0.06062477
13.196029,2.760514,4.496311,7.311892,0.002443,2.084883,-0.119730,0.99507535,-0.01077958,-0.07915692,-0.05867802
13.215705,1.711854,-0.981623,9.035717,-0.620639,0.937067,0.215025,0.99644202,-0.00943060,-0.05832862,-0.06010107
13.235774,-0.287304,-0.004788,10.570400,0.144164,-0.057421,-0.141110,0.99691433,-0.01525710,-0.04854960,-0.05976766
13.255739,1.826776,-0.304064,9.337387,-0.020769,-0.352469,-0.100182,0.99668467,-0.01389035,-0.04920086,-0.06329308
13.276220,1.000776,-0.296881,9.792285,-0.052534,-0.166155,-0.124617,0.99629664,-0.01438576,-0.05269215,-0.06640504
13.296153,1.374272,-0.277727,8.947132,0.184481,0.414777,-0.302989,0.99600112,-0.01504634,-0.05430941,-0.06932425
13.315893,1.039083,0.241814,10.168175,0.073915,0.197309,-0.271835,0.99590403,-0.01293636,-0.05050885,-0.07386965
13.335972,1.027112,0.119710,8.463503,-0.002443,0.100793,0.029322,0.99570584,-0.01201277,-0.04878141,-0.07775553
13.356312,1.723825,-0.246603,9.442732,0.200364,2.076942,-0.006720,0.99566633,-0.01202787,-0.04808141,-0.07868999
13.377249,-1.225831,0.196325,11.540052,0.119119,1.629178,-0.037874,0.99634701,-0.00852930,-0.02834493,-0.08010251
13.396056,0.423774,-0.004788,8.803479,0.001833,-0.580933,0.001222,0.99653172,-0.00603627,-0.01240505,-0.08206309
13.415993,0.905008,-0.011971,10.072407,-0.018326,-0.031154,-0.001222,0.99628830,-0.00650914,-0.01838632,-0.08383984
13.436187,0.256180,-0.011971,9.536105,0.000611,0.000611,-0.001222,0.99615282,-0.00671523,-0.01893518,-0.08530025
13.456122,0.409408,0.011971,9.725247,-0.000611,-0.016493,-0.007330,0.99606079,-0.00669712,-0.01904121,-0.08634511
13.476520,0.390255,0.019154,9.708488,0.000611,0.008552,-0.001833,0.99601465,-0.00669140,-0.01927601,-0.08682533
13.496274,0.416591,0.004788,9.713276,-0.002443,-0.009163,-0.000611,0.99600899,-0.00651649,-0.01942165,-0.08687112
13.516793,0.416591,0.007183,9.710882,0.001833,-0.001833,-0.000611,0.99604392,-0.00639580,-0.01966764,-0.08642208
13.536374,0.440533,0.014365,9.703699,-0.002443,0.001222,-0.000611,0.99607307,-0.00624013,-0.01980051,-0.08606678
13.556620,0.416591,0.019154,9.703699,-0.001833,-0.001833,-0.001222,0.99607605,-0.00612899,-0.01988715,-0.08602058
13.576770,0.421380,0.011971,9.706094,0.001833,-0.000611,0.001222,0.99583101,-0.00607136,-0.01996723,-0.08879795
13.596644,0.421380,-0.004788,9.708488,-0.001833,-0.001833,0.000611,0.99558812,-0.00585848,-0.02009265,-0.09146736
13.616663,0.423774,0.021548,9.689334,-0.003665,0.000000,0.000611,0.99526620,-0.00574522,-0.02019103,-0.09489244
13.636888,0.414197,0.007183,9.701305,0.001833,-0.001222,0.000611,0.99483889,-0.00566558,-0.02025566,-0.09926283
13.657312,0.435745,0.000000,9.686940,0.000000,-0.000611,-0.002443,0.99480766,-0.00547608,-0.02033970,-0.09956920
13.677509,0.426168,0.021548,9.684546,0.001833,0.000611,-0.000611,0.99481130,-0.00532218,-0.02041569,-0.09952561
13.696770,0.418985,0.011971,9.713276,0.001833,0.000000,0.000000,0.99492782,-0.00512436,-0.02048423,-0.09835042
13.717005,0.423774,0.011971,9.706094,-0.003054,0.000000,0.000000,0.99519145,-0.00490798,-0.02055497,-0.09564268
13.737357,0.423774,-0.007183,9.696517,0.001222,-0.001222,0.000000,0.99519575,-0.00480321,-0.02060270,-0.09559271
13.757146,0.428562,0.016759,9.706094,0.000000,-0.001222,0.000000,0.99515313,-0.00469688,-0.02065495,-0.09602934
13.777541,0.430956,0.023942,9.694122,-0.001222,0.000000,-0.001222,0.99495417,-0.00463198,-0.02070021,-0.09806290
13.797257,0.404620,0.014365,9.686940,0.001222,0.001222,0.000000,0.99460006,-0.00460221,-0.02072887,-0.10158763
13.817402,0.438139,-0.004788,9.706094,0.001222,0.000611,-0.000611,0.99434376,-0.00453562,-0.02073846,-0.10406711
13.837505,0.433351,0.019154,9.701305,0.000611,0.000611,-0.000611,0.99419302,-0.00446898,-0.02076226,-0.10549559
13.857323,0.421380,0.011971,9.686940,0.000611,-0.000611,0.000611,0.99402010,-0.00440926,-0.02078843,-0.10710979
13.877743,0.438139,-0.009577,9.682152,0.002443,0.000611,-0.000611,0.99382609,-0.00436066,-0.02082079,-0.10889116
13.897454,0.414197,0.016759,9.684546,-0.001222,0.001222,0.000611,0.99367559,-0.00430458,-0.02084409,-0.11025386
13.917687,0.404620,-0.002394,9.684546,-0.000611,0.000611,0.000000,0.99345922,-0.00429211,-0.02084976,-0.11218565
13.937486,0.414197,0.000000,9.701305,0.001222,0.001833,0.000000,0.99340838,-0.00425572,-0.02085740,-0.11263488
13.958408,0.407014,0.004788,9.694122,0.000611,0.000611,0.000000,0.99341029,-0.00419494,-0.02085428,-0.11262161
13.977857,0.430956,0.004788,9.691729,0.000000,0.001222,0.000000,0.99346739,-0.00413446,-0.02086039,-0.11211795
13.997957,0.416591,0.014365,9.686940,0.000000,-0.000611,-0.001222,0.99392045,-0.00400510,-0.02087928,-0.10802906
14.017542,0.426168,0.016759,9.694122,0.000611,0.001222,-0.001222,0.99423409,-0.00389802,-0.02091074,-0.10510031
14.037915,0.416591,0.009577,9.703699,-0.000611,0.001222,0.001222,0.99445802,-0.00379512,-0.02092462,-0.10296188
14.057815,0.411803,0.014365,9.703699,0.001222,0.001222,-0.000611,0.99447852,-0.00374801,-0.02092757,-0.10276394
14.078240,0.418985,0.009577,9.703699,0.001222,0.001222,0.001833,0.99447739,-0.00368675,-0.02092891,-0.10277717
14.097951,0.392649,0.002394,9.694122,0.000000,0.001833,0.000611,0.99447942,-0.00362911,-0.02093017,-0.10275964
14.118341,0.423774,0.004788,9.689334,-0.001222,-0.000611,-0.000611,0.99448037,-0.00358944,-0.02091579,-0.10275444
14.137981,0.430956,0.011971,9.689334,0.000611,-0.000611,-0.000611,0.99447948,-0.00356737,-0.02092775,-0.10276151
14.158612,0.414197,0.004788,9.691729,-0.001222,0.001222,-0.001222,0.99447858,-0.00352602,-0.02094638,-0.10276822
14.178712,0.416591,0.007183,9.691729,-0.001833,0.000000,-0.000611,0.99447733,-0.00350398,-0.02094297,-0.10278141
14.198358,0.409408,0.016759,9.696517,0.000000,0.000611,-0.000611,0.99447650,-0.00349030,-0.02095050,-0.10278857
14.218316,0.418985,0.028730,9.694122,-0.001833,0.001833,-0.000611,0.99447590,-0.00345488,-0.02095205,-0.10279542
14.238387,0.430956,-0.009577,9.689334,0.003665,-0.001222,0.000000,0.99447536,-0.00342562,-0.02094278,-0.10280293
14.258542,0.423774,0.009577,9.679757,0.001222,-0.000611,-0.000611,0.99447507,-0.00336126,-0.02097034,-0.10280275
14.278864,0.411803,0.014365,9.703699,0.000611,-0.000611,0.000000,0.99447405,-0.00332124,-0.02098997,-0.10280917
14.298510,0.438139,0.007183,9.682152,-0.001222,0.001222,-0.001222,0.99447381,-0.00328716,-0.02100592,-0.10280964
14.318671,0.418985,0.011971,9.691729,0.001833,0.000611,0.000000,0.99447250,-0.00326956,-0.02100735,-0.10282274
14.338428,0.418985,-0.004788,9.694122,0.000611,0.000611,-0.000611,0.99447250,-0.00322295,-0.02101630,-0.10282299
14.358744,0.418985,0.014365,9.694122,0.001222,0.000611,-0.000611,0.99447173,-0.00319584,-0.02102096,-0.10282940
14.378807,0.423774,0.002394,9.691729,0.000611,-0.000611,-0.001222,0.99447107,-0.00316038,-0.02102614,-0.10283574
14.399388,0.414197,0.011971,9.698911,-0.000611,0.000000,0.001833,0.99446952,-0.00313522,-0.02104254,-0.10284819
14.418760,0.409408,0.021548,9.689334,0.000000,0.000000,-0.001222,0.99447125,-0.00312142,-0.02104970,-0.10283046
14.438803,0.416591,0.004788,9.689334,-0.000611,0.000000,-0.000611,0.99446988,-0.00309507,-0.02105638,-0.10284320
14.459313,0.399832,0.009577,9.696517,-0.001222,0.000000,-0.000611,0.99446911,-0.00308065,-0.02106115,-0.10284986
14.479373,0.418985,-0.002394,9.686940,-0.003054,0.000611,-0.001222,0.99446845,-0.00307264,-0.02106166,-0.10285664
14.499172,0.418985,0.009577,9.674969,0.000611,-0.000611,0.001833,0.99446714,-0.00308557,-0.02105533,-0.10286984
14.519168,0.418985,0.016759,9.689334,-0.002443,0.000000,-0.000611,0.99446899,-0.00306350,-0.02106591,-0.10285180
14.538803,0.423774,0.007183,9.684546,0.001833,-0.000611,-0.000611,0.99446815,-0.00306703,-0.02106863,-0.10285886
14.559495,0.433351,0.016759,9.686940,0.000611,-0.000611,0.000611,0.99446732,-0.00303085,-0.02108285,-0.10286494
14.579557,0.416591,0.009577,9.691729,0.002443,0.000611,-0.001833,0.99446762,-0.00300330,-0.02110012,-0.10285918
14.599411,0.409408,0.009577,9.698911,0.001222,0.000611,0.001222,0.99446577,-0.00295852,-0.02110486,-0.10287737
14.619661,0.426168,-0.004788,9.684546,0.001222,-0.000611,0.000611,0.99446708,-0.00292786,-0.02110539,-0.10286532
14.639502,0.414197,0.004788,9.694122,0.001222,0.000611,-0.000611,0.99446756,-0.00290405,-0.02111845,-0.10285922
14.659725,0.423774,0.009577,9.684546,-0.000611,0.000611,-0.000611,0.99446696,-0.00288079,-0.02111765,-0.10286529
14.680255,0.414197,0.011971,9.686940,-0.000611,0.000000,-0.000611,0.99446636,-0.00287428,-0.02111639,-0.10287178
14.699548,0.430956,0.000000,9.677363,0.001222,0.001222,-0.000611,0.99446553,-0.00286707,-0.02112049,-0.10287827
14.719633,0.411803,0.002394,9.682152,0.000611,-0.001833,-0.000611,0.99446511,-0.00284270,-0.02111620,-0.10288440
14.739626,0.433351,-0.002394,9.667787,-0.001222,0.000611,0.000000,0.99446410,-0.00282952,-0.02113915,-0.10289051
14.760028,0.423774,0.004788,9.682152,0.001833,0.000611,0.000000,0.99446398,-0.00283376,-0.02113768,-0.10289093
14.781132,0.411803,0.009577,9.694122,0.000000,0.000000,0.000000,0.99446404,-0.00280809,-0.02113901,-0.10289071
14.800050,0.421380,-0.009577,9.696517,0.000000,0.001833,-0.002443,0.99446404,-0.00279948,-0.02114358,-0.10289091
14.819963,0.416591,0.000000,9.670180,0.000000,0.001222,0.000611,0.99446172,-0.00279258,-0.02112863,-0.10291540
14.840445,0.418985,-0.004788,9.682152,0.000000,0.000000,-0.000611,0.99446267,-0.00278689,-0.02111953,-0.10290945
14.860183,0.421380,-0.011971,9.694122,0.001222,0.000000,-0.001833,0.99446195,-0.00278366,-0.02112191,-0.10291560
14.880777,0.404620,0.016759,9.703699,0.000000,0.001222,0.000611,0.99446005,-0.00276960,-0.02112495,-0.10293364
14.900391,0.399832,-0.002394,9.691729,0.001222,-0.000611,0.000000,0.99446088,-0.00276348,-0.02111437,-0.10292768
14.920478,0.430956,0.016759,9.691729,-0.001222,0.001222,0.000000,0.99446076,-0.00274800,-0.02112157,-0.10292748
14.940108,0.418985,0.004788,9.694122,0.000000,-0.000611,-0.000611,0.99446094,-0.00275150,-0.02111078,-0.10292793
14.960589,0.404620,0.000000,9.691729,0.000000,0.001222,-0.001222,0.99446023,-0.00274557,-0.02111941,-0.10293416
14.980666,0.433351,0.007183,9.679757,-0.003054,-0.001222,0.000611,0.99445915,-0.00273887,-0.02110819,-0.10294650
15.000937,0.593762,0.110133,9.109938,0.017715,0.042150,0.003054,0.99447709,-0.00275981,-0.02112150,-0.10276951
15.020602,0.193930,-0.043096,10.639832,0.074526,0.318872,-0.012217,0.99448812,-0.00250641,-0.02079267,-0.10273721
15.040738,0.363919,0.064643,9.753978,-0.006109,-0.105680,0.001833,0.99441552,-0.00145178,-0.01768905,-0.10403237
15.061494,0.304064,0.043096,9.567230,-0.036652,-0.119119,0.001833,0.99439919,-0.00162178,-0.01873734,-0.10400335
15.081586,0.526724,0.021548,9.610326,-0.010385,-0.077580,0.001222,0.99438286,-0.00210627,-0.01988362,-0.10393758
15.100879,0.335188,0.035913,9.686940,0.001222,0.000611,-0.000611,0.99437809,-0.00228595,-0.02064705,-0.10383002
