time_seconds,world_acc_x,world_acc_y,world_acc_z,vehicle_forward,vehicle_right,vehicle_down
0.019504,2.305616,8.439561,-6.500257999999999,2.305616,8.439561,6.500257999999999
0.024202,2.5187,8.355764,-6.514622999999999,2.5187,8.355764,6.514622999999999
0.039519,3.174711,8.394072,-6.397307,3.174711,8.394072,6.397307
0.059027,0.1496508456028917,-0.247846951121239,-0.0985048527965322,0.1496508456028917,-0.247846951121239,0.0985048527965322
0.078503,-0.0955654334777457,-0.16553280907731,-0.0277854793693332,-0.0955654334777457,-0.16553280907731,0.0277854793693332
0.09817,-0.1521118174737769,0.0288555080304207,-0.0305098833951262,-0.1521118174737769,0.0288555080304207,0.0305098833951262
0.118543,-0.179439418909912,0.0091440601834861,-0.046414954176889,-0.179439418909912,0.0091440601834861,0.046414954176889
0.138369,-0.2243581367124498,-0.1607008455139223,0.0013385231158409,-0.2243581367124498,-0.1607008455139223,-0.0013385231158409
0.158983,-0.2198382454072344,-0.324401862314763,0.1017559120716278,-0.2198382454072344,-0.324401862314763,-0.1017559120716278
0.178772,-0.1243833299049699,-0.3403629084382781,0.0780456534196432,-0.1243833299049699,-0.3403629084382781,-0.0780456534196432
0.198839,-0.132967872706775,-0.0726286188921536,-0.0107239514433015,-0.132967872706775,-0.0726286188921536,0.0107239514433015
0.2189,-0.0147902117882963,0.095015584872682,-0.1035615708708217,-0.0147902117882963,0.095015584872682,0.1035615708708217
0.239016,0.1837983504189992,0.0296340072301856,-0.017127077210004,0.1837983504189992,0.0296340072301856,0.017127077210004
0.259049,0.1607863590192331,-0.0679125786547036,-0.0203576750618772,0.1607863590192331,-0.0679125786547036,0.0203576750618772
0.279679,0.2938491442125188,-0.0576893933922441,-0.1252236089333589,0.2938491442125188,-0.0576893933922441,0.1252236089333589
0.299294,0.0600496897950869,0.2649284958869196,-0.1079989529129061,0.0600496897950869,0.2649284958869196,0.1079989529129061
0.319242,0.1545274970721563,0.1710527764668175,-0.2006719899510187,0.1545274970721563,0.1710527764668175,0.2006719899510187
0.339171,0.0957170752275215,0.1051784216587795,-0.1008471021719064,0.0957170752275215,0.1051784216587795,0.1008471021719064
0.35978,0.0715172774539864,-0.0610538179439187,0.0060213549335284,0.0715172774539864,-0.0610538179439187,-0.0060213549335284
0.379354,0.1099408166882053,-0.2338218389796932,0.1043781190673183,0.1099408166882053,-0.2338218389796932,-0.1043781190673183
0.399492,0.0582703663079772,-0.0959912931975629,0.0405316011565268,0.0582703663079772,-0.0959912931975629,-0.0405316011565268
0.419252,0.2297925526728312,0.0413121483960875,-0.0608525492494944,0.2297925526728312,0.0413121483960875,0.0608525492494944
0.439625,0.3186888310078009,0.2302702165441455,0.0064371163270848,0.3186888310078009,0.2302702165441455,-0.0064371163270848
0.459704,0.276018311232649,0.0901126980211667,-0.0085457403921918,0.276018311232649,0.0901126980211667,0.0085457403921918
0.480025,0.0568851218784158,0.000347829357126,-0.151967819059724,0.0568851218784158,0.000347829357126,0.151967819059724
0.500253,-0.0866725049511878,0.1420658590652585,-0.4021948392285086,-0.0866725049511878,0.1420658590652585,0.4021948392285086
0.52,-0.0926091438405581,0.0358233499901011,-0.2357461490749663,-0.0926091438405581,0.0358233499901011,0.2357461490749663
0.539647,0.181787871079158,-0.1805210403050288,-0.1375274860200104,0.181787871079158,-0.1805210403050288,0.1375274860200104
0.560247,0.1463557372467911,-0.1089477491174271,-0.0669293980754677,0.1463557372467911,-0.1089477491174271,0.0669293980754677
0.579919,-0.1048128432541772,0.0903336606275079,-0.2771456767376072,-0.1048128432541772,0.0903336606275079,0.2771456767376072
0.600047,-0.16856400404306,0.1839596782992995,-0.228200259188597,-0.16856400404306,0.1839596782992995,0.228200259188597
0.619793,-0.1305581564784314,0.0754988541588016,-0.1034481384182939,-0.1305581564784314,0.0754988541588016,0.1034481384182939
0.640071,-0.1481937068596633,-0.0981251291365342,0.0279221689049649,-0.1481937068596633,-0.0981251291365342,-0.0279221689049649
0.660458,-0.038672698006339,-0.1093891086549992,0.0988407189108802,-0.038672698006339,-0.1093891086549992,-0.0988407189108802
0.680539,0.016286390068366,-0.0855159241854617,0.1218147320876994,0.016286390068366,-0.0855159241854617,-0.1218147320876994
0.700175,-0.0755485429062699,-0.1271249065997445,0.0578815686864579,-0.0755485429062699,-0.1271249065997445,-0.0578815686864579
0.720824,-0.155073085367359,0.0416441089876603,-0.0409236647303963,-0.155073085367359,0.0416441089876603,0.0409236647303963
0.740352,-0.0949149421110761,0.2251729816327344,-0.0914516338193269,-0.0949149421110761,0.2251729816327344,0.0914516338193269
0.760819,-0.039058496067107,0.1395433802964069,-0.1000700918222783,-0.039058496067107,0.1395433802964069,0.1000700918222783
0.780709,-0.0367513059972675,-0.0039329570710189,-0.0053125971143508,-0.0367513059972675,-0.0039329570710189,0.0053125971143508
0.800475,-0.0433068405752801,-0.094780635148031,0.0057484535228873,-0.0433068405752801,-0.094780635148031,-0.0057484535228873
0.820665,-0.040752843048385,-0.0770268948855278,0.0229125615333352,-0.040752843048385,-0.0770268948855278,-0.0229125615333352
0.8409,-0.205624859133787,0.02363828186596,-0.0128137596305677,-0.205624859133787,0.02363828186596,0.0128137596305677
0.861094,-0.1340855482199388,0.0035448978298396,-0.1503084814138358,-0.1340855482199388,0.0035448978298396,0.1503084814138358
0.880796,-0.0389076434236947,0.113432296220215,-0.2005782627877259,-0.0389076434236947,0.113432296220215,0.2005782627877259
0.900932,0.0801088828600722,0.1742059278171844,-0.1507723678123742,0.0801088828600722,0.1742059278171844,0.1507723678123742
0.921063,0.2661348434732237,0.2149831673512118,-0.2054129334507575,0.2661348434732237,0.2149831673512118,0.2054129334507575
0.941355,0.0448266878438924,0.10962983938971,-0.075394533207838,0.0448266878438924,0.10962983938971,0.075394533207838
0.961227,-0.1603440042493647,-0.0466724538316312,-0.1280173627394241,-0.1603440042493647,-0.0466724538316312,0.1280173627394241
0.981014,-0.1096841193864418,0.0152560269134418,-0.1877470754793844,-0.1096841193864418,0.0152560269134418,0.1877470754793844
1.001414,0.181161914788858,0.2007877963611095,-0.1955071705589315,0.181161914788858,0.2007877963611095,0.1955071705589315
1.020894,0.2145619552137619,0.0738608609572799,-0.0686658175250904,0.2145619552137619,0.0738608609572799,0.0686658175250904
1.041316,-0.1845869783850842,-0.1719486149619553,-0.0614586034109976,-0.1845869783850842,-0.1719486149619553,0.0614586034109976
1.06126,-0.3243238723801896,-0.1467892222516964,-0.1472290534617926,-0.3243238723801896,-0.1467892222516964,0.1472290534617926
1.081562,-0.2340915234658247,-0.0079650700731711,-0.2111525722394045,-0.2340915234658247,-0.0079650700731711,0.2111525722394045
1.101316,-0.155404752895791,0.0211166799516739,-0.2142850396945785,-0.155404752895791,0.0211166799516739,0.2142850396945785
1.121519,-0.1552358326173893,-0.1660698741975092,0.0017209570701233,-0.1552358326173893,-0.1660698741975092,-0.0017209570701233
1.141454,-0.1282735705941875,-0.2495369371371445,-0.0589752537290593,-0.1282735705941875,-0.2495369371371445,0.0589752537290593
1.162623,-0.101615606972633,-0.0013621535058128,-0.1329962374674362,-0.101615606972633,-0.0013621535058128,0.1329962374674362
1.181554,-0.0967351502966923,0.0304755181219961,-0.1439367209604984,-0.0967351502966923,0.0304755181219961,0.1439367209604984
1.201809,-0.1126496319581176,-0.0286116200676289,-0.0208484931302734,-0.1126496319581176,-0.0286116200676289,0.0208484931302734
1.221686,-0.0032456225286723,-0.0796827065841703,0.0355700556751834,-0.0032456225286723,-0.0796827065841703,-0.0355700556751834
1.241835,0.0020255635135885,-0.0177467453032053,-0.0185498396006575,0.0020255635135885,-0.0177467453032053,0.0185498396006575
1.261915,-0.0093698816597367,0.0611043800849207,-0.0510764568004944,-0.0093698816597367,0.0611043800849207,0.0510764568004944
1.282155,-0.0112843963525586,-0.0649808658367679,0.0371304212910033,-0.0112843963525586,-0.0649808658367679,-0.0371304212910033
1.301881,0.0521047369286736,-0.1729300429824994,0.0982509695592952,0.0521047369286736,-0.1729300429824994,-0.0982509695592952
1.32203,-0.04200947017004,0.0129384099723478,-0.0561337055232087,-0.04200947017004,0.0129384099723478,0.0561337055232087
1.341766,0.0522344705766103,0.1506553686392183,-0.0927392226357266,0.0522344705766103,0.1506553686392183,0.0927392226357266
1.362681,0.0369157358697651,0.0119895621799327,0.0162293391243437,0.0369157358697651,0.0119895621799327,-0.0162293391243437
1.38255,-0.0572374521160318,-0.0221747276867092,-0.0752453130002166,-0.0572374521160318,-0.0221747276867092,0.0752453130002166
1.402315,-0.0939009815828775,-0.0067223764609385,-0.082216672871807,-0.0939009815828775,-0.0067223764609385,0.082216672871807
1.422201,-0.1545835415495012,-0.0321764000730179,-0.0399090122467988,-0.1545835415495012,-0.0321764000730179,0.0399090122467988
1.442222,0.1286484143133456,0.0079559973033301,-0.1310438097968482,0.1286484143133456,0.0079559973033301,0.1310438097968482
1.462659,-0.0068325776067116,0.0796872428787199,-0.1856670268118332,-0.0068325776067116,0.0796872428787199,0.1856670268118332
1.482903,-0.0125438359296703,0.0061966070264076,-0.1664660249798899,-0.0125438359296703,0.0061966070264076,0.1664660249798899
1.50249,-0.0377794685391964,-0.032216386122939,-0.0796151898675674,-0.0377794685391964,-0.032216386122939,0.0796151898675674
1.522395,-0.0532713248804988,-0.1211554496900171,-0.0147326928694973,-0.0532713248804988,-0.1211554496900171,0.0147326928694973
1.542577,0.0052451813658528,-0.0178229126424564,-0.0332113926611068,0.0052451813658528,-0.0178229126424564,0.0332113926611068
1.562633,0.1424730574461681,0.0132590198959693,-0.0489219103525773,0.1424730574461681,0.0132590198959693,0.0489219103525773
1.58268,-0.0128588260438805,0.0629144275294303,-0.0807854081815211,-0.0128588260438805,0.0629144275294303,0.0807854081815211
1.603135,0.0501637840072417,-0.0339435911270438,-0.0615839604343104,0.0501637840072417,-0.0339435911270438,0.0615839604343104
1.622812,0.0435277093213471,-0.0706837650877344,-0.0200083405405475,0.0435277093213471,-0.0706837650877344,0.0200083405405475
1.642685,0.1793089794935086,-0.0903203612231506,0.0548868863388918,0.1793089794935086,-0.0903203612231506,-0.0548868863388918
1.662978,-0.0128968684548189,-0.0172948605562832,-0.0269281736765414,-0.0128968684548189,-0.0172948605562832,0.0269281736765414
1.683201,-0.1675053269739432,0.2051052698601964,-0.176649061727101,-0.1675053269739432,0.2051052698601964,0.176649061727101
1.703184,-0.0687094502454951,0.0758507999881635,-0.1534501449897902,-0.0687094502454951,0.0758507999881635,0.1534501449897902
1.723076,0.0640520796896941,-0.0295080426210813,-0.0705578557865873,0.0640520796896941,-0.0295080426210813,0.0705578557865873
1.742976,0.0368232587331562,-0.0144262043041186,-0.0596949752450584,0.0368232587331562,-0.0144262043041186,0.0596949752450584
1.763745,-0.0003201622914575,0.0366940083489472,-0.0921661668995792,-0.0003201622914575,0.0366940083489472,0.0921661668995792
1.783477,0.0032911113541283,0.0308799460044474,-0.1442215348940436,0.0032911113541283,0.0308799460044474,0.1442215348940436
1.803384,-0.058340657721043,-0.0034385711923272,-0.13833013854771,-0.058340657721043,-0.0034385711923272,0.13833013854771
1.823738,-0.0740094551978346,0.0966980217564854,-0.1427242439236558,-0.0740094551978346,0.0966980217564854,0.1427242439236558
1.843576,-0.0181936161128464,-0.0131707706652451,-0.1025480079561269,-0.0181936161128464,-0.0131707706652451,0.1025480079561269
1.86401,-0.0480436327282931,-0.0839859761940483,-0.1369493592583222,-0.0480436327282931,-0.0839859761940483,0.1369493592583222
1.883923,0.0336079169342952,-0.1115028053590693,-0.0683394420902008,0.0336079169342952,-0.1115028053590693,0.0683394420902008
1.903773,0.0382977933664098,-0.0413478904622412,0.02291211239217,0.0382977933664098,-0.0413478904622412,-0.02291211239217
1.923819,0.0523628891740253,0.1253264535899829,-0.0173628266999497,0.0523628891740253,0.1253264535899829,0.0173628266999497
1.943644,-0.0555689322508059,0.1833041172774059,-0.1177216870153436,-0.0555689322508059,0.1833041172774059,0.1177216870153436
1.964179,0.0866403081154115,0.0129310150527299,-0.0347868180655321,0.0866403081154115,0.0129310150527299,0.0347868180655321
1.984461,0.0528377838830581,0.0564604038178658,-0.0285649739070077,0.0528377838830581,0.0564604038178658,0.0285649739070077
2.00418,0.195888095272109,-0.1354923608335396,0.1015695605749193,0.195888095272109,-0.1354923608335396,-0.1015695605749193
2.02386,0.0298906916629212,-0.1930319294498318,0.0375341188314752,0.0298906916629212,-0.1930319294498318,-0.0375341188314752
2.044552,-0.0648613429174404,0.0577433292353712,-0.0406428522751536,-0.0648613429174404,0.0577433292353712,0.0406428522751536
2.064526,-0.2174276551154921,0.0897089578197472,-0.1699272088220311,-0.2174276551154921,0.0897089578197472,0.1699272088220311
2.084638,-0.1772315249647413,0.0707736240410982,-0.1354396504577675,-0.1772315249647413,0.0707736240410982,0.1354396504577675
2.10515,0.0891463624232549,-0.1998812655343727,0.0272116386146112,0.0891463624232549,-0.1998812655343727,-0.0272116386146112
2.12441,0.104040295942856,-0.1448151714560118,0.1004215939684893,0.104040295942856,-0.1448151714560118,-0.1004215939684893
2.144117,0.0292288732076703,-0.0777162405160424,-0.0101512954300808,0.0292288732076703,-0.0777162405160424,0.0101512954300808
2.165205,-0.1519781636277532,0.0865187131786989,-0.1177532108732197,-0.1519781636277532,0.0865187131786989,0.1177532108732197
2.184633,-0.105254196654903,0.0853650760783523,-0.1899455844346711,-0.105254196654903,0.0853650760783523,0.1899455844346711
2.205434,0.0076839990372642,0.0634054411273316,-0.1780475684010998,0.0076839990372642,0.0634054411273316,0.1780475684010998
2.224349,0.0256103320160297,0.055675679487676,-0.1521781911166346,0.0256103320160297,0.055675679487676,0.1521781911166346
2.244632,0.0929585939487056,0.0820862352398232,-0.1155776515889996,0.0929585939487056,0.0820862352398232,0.1155776515889996
2.265494,0.2020582685223927,0.0808744501162946,-0.1280706991452458,0.2020582685223927,0.0808744501162946,0.1280706991452458
2.285127,-0.0349510864147359,0.1526290189934767,-0.1839086833384353,-0.0349510864147359,0.1526290189934767,0.1839086833384353
2.304922,-0.1285713366957487,0.1698471804541378,-0.2326962827263941,-0.1285713366957487,0.1698471804541378,0.2326962827263941
2.324827,-0.0360416918906355,0.0476178687083848,-0.0644603567264017,-0.0360416918906355,0.0476178687083848,0.0644603567264017
2.344905,0.1243366757845492,-0.1256831772036562,0.00746835669052,0.1243366757845492,-0.1256831772036562,-0.00746835669052
2.365861,0.1370546524240437,-0.014243263391894,-0.0913022504999396,0.1370546524240437,-0.014243263391894,0.0913022504999396
2.385159,0.156561834583461,0.2172469724895951,-0.1362140478073055,0.156561834583461,0.2172469724895951,0.1362140478073055
2.405466,0.0481853822266438,0.1485332640526394,-0.1423166579204444,0.0481853822266438,0.1485332640526394,0.1423166579204444
2.425126,-0.0456178437233569,0.0171496540762164,-0.1191208928542497,-0.0456178437233569,0.0171496540762164,0.1191208928542497
2.445461,-0.0708835365549113,-0.002161680310027,-0.0831739517857741,-0.0708835365549113,-0.002161680310027,0.0831739517857741
2.466277,-0.093739297511735,-0.1295031581829704,-0.0183861548672155,-0.093739297511735,-0.1295031581829704,0.0183861548672155
2.486457,-0.0685636716736591,-0.1403845552664747,-0.0697888137898221,-0.0685636716736591,-0.1403845552664747,0.0697888137898221
2.505572,0.0804014766124354,0.2478498595867275,-0.3796825864319224,0.0804014766124354,0.2478498595867275,0.3796825864319224
2.525717,0.1197384791547488,0.3864542476136644,-0.3807901754348126,0.1197384791547488,0.3864542476136644,0.3807901754348126
2.54556,-0.0702624196401472,-0.1171411070789634,-0.1729709729492441,-0.0702624196401472,-0.1171411070789634,0.1729709729492441
2.566577,0.0099780028615085,-0.2359929499343938,-0.1979885305602451,0.0099780028615085,-0.2359929499343938,0.1979885305602451
2.585897,0.5724762941068074,0.5769511527359121,-0.6195680006410935,0.5724762941068074,0.5769511527359121,0.6195680006410935
2.605971,0.2914822689946572,0.719274452684446,-0.7973504068692314,0.2914822689946572,0.719274452684446,0.7973504068692314
2.625848,-0.2799037323851245,0.0635237050772489,-0.4586465019548615,-0.2799037323851245,0.0635237050772489,0.4586465019548615
2.645958,-0.313023873351596,-0.1059792896082089,-0.4974137534509797,-0.313023873351596,-0.1059792896082089,0.4974137534509797
2.667067,-0.1166207647216351,0.2275201591124911,-0.8022171249211283,-0.1166207647216351,0.2275201591124911,0.8022171249211283
2.686536,-0.0446158944691696,0.062512450914215,-0.5803700533461242,-0.0446158944691696,0.062512450914215,0.5803700533461242
2.70665,-0.3027841947196649,-0.1509781274444155,-0.5945552285551052,-0.3027841947196649,-0.1509781274444155,0.5945552285551052
2.726243,-0.1424329014101054,-0.2931671788423553,-0.5082310703904884,-0.1424329014101054,-0.2931671788423553,0.5082310703904884
2.746293,-0.1666162345464948,0.6542009914169031,-1.5384766058541874,-0.1666162345464948,0.6542009914169031,1.5384766058541874
2.767323,-0.6094508013433877,1.2508888355172012,-2.03748887812987,-0.6094508013433877,1.2508888355172012,2.03748887812987
2.786773,0.0969269949913316,-0.577369525541119,-0.6993415622347907,0.0969269949913316,-0.577369525541119,0.6993415622347907
2.806488,-0.4746903025428416,-1.4507677635838627,-0.0229025238893925,-0.4746903025428416,-1.4507677635838627,0.0229025238893925
2.826537,-1.23854203168372,-0.0650902997445702,-1.5289847754383086,-1.23854203168372,-0.0650902997445702,1.5289847754383086
2.84661,-1.1636420604492452,0.8314685228672078,-2.061583277007907,-1.1636420604492452,0.8314685228672078,2.061583277007907
2.867617,-0.0931527151661141,-1.1955809808216225,-0.5371950719421594,-0.0931527151661141,-1.1955809808216225,0.5371950719421594
2.88698,-0.5331634156558728,-1.516870377552366,-0.0347425737374944,-0.5331634156558728,-1.516870377552366,0.0347425737374944
2.90686,-1.351844824324243,-0.451672685408044,-1.4069626091142506,-1.351844824324243,-0.451672685408044,1.4069626091142506
2.927203,-0.8883372603581553,-0.8281371702128876,-0.3992840450123793,-0.8883372603581553,-0.8281371702128876,0.3992840450123793
2.946939,0.3249476310038293,-1.966607692618552,1.567653060020186,0.3249476310038293,-1.966607692618552,-1.567653060020186
2.967965,-0.0521110916372194,-1.408091960592331,0.6998093101155458,-0.0521110916372194,-1.408091960592331,-0.6998093101155458
2.987325,-0.8268079002395669,-0.4964179981353336,-0.6144411551930702,-0.8268079002395669,-0.4964179981353336,0.6144411551930702
3.007331,-1.1317180187420184,-0.7360709096840465,-0.5903406677674639,-1.1317180187420184,-0.7360709096840465,0.5903406677674639
3.027107,0.3308740866403451,-0.9689282308101884,1.7154500928430991,0.3308740866403451,-0.9689282308101884,-1.7154500928430991
3.047338,1.006661655629355,-1.0773719209389825,1.9272950905660815,1.006661655629355,-1.0773719209389825,-1.9272950905660815
3.067144,-0.0737368689264729,-0.4613237593993333,0.6487209847703923,-0.0737368689264729,-0.4613237593993333,-0.6487209847703923
3.087653,-0.9365934542355868,-0.3205056872563753,0.1402010977326568,-0.9365934542355868,-0.3205056872563753,-0.1402010977326568
3.107316,-0.138080593530698,-0.3994034971527282,0.5331626442010258,-0.138080593530698,-0.3994034971527282,-0.5331626442010258
3.127532,0.618909917451764,-0.3810398877933713,1.265125856421422,0.618909917451764,-0.3810398877933713,-1.265125856421422
3.147868,0.0498269746523601,-0.4783580832781229,0.5037559567555583,0.0498269746523601,-0.4783580832781229,-0.5037559567555583
3.168677,-0.2446348390203799,-0.2443008130473005,-0.1783258647733561,-0.2446348390203799,-0.2443008130473005,0.1783258647733561
3.187841,0.252006955054215,-0.4019344533508791,0.230876002152863,0.252006955054215,-0.4019344533508791,-0.230876002152863
3.207945,0.4463157845096753,-0.3413136982519203,1.184792538768745,0.4463157845096753,-0.3413136982519203,-1.184792538768745
3.227707,0.2400312180368254,-0.4033112439595943,0.9873428753151644,0.2400312180368254,-0.4033112439595943,-0.9873428753151644
3.247898,-0.0730097605172357,-0.4136889474117597,0.2472842419502914,-0.0730097605172357,-0.4136889474117597,-0.2472842419502914
3.268939,-0.2550501029754646,-0.4650513347531136,0.102490952687452,-0.2550501029754646,-0.4650513347531136,-0.102490952687452
3.288356,0.0559421902714784,-0.3933935000856683,0.2182291386352375,0.0559421902714784,-0.3933935000856683,-0.2182291386352375
3.308004,0.4148023286310405,-0.2701075612395321,0.4686049257201148,0.4148023286310405,-0.2701075612395321,-0.4686049257201148
3.328079,0.2163979620553865,-0.2389427837403847,0.0647871498212282,0.2163979620553865,-0.2389427837403847,-0.0647871498212282
3.347953,0.0015917430869531,-0.2165443232877903,-0.3399472980868481,0.0015917430869531,-0.2165443232877903,0.3399472980868481
3.369366,-0.0792710571931582,-0.2921488096778944,-0.0722477205266347,-0.0792710571931582,-0.2921488096778944,0.0722477205266347
3.388375,0.1102244550700238,-0.3378070223301714,0.4671404745425853,0.1102244550700238,-0.3378070223301714,-0.4671404745425853
3.408556,0.2629758728708327,-0.3372236186358899,0.6475369114068812,0.2629758728708327,-0.3372236186358899,-0.6475369114068812
3.428181,0.0593570076319766,-0.3231503412626706,0.1666036741517711,0.0593570076319766,-0.3231503412626706,-0.1666036741517711
3.448519,-0.0395456008470735,-0.2587325653448956,-0.2623747376781029,-0.0395456008470735,-0.2587325653448956,0.2623747376781029
3.468295,-0.017703544933545,-0.1958303270749489,-0.2569364470578215,-0.017703544933545,-0.1958303270749489,0.2569364470578215
3.488567,0.2953146215234617,-0.0754801118555467,0.1263604306258905,0.2953146215234617,-0.0754801118555467,-0.1263604306258905
3.508526,0.0430907957876127,-0.1643889074829866,0.1785926050418993,0.0430907957876127,-0.1643889074829866,-0.1785926050418993
3.528673,-0.1165407366152476,-0.2518681718824163,-0.0914505695737357,-0.1165407366152476,-0.2518681718824163,0.0914505695737357
3.548614,0.0576528789758929,-0.2015534414370419,-0.1572082499483578,0.0576528789758929,-0.2015534414370419,0.1572082499483578
3.568882,-0.0266223326435842,-0.1987120663820921,0.0622995857718713,-0.0266223326435842,-0.1987120663820921,-0.0622995857718713
3.589136,0.0212138398230133,-0.1803428147574412,0.1016318989077174,0.0212138398230133,-0.1803428147574412,-0.1016318989077174
3.60905,0.0414474865566425,-0.1791889535901702,-0.0503396856408144,0.0414474865566425,-0.1791889535901702,0.0503396856408144
3.628827,-0.0995059757602273,-0.1813941160289584,-0.387470910169025,-0.0995059757602273,-0.1813941160289584,0.387470910169025
3.649163,-0.0693402759631028,-0.1588445550173851,-0.2578357229526293,-0.0693402759631028,-0.1588445550173851,0.2578357229526293
3.66884,-0.0891285575088461,-0.1758439738542725,-0.0010913424287988,-0.0891285575088461,-0.1758439738542725,0.0010913424287988
3.689356,-0.0251330352420827,-0.1880421291173017,-0.1063240859429583,-0.0251330352420827,-0.1880421291173017,0.1063240859429583
3.709156,0.02638402245531,-0.063289980645164,-0.1835323204195393,0.02638402245531,-0.063289980645164,0.1835323204195393
3.729332,0.0569520033976355,-0.0892072282052936,-0.0942578445258952,0.0569520033976355,-0.0892072282052936,0.0942578445258952
3.749289,-0.0053668425387809,-0.1644703812038631,0.1301289956156743,-0.0053668425387809,-0.1644703812038631,-0.1301289956156743
3.769361,-0.0879994710771331,-0.1614342656023732,0.119851512348676,-0.0879994710771331,-0.1614342656023732,-0.119851512348676
3.78949,0.0745209072228996,-0.0627503000902141,-0.0016132485801332,0.0745209072228996,-0.0627503000902141,0.0016132485801332
3.809853,0.0480680634094167,-0.093313480259156,-0.1904556173966618,0.0480680634094167,-0.093313480259156,0.1904556173966618
3.829731,-0.1148075652239392,-0.1478670639633182,-0.2459818638344497,-0.1148075652239392,-0.1478670639633182,0.2459818638344497
3.849662,-0.0808077126912264,-0.1371376720158067,-0.0008796399779118,-0.0808077126912264,-0.1371376720158067,0.0008796399779118
3.869644,0.2206468289357155,-0.0427684043324518,0.1722585342432356,0.2206468289357155,-0.0427684043324518,-0.1722585342432356
3.889785,0.1650533441144416,-0.005997238312407,0.0369853705234461,0.1650533441144416,-0.005997238312407,-0.0369853705234461
3.909749,-0.0124833021673341,-0.0934531225481965,-0.076098422952068,-0.0124833021673341,-0.0934531225481965,0.076098422952068
3.929879,-0.1070249135242733,-0.1368751796660417,-0.0714364288560407,-0.1070249135242733,-0.1368751796660417,0.0714364288560407
3.949891,0.0740580925470204,-0.0577390491922596,-0.1277735685836099,0.0740580925470204,-0.0577390491922596,0.1277735685836099
3.970106,0.1321695771655798,-0.0873796955118717,-0.0962449686330213,0.1321695771655798,-0.0873796955118717,0.0962449686330213
3.990234,0.0568705147954819,-0.1465884929848981,0.0995496430595093,0.0568705147954819,-0.1465884929848981,-0.0995496430595093
4.010059,0.067448413867163,-0.172930198242417,-0.0077347481982652,0.067448413867163,-0.172930198242417,0.0077347481982652
4.030466,-0.0895772687295387,-0.1313446821470509,-0.3512682424908604,-0.0895772687295387,-0.1313446821470509,0.3512682424908604
4.050009,-0.0528358630826769,-0.0178451958138794,-0.3700713036541323,-0.0528358630826769,-0.0178451958138794,0.3700713036541323
4.070205,0.2380283165653406,0.0465410969458368,-0.1203246208919264,0.2380283165653406,0.0465410969458368,0.1203246208919264
4.090497,0.1585283969924911,-0.0375201721136758,0.0653606048395012,0.1585283969924911,-0.0375201721136758,-0.0653606048395012
4.110405,-0.1600642357252817,-0.157936520195665,0.0298134941287795,-0.1600642357252817,-0.157936520195665,-0.0298134941287795
4.130463,-0.1692013636881141,-0.2234303448436985,-0.1840990962056157,-0.1692013636881141,-0.2234303448436985,0.1840990962056157
4.150508,0.0667155247964821,-0.0664194844582666,-0.3229512312084992,0.0667155247964821,-0.0664194844582666,0.3229512312084992
4.170591,0.2462431728899161,0.0992405904369329,-0.1015023079497741,0.2462431728899161,0.0992405904369329,0.1015023079497741
4.190542,0.0485553327815267,-0.021046313425907,0.055704570228686,0.0485553327815267,-0.021046313425907,-0.055704570228686
4.210842,-0.2349041577268963,-0.0787905879469021,-0.0434783450233968,-0.2349041577268963,-0.0787905879469021,0.0434783450233968
4.230451,-0.086230660050258,-0.0661524100529438,-0.1681165760189173,-0.086230660050258,-0.0661524100529438,0.1681165760189173
4.251206,0.039571342763419,-0.0464687947900353,0.0275263349990666,0.039571342763419,-0.0464687947900353,-0.0275263349990666
4.270719,-0.016571541925309,-0.1137734139359132,0.1258622351319367,-0.016571541925309,-0.1137734139359132,-0.1258622351319367
4.290946,-0.1649165656697718,-0.1490632720756164,-0.1625903019287662,-0.1649165656697718,-0.1490632720756164,0.1625903019287662
4.310805,-0.0309621437820054,-0.0598887842555982,-0.1001128585517783,-0.0309621437820054,-0.0598887842555982,0.1001128585517783
4.330991,-0.0276253264559054,-0.121817537167365,-0.0058878887250468,-0.0276253264559054,-0.121817537167365,0.0058878887250468
4.35104,-0.1064871749097911,-0.0873870113425156,-0.2731547331738095,-0.1064871749097911,-0.0873870113425156,0.2731547331738095
4.371122,0.0340618790579391,0.0090360916997146,-0.2518208421423971,0.0340618790579391,0.0090360916997146,0.2518208421423971
4.391215,0.1490292114072265,-0.0126662702239828,-0.0189569310055528,0.1490292114072265,-0.0126662702239828,0.0189569310055528
4.411133,-0.0115811831842997,-0.0654106370839748,0.0611135203276109,-0.0115811831842997,-0.0654106370839748,-0.0611135203276109
4.431154,-0.184968400903418,-0.1512018668295996,-0.1096908265091443,-0.184968400903418,-0.1512018668295996,0.1096908265091443
4.451549,0.0645303969190644,-0.0482060879000248,-0.328368846340501,0.0645303969190644,-0.0482060879000248,0.328368846340501
4.471648,0.0537804537258062,-0.0037595879682942,-0.1633233663918467,0.0537804537258062,-0.0037595879682942,0.1633233663918467
4.491443,0.207350469381465,0.0196900318445297,0.194348601890427,0.207350469381465,0.0196900318445297,-0.194348601890427
4.511422,0.1044596939176808,-0.0499442841500258,0.1633907119956834,0.1044596939176808,-0.0499442841500258,-0.1633907119956834
4.531599,-0.1529397886900024,-0.1237280287064474,-0.0624556790095827,-0.1529397886900024,-0.1237280287064474,0.0624556790095827
4.551494,-0.0368298887062098,-0.0655755083295238,-0.1994876804898719,-0.0368298887062098,-0.0655755083295238,0.1994876804898719
4.571821,0.1498939182289127,0.0219807039025375,-0.1320477702468849,0.1498939182289127,0.0219807039025375,0.1320477702468849
4.59176,0.2287566697109288,0.0367206178465034,-0.0330176233455681,0.2287566697109288,0.0367206178465034,0.0330176233455681
4.611988,0.0453789256825438,0.0156391673244522,-0.0676787622002752,0.0453789256825438,0.0156391673244522,0.0676787622002752
4.631779,-0.0917304579979241,-0.0723325726619415,-0.1187081192494439,-0.0917304579979241,-0.0723325726619415,0.1187081192494439
4.652119,-0.0293583629325357,-0.0804167322248917,-0.1822075707565673,-0.0293583629325357,-0.0804167322248917,0.1822075707565673
4.671828,0.0334387132960764,-0.033448603769737,-0.1765200150679202,0.0334387132960764,-0.033448603769737,0.1765200150679202
4.69259,0.0502421240194612,-0.0344561341412585,-0.1084753920497476,0.0502421240194612,-0.0344561341412585,0.1084753920497476
4.712869,0.0793330613832797,-0.0782952648113498,-0.0198318161571684,0.0793330613832797,-0.0782952648113498,0.0198318161571684
4.732107,-0.0303035184297082,-0.0502785108823514,-0.0705494599116196,-0.0303035184297082,-0.0502785108823514,0.0705494599116196
4.752094,-0.0882467735692437,-0.0901065994380669,-0.152418795542685,-0.0882467735692437,-0.0901065994380669,0.152418795542685
4.772221,0.0161443215215565,-0.0350426424908475,-0.2911855669624366,0.0161443215215565,-0.0350426424908475,0.2911855669624366
4.792494,0.0630605447660524,0.0075284869606958,-0.0388981771427108,0.0630605447660524,0.0075284869606958,0.0388981771427108
4.812479,0.116381952328435,-0.084868327332271,0.1681741624881318,0.116381952328435,-0.084868327332271,-0.1681741624881318
4.83258,-0.0319559733273569,-0.05703998878724,0.0548196021243132,-0.0319559733273569,-0.05703998878724,-0.0548196021243132
4.852458,-0.1401724013306758,-0.0958869966334079,-0.1437627451379306,-0.1401724013306758,-0.0958869966334079,0.1437627451379306
4.872455,0.0128061120892977,0.0058930300046052,-0.2370249244169162,0.0128061120892977,0.0058930300046052,0.2370249244169162
4.892613,0.1979900868213238,0.0561810460195831,-0.0906455961119157,0.1979900868213238,0.0561810460195831,0.0906455961119157
4.913285,0.0450628280347005,-0.0185032725089125,-0.0055969899986276,0.0450628280347005,-0.0185032725089125,0.0055969899986276
4.932759,-0.0570072970189896,-0.0568984987338801,0.0521149277568966,-0.0570072970189896,-0.0568984987338801,-0.0521149277568966
4.952454,0.0765667140984438,-0.0108678299461641,-0.0244192470235891,0.0765667140984438,-0.0108678299461641,0.0244192470235891
4.972689,-0.0387688877114038,-0.0666826453229654,-0.1869641235880585,-0.0387688877114038,-0.0666826453229654,0.1869641235880585
4.992747,-0.0548135078224702,-0.0798490587551426,-0.1650056533238011,-0.0548135078224702,-0.0798490587551426,0.1650056533238011
5.013115,0.2176946345748743,0.0442092945008726,-0.105776587504037,0.2176946345748743,0.0442092945008726,0.105776587504037
5.033125,0.1160117760212107,0.040014096097765,0.0631830018459727,0.1160117760212107,0.040014096097765,-0.0631830018459727
5.053161,-0.1222140801776114,-0.1179736434278713,-0.0804029417358673,-0.1222140801776114,-0.1179736434278713,0.0804029417358673
5.073106,-0.0900583633467241,-0.0682844251346233,-0.3956137411617444,-0.0900583633467241,-0.0682844251346233,0.3956137411617444
5.093468,0.0755835420570036,-0.0091337842306491,-0.2964828766099625,0.0755835420570036,-0.0091337842306491,0.2964828766099625
5.113285,0.2413057959766615,0.0269326102493526,0.1235561674063063,0.2413057959766615,0.0269326102493526,-0.1235561674063063
5.133631,0.186042306884261,0.081839916423445,0.1794433261263375,0.186042306884261,0.081839916423445,-0.1794433261263375
5.153235,-0.0302331025601296,-0.0010597209450302,-0.0606726796962977,-0.0302331025601296,-0.0010597209450302,0.0606726796962977
5.173573,-0.2662351550120105,-0.0860157936882513,-0.2780193489967875,-0.2662351550120105,-0.0860157936882513,0.2780193489967875
5.193553,-0.0350266928009338,-0.051074618919187,-0.245286378321671,-0.0350266928009338,-0.051074618919187,0.245286378321671
5.213713,0.1305588211534411,0.0155344994624673,-0.0361913777198008,0.1305588211534411,0.0155344994624673,0.0361913777198008
5.233508,0.0792071789611541,-0.0709472586015896,0.0757885780184306,0.0792071789611541,-0.0709472586015896,-0.0757885780184306
5.253733,0.0474185215534557,-0.0122833268534136,0.0701516455164323,0.0474185215534557,-0.0122833268534136,-0.0701516455164323
5.273598,-0.0425649522583382,-0.0607900359578079,-0.0326692043812837,-0.0425649522583382,-0.0607900359578079,0.0326692043812837
5.293858,-0.1152992945441628,-0.0271363039345819,-0.2536285824387789,-0.1152992945441628,-0.0271363039345819,0.2536285824387789
5.313915,-0.1657234350731703,-0.0028827910751543,-0.2215541922847119,-0.1657234350731703,-0.0028827910751543,0.2215541922847119
5.334022,0.109187544649616,-0.0203540064005248,0.0870482121224434,0.109187544649616,-0.0203540064005248,-0.0870482121224434
5.354244,0.0358262380086514,-0.0348669077839853,0.0085716529434396,0.0358262380086514,-0.0348669077839853,-0.0085716529434396
5.374114,-0.1008230854847328,-0.1161296047900423,-0.1302521654637587,-0.1008230854847328,-0.1161296047900423,0.1302521654637587
5.394101,-0.025937832886693,-0.0439228443087741,-0.132413760942212,-0.025937832886693,-0.0439228443087741,0.132413760942212
5.414371,0.0954559888299765,0.0135046290514351,-0.0387557278328056,0.0954559888299765,0.0135046290514351,0.0387557278328056
5.434084,-0.014415249893222,-0.0473115714015755,-0.074376314520844,-0.014415249893222,-0.0473115714015755,0.074376314520844
5.454202,-0.073257798688944,-0.0464063608068061,-0.1512793053610348,-0.073257798688944,-0.0464063608068061,0.1512793053610348
5.47406,0.0158241780223321,-0.0354905711309425,-0.1694000460247107,0.0158241780223321,-0.0354905711309425,0.1694000460247107
5.494358,0.0087863484710128,0.0119670504803026,-0.2009939995063661,0.0087863484710128,0.0119670504803026,0.2009939995063661
5.514493,0.0325642388578625,-0.0313270273948484,-0.0731085543117338,0.0325642388578625,-0.0313270273948484,0.0731085543117338
5.53456,-0.0246454580598398,-0.0876813221260903,0.1021431423037722,-0.0246454580598398,-0.0876813221260903,-0.1021431423037722
5.554299,0.049426293850344,-0.0587805183889049,0.0329013416141172,0.049426293850344,-0.0587805183889049,-0.0329013416141172
5.575089,0.0856496618930684,0.0310478387866414,-0.0921014457495079,0.0856496618930684,0.0310478387866414,0.0921014457495079
5.594511,-0.020143140661721,-0.0540070480062156,-0.0318460892071641,-0.020143140661721,-0.0540070480062156,0.0318460892071641
5.614712,-0.0725826138905567,-0.0392308387983689,-0.212254452820126,-0.0725826138905567,-0.0392308387983689,0.212254452820126
5.634773,0.0505982007934888,0.0032410470970014,-0.102309607091465,0.0505982007934888,0.0032410470970014,0.102309607091465
5.654678,0.0433520427490874,0.0097986528667645,0.1271429743562961,0.0433520427490874,0.0097986528667645,-0.1271429743562961
5.674606,0.0020443252685142,-0.0267431974754544,-0.0001270611241128,0.0020443252685142,-0.0267431974754544,0.0001270611241128
5.695089,-0.0150682263187528,-0.0189505068204345,-0.3355986801818638,-0.0150682263187528,-0.0189505068204345,0.3355986801818638
5.714853,-0.1029417346775702,-0.0419964429894068,-0.236708296533159,-0.1029417346775702,-0.0419964429894068,0.236708296533159
5.735212,-0.023228525772092,-0.0497652254089219,0.0367692419864695,-0.023228525772092,-0.0497652254089219,-0.0367692419864695
5.754859,0.0745574592378078,0.00079431379104,-0.076933932693791,0.0745574592378078,0.00079431379104,0.076933932693791
5.774997,-0.0352503835337628,0.0129307157569928,-0.1342930786061895,-0.0352503835337628,0.0129307157569928,0.1342930786061895
5.795331,-0.0020716990366619,-0.0073768575893205,-0.113046085967861,-0.0020716990366619,-0.0073768575893205,0.113046085967861
5.815384,0.0521153941238549,-0.0335146446022109,-0.1537491404658819,0.0521153941238549,-0.0335146446022109,0.1537491404658819
5.835501,0.0498764111947517,-0.0199873883397575,-0.0297946042930696,0.0498764111947517,-0.0199873883397575,0.0297946042930696
5.855296,-0.0152241346502434,-0.050455221364905,-0.0345566509000647,-0.0152241346502434,-0.050455221364905,0.0345566509000647
5.875387,0.0292572587811387,-0.0273351553268384,-0.0497780082096053,0.0292572587811387,-0.0273351553268384,0.0497780082096053
5.895464,0.0047697177218068,-0.0147521202292917,-0.0737174802950271,0.0047697177218068,-0.0147521202292917,0.0737174802950271
5.915738,-0.0003445751884709,-0.0270756779520063,-0.1088322647877433,-0.0003445751884709,-0.0270756779520063,0.1088322647877433
5.9354,-0.0946267527896215,-0.0175971026724253,-0.1415362830036493,-0.0946267527896215,-0.0175971026724253,0.1415362830036493
5.955572,0.1810383716869585,0.0161648160815037,-0.0072560876105729,0.1810383716869585,0.0161648160815037,0.0072560876105729
5.97563,0.1148700653694708,0.0425832134692482,0.1034783806635744,0.1148700653694708,0.0425832134692482,-0.1034783806635744
5.996128,-0.0441952323636954,-0.0904986222297564,-0.0229062700280806,-0.0441952323636954,-0.0904986222297564,0.0229062700280806
6.016343,-0.1539362527056758,-0.0414683475522219,-0.1652895035185917,-0.1539362527056758,-0.0414683475522219,0.1652895035185917
6.035898,-0.0117439743372791,-0.0466025160317799,-0.2071570543433232,-0.0117439743372791,-0.0466025160317799,0.2071570543433232
6.056064,0.0900955307769961,0.0432854366393178,-0.1704011532968934,0.0900955307769961,0.0432854366393178,0.1704011532968934
6.075882,0.0955392930443195,-0.0376709874704967,0.0608986757780734,0.0955392930443195,-0.0376709874704967,-0.0608986757780734
6.096239,0.0724324088065535,-0.0003401314528412,0.156578311914421,0.0724324088065535,-0.0003401314528412,-0.156578311914421
6.116889,0.0283737834231475,-0.0261972446163533,-0.041202852555406,0.0283737834231475,-0.0261972446163533,0.041202852555406
6.136266,-0.1211686247284827,0.0011661008881101,-0.2847071730915562,-0.1211686247284827,0.0011661008881101,0.2847071730915562
6.155987,-0.0138606876337212,-0.043272538912643,-0.2303291692903073,-0.0138606876337212,-0.043272538912643,0.2303291692903073
6.176275,0.1714047341186275,0.0229060770970694,0.01607804507214,0.1714047341186275,0.0229060770970694,-0.01607804507214
6.196264,0.0943201239817295,-0.0046829157199561,0.0986855787518106,0.0943201239817295,-0.0046829157199561,-0.0986855787518106
6.21676,-0.0841164480739344,-0.0995183847245865,-0.115827499970436,-0.0841164480739344,-0.0995183847245865,0.115827499970436
6.236891,-0.0675901759028212,-0.0304306124675119,-0.3017115926924969,-0.0675901759028212,-0.0304306124675119,0.3017115926924969
6.256613,0.0970586418368162,0.0069222348611452,-0.1245402118332013,0.0970586418368162,0.0069222348611452,0.1245402118332013
6.276439,0.1525285168138915,0.0417342131867199,-0.0082907251096244,0.1525285168138915,0.0417342131867199,0.0082907251096244
6.296875,0.107724996344309,0.0335637287685024,-0.0041233612978235,0.107724996344309,0.0335637287685024,0.0041233612978235
6.316795,-0.1600843411179063,-0.04373839283764,-0.1614772320834596,-0.1600843411179063,-0.04373839283764,0.1614772320834596
6.336767,-0.0970276468307435,-0.0104132465773383,-0.2904773946715728,-0.0970276468307435,-0.0104132465773383,0.2904773946715728
6.356609,0.0064236964752869,-0.0129691602785727,-0.1465692651525287,0.0064236964752869,-0.0129691602785727,0.1465692651525287
6.376912,-0.0082516706282028,-0.0909382623667975,0.1227136015170948,-0.0082516706282028,-0.0909382623667975,-0.1227136015170948
6.39728,0.0265711607327517,-0.0463185392506787,0.0330737565027696,0.0265711607327517,-0.0463185392506787,-0.0330737565027696
6.417132,0.0701129650986925,0.0019635630279388,0.0559441680262953,0.0701129650986925,0.0019635630279388,-0.0559441680262953
6.436872,-0.0619414539366791,0.0389861134901208,-0.1352494515544364,-0.0619414539366791,0.0389861134901208,0.1352494515544364
6.457538,-0.0834347008605363,0.0075804700415142,-0.1937910997376395,-0.0834347008605363,0.0075804700415142,0.1937910997376395
6.4771,-0.1085091220089545,-0.0556961304223819,0.0049417352961036,-0.1085091220089545,-0.0556961304223819,-0.0049417352961036
6.497629,0.1488556380323323,0.0342738697188126,0.0604169296658501,0.1488556380323323,0.0342738697188126,-0.0604169296658501
6.517339,0.0913484545281854,0.0152476373648179,0.1019110860243532,0.0913484545281854,0.0152476373648179,-0.1019110860243532
6.537583,-0.123805695379531,-0.0741479123350098,0.0562329761680722,-0.123805695379531,-0.0741479123350098,-0.0562329761680722
6.557372,-0.2022029421084553,-0.0553979107106324,-0.1679634912204672,-0.2022029421084553,-0.0553979107106324,0.1679634912204672
6.577419,-0.094229207115447,-0.0343975197349133,-0.2783724384253752,-0.094229207115447,-0.0343975197349133,0.2783724384253752
6.597751,0.1851330161762867,0.0517588896569772,-0.1553820127108185,0.1851330161762867,0.0517588896569772,0.1553820127108185
6.618091,0.0971684078696978,0.0177894022328736,0.04317488765553,0.0971684078696978,0.0177894022328736,-0.04317488765553
6.637631,-0.0271627905064098,-0.0449093239771398,-0.0855672662998685,-0.0271627905064098,-0.0449093239771398,0.0855672662998685
6.657652,-0.1373402088918142,-0.0195986726122738,-0.2890373625151472,-0.1373402088918142,-0.0195986726122738,0.2890373625151472
6.677959,-0.0008529880885728,0.0137182517168998,-0.2667951363194127,-0.0008529880885728,0.0137182517168998,0.2667951363194127
6.698234,0.040561118075666,0.0107190264218316,-0.1477319710984694,0.040561118075666,0.0107190264218316,0.1477319710984694
6.71793,0.0775989828367364,-0.0533433485175069,0.0504731715154935,0.0775989828367364,-0.0533433485175069,-0.0504731715154935
6.737915,0.0362751900748957,-0.0380921919027461,0.1252288434017394,0.0362751900748957,-0.0380921919027461,-0.1252288434017394
6.757825,-0.0249603475729721,-0.0698961668508989,-0.0034567077074516,-0.0249603475729721,-0.0698961668508989,0.0034567077074516
6.777909,-0.0766176405763116,-0.0301611494846546,-0.2266799143231512,-0.0766176405763116,-0.0301611494846546,0.2266799143231512
6.798743,-0.1069578048258546,-0.0422493082474983,-0.1473489906661225,-0.1069578048258546,-0.0422493082474983,0.1473489906661225
6.818697,0.1898667816704108,0.0546513842665546,0.0378915490374609,0.1898667816704108,0.0546513842665546,-0.0378915490374609
6.838284,0.2276432579403483,0.0858802181371195,0.0836665792506377,0.2276432579403483,0.0858802181371195,-0.0836665792506377
6.858013,-0.028653716957682,-0.011143763587468,-0.009284967858214,-0.028653716957682,-0.011143763587468,0.009284967858214
6.878142,-0.1112864894158952,-0.0311833556436091,-0.183015128726554,-0.1112864894158952,-0.0311833556436091,0.183015128726554
6.898992,-0.084029440367631,-0.0421770326474429,-0.1726479245934573,-0.084029440367631,-0.0421770326474429,0.1726479245934573
6.91885,0.1066989608298571,-0.0247101219648822,-0.2645406963284422,0.1066989608298571,-0.0247101219648822,0.2645406963284422
6.938533,0.186531053365124,0.0113687194522994,-0.1327761512412966,0.186531053365124,0.0113687194522994,0.1327761512412966
6.958611,0.0831431455546543,-0.0362892418196704,0.1957453538904587,0.0831431455546543,-0.0362892418196704,-0.1957453538904587
6.978493,-0.0456831464634837,-0.0457195321878918,0.1170553383230164,-0.0456831464634837,-0.0457195321878918,-0.1170553383230164
6.998994,-0.072665484344399,-0.0265065068876898,-0.2601843942645132,-0.072665484344399,-0.0265065068876898,0.2601843942645132
7.019188,0.061046362156973,0.0298406917127515,-0.2553954549220858,0.061046362156973,0.0298406917127515,0.2553954549220858
7.038807,0.0808708032930615,0.0506114818119209,-0.0273887101810945,0.0808708032930615,0.0506114818119209,0.0273887101810945
7.058917,0.0097160945032766,0.0197824569442634,0.0538052643977291,0.0097160945032766,0.0197824569442634,-0.0538052643977291
7.07856,-0.1268272116546982,-0.0588770313940179,-0.0873932955407994,-0.1268272116546982,-0.0588770313940179,0.0873932955407994
7.099206,-0.16477900701183,-0.0118018519554981,-0.1538843526736535,-0.16477900701183,-0.0118018519554981,0.1538843526736535
7.119644,0.0515118106240747,0.0029002912855306,-0.0115667731808581,0.0515118106240747,0.0029002912855306,0.0115667731808581
7.139206,-0.0139451061557242,-0.0278049478007161,0.0272545176166474,-0.0139451061557242,-0.0278049478007161,-0.0272545176166474
7.158798,-0.0189038784312009,-0.0494549428954464,0.0286549708213659,-0.0189038784312009,-0.0494549428954464,-0.0286549708213659
7.179079,-0.1280877041182743,-0.01884588415383,-0.0709565335193413,-0.1280877041182743,-0.01884588415383,0.0709565335193413
7.199459,-0.0560100514852835,-0.0538493103956623,-0.1793626359840825,-0.0560100514852835,-0.0538493103956623,0.1793626359840825
7.219403,0.0148912364950446,0.0055559304444968,-0.1053402889960999,0.0148912364950446,0.0055559304444968,0.1053402889960999
7.239509,0.1354201880246643,0.0349010740121563,-0.0172646919683892,0.1354201880246643,0.0349010740121563,0.0172646919683892
7.259518,0.1170391921621488,0.0146682646611707,0.0693649879014888,0.1170391921621488,0.0146682646611707,-0.0693649879014888
7.279531,0.0272443894866451,-0.0248661667330819,-0.0388014170032562,0.0272443894866451,-0.0248661667330819,0.0388014170032562
7.300185,-0.1236556034270913,-0.1201245467463414,-0.2995605118245521,-0.1236556034270913,-0.1201245467463414,0.2995605118245521
7.319875,0.1805529872824116,0.0580880761131313,-0.2866426663262036,0.1805529872824116,0.0580880761131313,0.2866426663262036
7.340246,0.1918182605811833,0.0899855058041624,0.0306748762607611,0.1918182605811833,0.0899855058041624,-0.0306748762607611
7.359711,0.0937297111439573,0.0669939939599793,0.0763820039405001,0.0937297111439573,0.0669939939599793,-0.0763820039405001
7.37987,-0.0711583855588358,0.0319475896900286,-0.0579114019856561,-0.0711583855588358,0.0319475896900286,0.0579114019856561
7.400117,-0.0028529848481757,-0.0303068291536791,-0.1556300982311658,-0.0028529848481757,-0.0303068291536791,0.1556300982311658
7.420237,0.0109583809146552,-0.0510574529123644,-0.0963695042705978,0.0109583809146552,-0.0510574529123644,0.0963695042705978
7.441016,-0.1018542996707893,-0.0841421136841028,-0.0676812019941071,-0.1018542996707893,-0.0841421136841028,0.0676812019941071
7.460236,-0.0364339419045785,-0.0699477713297985,-0.1045202926903563,-0.0364339419045785,-0.0699477713297985,0.1045202926903563
7.479868,-0.0313443545459076,-0.0033053243993995,-0.1021658017370796,-0.0313443545459076,-0.0033053243993995,0.1021658017370796
7.500474,-0.010098934524616,0.0367667275186924,-0.1312859253194478,-0.010098934524616,0.0367667275186924,0.1312859253194478
7.520111,0.0228518614444603,0.0650141616708652,-0.1711414886127169,0.0228518614444603,0.0650141616708652,0.1711414886127169
7.541397,0.1467958912817716,0.1025575298216861,-0.0214327319507265,0.1467958912817716,0.1025575298216861,0.0214327319507265
7.560672,-0.0019915092747,0.0455913328118197,-0.0041791144128229,-0.0019915092747,0.0455913328118197,0.0041791144128229
7.580271,-0.1388556728761671,-0.0559603895233762,-0.0103820533629477,-0.1388556728761671,-0.0559603895233762,0.0103820533629477
7.601007,-0.1304931673324554,-0.0957803719443442,-0.09750034915705,-0.1304931673324554,-0.0957803719443442,0.09750034915705
7.620691,-0.1315337310785615,-0.0915605188001405,-0.156118207674428,-0.1315337310785615,-0.0915605188001405,0.156118207674428
7.640403,0.0728308093364568,0.0096219634034925,-0.1218792089298421,0.0728308093364568,0.0096219634034925,0.1218792089298421
7.660817,0.1541070223566932,0.0761151999534984,0.0180766831911096,0.1541070223566932,0.0761151999534984,-0.0180766831911096
7.68038,-0.0203918057735967,0.0333142681263908,0.0473211273606075,-0.0203918057735967,0.0333142681263908,-0.0473211273606075
7.701343,-0.0159752132557872,0.0212584148363558,-0.2274469752927732,-0.0159752132557872,0.0212584148363558,0.2274469752927732
7.721077,0.0178289302173163,-0.0360063966133576,-0.3091863999756636,0.0178289302173163,-0.0360063966133576,0.3091863999756636
7.741147,0.0715481138534875,-0.0057677747997709,0.03178632776123,0.0715481138534875,-0.0057677747997709,-0.03178632776123
7.7606,0.0068317006847754,-0.0399353606451182,0.0965043360935702,0.0068317006847754,-0.0399353606451182,-0.0965043360935702
7.781432,0.0577994291461909,-0.0383984186924216,-0.0201224531949382,0.0577994291461909,-0.0383984186924216,0.0201224531949382
7.80126,0.0178382687447718,-0.0249626668056024,-0.1569660494343558,0.0178382687447718,-0.0249626668056024,0.1569660494343558
7.821262,0.0232651466895159,0.0218714873477396,-0.0256982623528028,0.0232651466895159,0.0218714873477396,0.0256982623528028
7.841317,0.0557991954214234,0.0014986724480245,0.0325241885162412,0.0557991954214234,0.0014986724480245,-0.0325241885162412
7.861297,0.0953032080393288,0.0198745059583376,-0.1142613648535366,0.0953032080393288,0.0198745059583376,0.1142613648535366
7.881095,0.0061482789354411,0.0265684003176774,-0.1854564973143944,0.0061482789354411,0.0265684003176774,0.1854564973143944
7.902018,0.0312752802950341,0.009087573320807,0.0182981095344008,0.0312752802950341,0.009087573320807,-0.0182981095344008
7.921448,-0.0227808831092364,-0.0222330062922949,0.0245743419161676,-0.0227808831092364,-0.0222330062922949,-0.0245743419161676
7.941496,0.0295352140958906,0.0044505420415038,-0.2017797552755631,0.0295352140958906,0.0044505420415038,0.2017797552755631
7.961426,-0.0010538107915492,0.031134018859996,-0.1764860179404284,-0.0010538107915492,0.031134018859996,0.1764860179404284
7.981449,0.01289260147779,0.0024113375892985,-0.137112758280562,0.01289260147779,0.0024113375892985,0.137112758280562
8.002391,-0.0457968313889944,-0.0097761950451501,-0.0340884917019241,-0.0457968313889944,-0.0097761950451501,0.0340884917019241
8.021811,-0.0379969193179532,-0.0308734023196711,-0.0944118094132093,-0.0379969193179532,-0.0308734023196711,0.0944118094132093
8.041729,-0.0661522724896343,-0.0491723165277072,-0.1638035309605925,-0.0661522724896343,-0.0491723165277072,0.1638035309605925
8.061696,-0.0514131871829289,-0.0603458743080638,-0.0736216292887199,-0.0514131871829289,-0.0603458743080638,0.0736216292887199
8.08197,0.043248365403408,0.0199998611831895,-0.0883381426139351,0.043248365403408,0.0199998611831895,0.0883381426139351
8.102664,-0.0123856108025913,-0.0070561274657222,-0.0459105793858398,-0.0123856108025913,-0.0070561274657222,0.0459105793858398
8.121989,-0.0223944102257139,0.0051056477668954,-0.0085571034050957,-0.0223944102257139,0.0051056477668954,0.0085571034050957
8.142115,-0.0274284442238391,0.0028161267744147,-0.1375636524354355,-0.0274284442238391,0.0028161267744147,0.1375636524354355
8.162001,0.082699562330769,0.0499822378214861,-0.1116677407663271,0.082699562330769,0.0499822378214861,0.1116677407663271
8.182146,0.0441049204406858,0.0651099311827967,-0.0388509272815049,0.0441049204406858,0.0651099311827967,0.0388509272815049
8.202132,-0.0424318272621056,-0.0510846203453881,0.0353129103281197,-0.0424318272621056,-0.0510846203453881,-0.0353129103281197
8.222576,-0.028949384072612,0.0003813757337785,0.045991717440069,-0.028949384072612,0.0003813757337785,-0.045991717440069
8.242128,0.1004568598775185,0.0146955301748638,0.0535364596107132,0.1004568598775185,0.0146955301748638,-0.0535364596107132
8.262335,0.0128143746448086,-0.0375349651906063,-0.0670056919125325,0.0128143746448086,-0.0375349651906063,0.0670056919125325
8.282072,-0.0302706522526422,-0.0155995048948423,-0.1567754330562287,-0.0302706522526422,-0.0155995048948423,0.1567754330562287
8.302642,0.0676619529263861,0.0068531717620985,-0.058304850455233,0.0676619529263861,0.0068531717620985,0.058304850455233
8.32246,0.0360331644596673,-0.0275167009488519,-0.1560085372544843,0.0360331644596673,-0.0275167009488519,0.1560085372544843
8.342545,-0.0250800095250268,0.0022532894484758,-0.2507377698968529,-0.0250800095250268,0.0022532894484758,0.2507377698968529
8.362607,0.0433421553268351,-0.0808099137665062,-0.2777684066097929,0.0433421553268351,-0.0808099137665062,0.2777684066097929
8.382812,0.1317904444839175,0.0838180686308192,-0.139773040139449,0.1317904444839175,0.0838180686308192,0.139773040139449
8.402858,0.0855107367028612,0.0342271686582598,0.1007489284774525,0.0855107367028612,0.0342271686582598,-0.1007489284774525
8.422823,-0.0137962308320294,0.0435044944083802,-0.0258023232430861,-0.0137962308320294,0.0435044944083802,0.0258023232430861
8.443267,-0.0069260303464716,0.0423244474003902,-0.2832590887406656,-0.0069260303464716,0.0423244474003902,0.2832590887406656
8.462926,-0.0370755087169467,0.000594819622499,-0.2835652213792095,-0.0370755087169467,0.000594819622499,0.2835652213792095
8.482842,-0.0945587366259121,-0.0787073360767989,-0.1317335933744932,-0.0945587366259121,-0.0787073360767989,0.1317335933744932
8.503171,0.0144115986609879,0.0217321708941013,-0.0928949778946321,0.0144115986609879,0.0217321708941013,0.0928949778946321
8.52304,0.0468745609690914,0.0013434875405018,-0.076712777215457,0.0468745609690914,0.0013434875405018,0.076712777215457
8.543306,-0.0668949704404314,-0.0318266163363807,-0.3510082827565117,-0.0668949704404314,-0.0318266163363807,0.3510082827565117
8.563043,-0.0986695722370758,0.1217576834098999,-0.040448847852037,-0.0986695722370758,0.1217576834098999,0.040448847852037
8.583522,0.1534917320562119,0.203993917942511,0.130213716412884,0.1534917320562119,0.203993917942511,-0.130213716412884
8.603011,-0.1050131845135612,0.0481462937802597,-0.0974055298013762,-0.1050131845135612,0.0481462937802597,0.0974055298013762
8.623672,-0.1023111442952795,0.1008825745699489,-0.0675778683805745,-0.1023111442952795,0.1008825745699489,0.0675778683805745
8.643352,0.0179213264647083,-0.0202298739918374,0.1536990232343793,0.0179213264647083,-0.0202298739918374,-0.1536990232343793
8.663947,-0.2653944597915145,-0.2498898828595265,0.0509506442331311,-0.2653944597915145,-0.2498898828595265,-0.0509506442331311
8.68348,-0.4713433014839794,-0.2285251787310473,-0.399405655461523,-0.4713433014839794,-0.2285251787310473,0.399405655461523
8.703758,-0.0518565511607696,-0.0745329630961318,-0.5549033588490513,-0.0518565511607696,-0.0745329630961318,0.5549033588490513
8.723547,-0.0396047454784039,-0.1042973311580557,-0.535949938595742,-0.0396047454784039,-0.1042973311580557,0.535949938595742
8.743849,-0.3691326478097644,-0.1536084809725149,-0.6794539895857792,-0.3691326478097644,-0.1536084809725149,0.6794539895857792
8.763888,-0.2100297895623307,-0.1068762622599233,-0.5112004077193362,-0.2100297895623307,-0.1068762622599233,0.5112004077193362
8.783878,0.4137283300538599,-0.0905470434693278,0.1413600894843707,0.4137283300538599,-0.0905470434693278,-0.1413600894843707
8.80392,-0.0098761169294223,-0.2922382033234394,-0.0495026180972502,-0.0098761169294223,-0.2922382033234394,0.0495026180972502
8.824049,-0.1553044217310319,-0.2604137617370411,-0.403577302564349,-0.1553044217310319,-0.2604137617370411,0.403577302564349
8.845154,0.1568852475900454,-0.2218945422065276,-0.3990501213800783,0.1568852475900454,-0.2218945422065276,0.3990501213800783
8.864164,0.0357466683438115,-0.144666949167646,-0.0875780692668062,0.0357466683438115,-0.144666949167646,0.0875780692668062
8.884548,0.0495796788383733,-0.2465165246858658,0.1737286819628281,0.0495796788383733,-0.2465165246858658,-0.1737286819628281
8.904187,0.2212705425063963,-0.1306060682065997,-0.1423688142592016,0.2212705425063963,-0.1306060682065997,0.1423688142592016
8.924264,0.0020637328653806,-0.1307902075657006,-0.5115476577747362,0.0020637328653806,-0.1307902075657006,0.5115476577747362
8.944375,0.1644189556211638,0.0281514665138843,-0.2489019860995718,0.1644189556211638,0.0281514665138843,0.2489019860995718
8.964364,0.5010380622980026,0.2056079857726515,0.6303614958152259,0.5010380622980026,0.2056079857726515,-0.6303614958152259
8.984461,0.419022017783741,0.1128149658698686,0.7471580890403828,0.419022017783741,0.1128149658698686,-0.7471580890403828
9.00432,0.0674706228710536,-0.0395964942774476,0.2414675280517269,0.0674706228710536,-0.0395964942774476,-0.2414675280517269
9.024653,0.2964032214689917,0.0901786241800917,0.0887257776172294,0.2964032214689917,0.0901786241800917,-0.0887257776172294
9.044451,0.2134629178725307,0.1007103384570065,0.2401180465649375,0.2134629178725307,0.1007103384570065,-0.2401180465649375
9.064778,0.0171763366432408,-0.0690199287439501,0.0779244558236147,0.0171763366432408,-0.0690199287439501,-0.0779244558236147
9.084616,0.0774943691846501,-0.0682663709424608,0.0351148034004555,0.0774943691846501,-0.0682663709424608,-0.0351148034004555
9.10529,0.0687419687000799,-0.0492117278088269,0.1121207431430395,0.0687419687000799,-0.0492117278088269,-0.1121207431430395
9.125034,-0.0463817350465253,-0.0998776503967823,0.0371044872302803,-0.0463817350465253,-0.0998776503967823,-0.0371044872302803
9.144839,-0.0215852075808678,-0.0802075338999211,-0.0500703817127892,-0.0215852075808678,-0.0802075338999211,0.0500703817127892
9.164657,0.0544671626177909,-0.0911933325964338,-0.0160521901732515,0.0544671626177909,-0.0911933325964338,0.0160521901732515
9.185525,-0.0399232749262616,-0.1362647343276876,0.1031581358036284,-0.0399232749262616,-0.1362647343276876,-0.1031581358036284
9.204864,0.0146075722466833,-0.1071632156962394,-0.0964927669341157,0.0146075722466833,-0.1071632156962394,0.0964927669341157
9.225393,-0.0282335413160237,-0.0671166464766364,-0.1072021380825241,-0.0282335413160237,-0.0671166464766364,0.1072021380825241
9.245126,-0.0828558161650779,-0.1115075273698066,-0.2626131413720163,-0.0828558161650779,-0.1115075273698066,0.2626131413720163
9.265326,-0.0640136896224349,-0.1094550899676935,-0.3035213870222133,-0.0640136896224349,-0.1094550899676935,0.3035213870222133
9.284845,-0.1262106343238206,-0.1229581561696061,-0.1511566848633787,-0.1262106343238206,-0.1229581561696061,0.1511566848633787
9.305426,-0.0144811205322897,-0.0907916320493797,-0.1295563351887043,-0.0144811205322897,-0.0907916320493797,0.1295563351887043
9.325711,0.11208420282905,0.0208767420971949,0.128226004080906,0.11208420282905,0.0208767420971949,-0.128226004080906
9.345702,-0.0592203780912506,-0.1129180530105223,-0.0310584297635436,-0.0592203780912506,-0.1129180530105223,0.0310584297635436
9.365524,-0.1305576503549072,-0.0943853557826284,-0.4926451548244515,-0.1305576503549072,-0.0943853557826284,0.4926451548244515
9.3857,-0.0657218932725065,-0.0997361640041694,-0.397914112051426,-0.0657218932725065,-0.0997361640041694,0.397914112051426
9.405491,0.1717957945670214,-0.016307315310879,0.0956605191086836,0.1717957945670214,-0.016307315310879,-0.0956605191086836
9.42578,-0.1030637321753908,-0.0928615978927658,-0.0397090253604019,-0.1030637321753908,-0.0928615978927658,0.0397090253604019
9.446524,-0.0837097117445896,-0.173428389042108,-0.4073248921048105,-0.0837097117445896,-0.173428389042108,0.4073248921048105
9.466016,0.0851379628686481,-0.0213198810342083,-0.2933120596637444,0.0851379628686481,-0.0213198810342083,0.2933120596637444
9.48569,0.0199638409310922,-0.0863864551828919,0.1924491661132279,0.0199638409310922,-0.0863864551828919,-0.1924491661132279
9.505975,-0.083373362706287,-0.2241545830855789,-0.064905492658525,-0.083373362706287,-0.2241545830855789,0.064905492658525
9.525827,0.0671326023400919,-0.1035111327940747,-0.3717762353152949,0.0671326023400919,-0.1035111327940747,0.3717762353152949
9.546311,0.1661852367133008,0.0344653909956331,0.2554842737403415,0.1661852367133008,0.0344653909956331,-0.2554842737403415
9.565985,-0.0929811333333441,-0.1201413673119337,0.5994231480397296,-0.0929811333333441,-0.1201413673119337,-0.5994231480397296
9.585884,-0.0080439901703563,-0.1595075911872635,-0.4281736145273154,-0.0080439901703563,-0.1595075911872635,0.4281736145273154
9.606133,-0.0282115348508401,-0.0291631408206585,-0.5549858941541856,-0.0282115348508401,-0.0291631408206585,0.5549858941541856
9.626375,0.208688451851229,-0.0258618454813063,0.2789315719122136,0.208688451851229,-0.0258618454813063,-0.2789315719122136
9.646305,0.047168978937312,-0.013415622533904,0.5478165370907959,0.047168978937312,-0.013415622533904,-0.5478165370907959
9.66648,-0.0557484699647621,-0.1054209053102009,0.0047843477449909,-0.0557484699647621,-0.1054209053102009,-0.0047843477449909
9.686373,-0.0460118933627777,-0.1080061972369355,-0.4474238622575957,-0.0460118933627777,-0.1080061972369355,0.4474238622575957
9.706353,0.2706802700787698,0.0956743636868607,-0.2517521622541565,0.2706802700787698,0.0956743636868607,0.2517521622541565
9.72646,0.1017204032339069,0.1160105986380519,0.3732226398571203,0.1017204032339069,0.1160105986380519,-0.3732226398571203
9.746736,-0.1417370157000543,-0.0653205092188593,0.3716680368763203,-0.1417370157000543,-0.0653205092188593,-0.3716680368763203
9.766833,-0.0112864294629124,-0.1078943162051617,-0.0395008923691246,-0.0112864294629124,-0.1078943162051617,0.0395008923691246
9.786611,-0.0099131879420285,-0.0564832996243213,-0.3164313500756783,-0.0099131879420285,-0.0564832996243213,0.3164313500756783
9.8065,-0.1605392052662672,-0.1584980405225347,-0.0832946631740334,-0.1605392052662672,-0.1584980405225347,0.0832946631740334
9.826902,-0.0944237289341563,-0.1472580007120016,0.0380484422412088,-0.0944237289341563,-0.1472580007120016,-0.0380484422412088
9.846405,0.098263117742821,-0.0125398684614085,0.0524694228247604,0.098263117742821,-0.0125398684614085,-0.0524694228247604
9.866787,-0.0060464872763528,-0.0120560861510223,0.0439381044985509,-0.0060464872763528,-0.0120560861510223,-0.0439381044985509
9.886704,-0.1478207516252704,-0.1734721403261488,-0.3345502757680165,-0.1478207516252704,-0.1734721403261488,0.3345502757680165
9.90696,-0.029944063154928,-0.0529879418138586,-0.4989445575976603,-0.029944063154928,-0.0529879418138586,0.4989445575976603
9.926899,0.1234678881992757,0.0089390450076102,-0.1022502965686236,0.1234678881992757,0.0089390450076102,0.1022502965686236
9.947115,0.0336305746562058,0.0028756792920979,0.1280136343987976,0.0336305746562058,0.0028756792920979,-0.1280136343987976
9.966938,-0.1139961017030017,-0.1414416131888784,-0.061705065005956,-0.1139961017030017,-0.1414416131888784,0.061705065005956
9.987506,-0.1356362457215719,-0.1788005265797438,-0.1959362181326849,-0.1356362457215719,-0.1788005265797438,0.1959362181326849
10.007081,0.0677340916112906,-0.0859842555470166,-0.1979173588496277,0.0677340916112906,-0.0859842555470166,0.1979173588496277
10.02761,0.2127385435633055,0.1024276090947542,-0.0259407739926302,0.2127385435633055,0.1024276090947542,0.0259407739926302
10.047222,0.1106508666546467,0.0815886239876334,0.1762947824143736,0.1106508666546467,0.0815886239876334,-0.1762947824143736
10.067472,-0.0979157127854445,-0.0712753124511559,0.0461250697440931,-0.0979157127854445,-0.0712753124511559,-0.0461250697440931
10.087408,-0.1570604493021465,-0.1382081965640717,-0.3944010463784213,-0.1570604493021465,-0.1382081965640717,0.3944010463784213
10.107565,0.046623268410334,-0.0599724580123768,-0.3874366509506384,0.046623268410334,-0.0599724580123768,0.3874366509506384
10.127433,0.2531675132321898,0.0561423286312559,-0.0061374618349816,0.2531675132321898,0.0561423286312559,0.0061374618349816
10.147643,0.0389501362370879,0.0477814876149041,0.1942453730926736,0.0389501362370879,0.0477814876149041,-0.1942453730926736
10.167591,-0.0526736533216838,-0.0560558809285562,0.0690868009703997,-0.0526736533216838,-0.0560558809285562,-0.0690868009703997
10.187621,-0.0583671096000785,0.0059313852611692,-0.2534757590837468,-0.0583671096000785,0.0059313852611692,0.2534757590837468
10.207995,-0.0092078346329416,0.0119949873258222,-0.2066130710556919,-0.0092078346329416,0.0119949873258222,0.2066130710556919
10.22756,0.0265346715999361,0.011687598255465,-0.024226764636273,0.0265346715999361,0.011687598255465,0.024226764636273
10.247793,0.1107125433614781,0.0510801472498032,0.2250204975328209,0.1107125433614781,0.0510801472498032,-0.2250204975328209
10.267903,-0.0525097463356738,-0.0546319371670822,0.1048995633605205,-0.0525097463356738,-0.0546319371670822,-0.1048995633605205
10.287836,-0.2126499171247428,-0.1569328654508489,-0.2118707300135227,-0.2126499171247428,-0.1569328654508489,0.2118707300135227
10.307897,-0.0201210605335006,-0.0659405880670833,-0.3623864681028532,-0.0201210605335006,-0.0659405880670833,0.3623864681028532
10.32799,0.0052711340381735,-0.0081108853348451,-0.1685533625766115,0.0052711340381735,-0.0081108853348451,0.1685533625766115
10.348016,0.1176661775083121,0.0280866470696188,0.1069435274005954,0.1176661775083121,0.0280866470696188,-0.1069435274005954
10.368282,0.0683331577714023,0.0724168751163672,0.068469085398231,0.0683331577714023,0.0724168751163672,-0.068469085398231
10.3882,-0.0806150335985845,-0.0642765976803105,-0.0957680179428308,-0.0806150335985845,-0.0642765976803105,0.0957680179428308
10.408067,-0.2026568975168875,-0.1680254061398713,-0.3985984756338965,-0.2026568975168875,-0.1680254061398713,0.3985984756338965
10.429118,0.0022426973632921,-0.0720450072350336,-0.2023289030462915,0.0022426973632921,-0.0720450072350336,0.2023289030462915
10.448235,0.2443269246813626,0.0960299902845299,0.1360996455340615,0.2443269246813626,0.0960299902845299,-0.1360996455340615
10.468712,-0.0081590671657925,0.0009036005919661,0.0840112880079431,-0.0081590671657925,0.0009036005919661,-0.0840112880079431
10.48829,-0.1533195708735737,-0.1126320640646078,-0.1574145081699516,-0.1533195708735737,-0.1126320640646078,0.1574145081699516
10.50833,-0.0939747519056201,-0.0870358847294278,-0.1518146788535723,-0.0939747519056201,-0.0870358847294278,0.1518146788535723
10.52853,0.1787911848813769,0.0131274893311306,-0.0342582947770875,0.1787911848813769,0.0131274893311306,0.0342582947770875
10.548696,0.1916292372556352,0.0804835494482664,-0.1306526622155868,0.1916292372556352,0.0804835494482664,0.1306526622155868
10.568791,-0.0456544167871344,-0.0265667284148822,-0.0969812362281299,-0.0456544167871344,-0.0265667284148822,0.0969812362281299
10.588636,0.0366621182445263,-0.0437343411262289,-0.0790885899880802,0.0366621182445263,-0.0437343411262289,0.0790885899880802
10.608719,0.0409984505000306,-0.0645337732337934,-0.143841323989033,0.0409984505000306,-0.0645337732337934,0.143841323989033
10.629221,0.0444036120176142,-0.0590678448694781,-0.0904304703967664,0.0444036120176142,-0.0590678448694781,0.0904304703967664
10.649434,0.1542628345850571,0.0535675210566504,-0.0726833274380034,0.1542628345850571,0.0535675210566504,0.0726833274380034
10.669118,0.1010104093506033,0.0556019540485522,-0.0173081111654482,0.1010104093506033,0.0556019540485522,0.0173081111654482
10.688911,-0.1218657921302338,-0.0796987135201421,-0.0407964361828199,-0.1218657921302338,-0.0796987135201421,0.0407964361828199
10.709299,-0.1151473028789231,-0.1670050649335696,-0.0622685921820433,-0.1151473028789231,-0.1670050649335696,0.0622685921820433
10.729232,-0.0959946793771402,-0.1266077931006632,-0.1777893729071209,-0.0959946793771402,-0.1266077931006632,0.1777893729071209
10.749433,0.0117529546571027,-0.1030266487334427,-0.2248105192058442,0.0117529546571027,-0.1030266487334427,0.2248105192058442
10.769353,0.0585297799729739,0.0094870669056143,-0.1469668415626142,0.0585297799729739,0.0094870669056143,0.1469668415626142
10.789457,0.2085882624658513,0.1653335087173251,0.1500625536266095,0.2085882624658513,0.1653335087173251,-0.1500625536266095
10.809147,0.0005439854626318,0.0243194880704791,0.0505046971106128,0.0005439854626318,0.0243194880704791,-0.0505046971106128
10.829889,-0.1798198199908597,-0.0463448659569489,-0.2065131085930929,-0.1798198199908597,-0.0463448659569489,0.2065131085930929
10.849352,-0.1096347890363024,-0.0929893275638075,-0.2250897331771586,-0.1096347890363024,-0.0929893275638075,0.2250897331771586
10.870345,0.106346596463343,0.0259616335236533,0.0136253324179485,0.106346596463343,0.0259616335236533,-0.0136253324179485
10.889521,0.0548723311962371,-0.0067163611197745,0.1248387340084331,0.0548723311962371,-0.0067163611197745,-0.1248387340084331
10.909748,-0.0007249178767913,-0.0633881705418233,-0.1030451135437076,-0.0007249178767913,-0.0633881705418233,0.1030451135437076
10.929755,-0.0598781856001486,-0.0142769969206039,-0.3355476057996718,-0.0598781856001486,-0.0142769969206039,0.3355476057996718
10.950064,0.0538168148687576,-0.0235343689398806,-0.2171909828657181,0.0538168148687576,-0.0235343689398806,0.2171909828657181
10.969769,0.0914275769650301,0.0393936492195635,-0.0298000403107092,0.0914275769650301,0.0393936492195635,0.0298000403107092
10.989859,0.0717425961674449,0.0014768227804551,-0.0245023006080291,0.0717425961674449,0.0014768227804551,0.0245023006080291
11.009775,0.0010796484442851,-0.048115240125758,-0.1289074077779428,0.0010796484442851,-0.048115240125758,0.1289074077779428
11.030283,0.0344943858485685,-0.0215426555209914,-0.2384134443735117,0.0344943858485685,-0.0215426555209914,0.2384134443735117
11.050249,0.0152625170505813,-0.0233422502455384,-0.0217880565814443,0.0152625170505813,-0.0233422502455384,0.0217880565814443
11.070083,0.1389591707255805,0.0166598717562711,0.1363128187682747,0.1389591707255805,0.0166598717562711,-0.1363128187682747
11.090501,0.015956772799722,0.1055931776297157,0.1589229774498104,0.015956772799722,0.1055931776297157,-0.1589229774498104
11.110328,0.0862681194174897,0.0532397094471542,0.0479344770337295,0.0862681194174897,0.0532397094471542,-0.0479344770337295
11.130641,0.4011162563776618,0.3265069084428828,0.3367691723841659,0.4011162563776618,0.3265069084428828,-0.3367691723841659
11.150605,0.2306275781397243,0.1441475114189959,0.6266684299628817,0.2306275781397243,0.1441475114189959,-0.6266684299628817
11.170703,0.0722870529665401,0.1366111065267058,0.6186963790773863,0.0722870529665401,0.1366111065267058,-0.6186963790773863
11.190493,-0.0009115109844357,0.0157885730293631,-0.0373931498116277,-0.0009115109844357,0.0157885730293631,0.0373931498116277
11.21044,0.2332432505023643,0.1594337533290441,-0.5069509392797809,0.2332432505023643,0.1594337533290441,0.5069509392797809
11.230928,0.247026204507409,0.1716870468044457,-0.1776775830880463,0.247026204507409,0.1716870468044457,0.1776775830880463
11.250613,0.1030910480311581,0.072304055534258,0.4130614504681169,0.1030910480311581,0.072304055534258,-0.4130614504681169
11.270787,0.0352583783282777,0.0726006823149444,0.3961129896974018,0.0352583783282777,0.0726006823149444,-0.3961129896974018
11.290706,0.2756043194091422,0.1976161113295561,0.2014147245747271,0.2756043194091422,0.1976161113295561,-0.2014147245747271
11.311264,0.4171320986361871,0.2806762480820084,-0.3933030553422192,0.4171320986361871,0.2806762480820084,0.3933030553422192
11.331217,0.1700752597433467,0.2506683874285652,-0.3925222162665971,0.1700752597433467,0.2506683874285652,0.3925222162665971
11.351189,-0.1382793207383427,-0.128306644424069,0.0163236548028962,-0.1382793207383427,-0.128306644424069,-0.0163236548028962
11.37112,0.1643613776215186,0.178506642625247,0.2207629014162488,0.1643613776215186,0.178506642625247,-0.2207629014162488
11.391,0.3154258282149578,0.1315663571591725,-0.192856879574494,0.3154258282149578,0.1315663571591725,0.192856879574494
11.410879,0.3552415541778536,0.2365441124007175,-0.5776086736537014,0.3552415541778536,0.2365441124007175,0.5776086736537014
11.431831,0.1645084899277656,0.1186467588038468,-0.2790544736860791,0.1645084899277656,0.1186467588038468,0.2790544736860791
11.451718,-0.0271979461461418,0.0006496382160741,0.2034665813072642,-0.0271979461461418,0.0006496382160741,-0.2034665813072642
11.471423,0.2245236884452988,0.1751305488113843,0.1396261092832116,0.2245236884452988,0.1751305488113843,-0.1396261092832116
11.491046,0.6228675650589147,0.4407231796321988,-0.235920050206543,0.6228675650589147,0.4407231796321988,0.235920050206543
11.511419,0.5352689252881394,0.3558288562456894,-0.8303547187023881,0.5352689252881394,0.3558288562456894,0.8303547187023881
11.531817,0.4145805132365928,0.3763752226313652,-0.7442667180245195,0.4145805132365928,0.3763752226313652,0.7442667180245195
11.551943,0.2045963904865778,0.0383635688130087,-0.0415212601727148,0.2045963904865778,0.0383635688130087,0.0415212601727148
11.571486,-0.0072632245580356,0.0733269230094089,-0.0290392004708532,-0.0072632245580356,0.0733269230094089,0.0290392004708532
11.591591,0.558267650664788,0.2190952252478399,-0.3326273148633518,0.558267650664788,0.2190952252478399,0.3326273148633518
11.611338,0.9180756073132798,0.5177611407803441,-0.5560601047476865,0.9180756073132798,0.5177611407803441,0.5560601047476865
11.632366,0.697746877146418,0.2197775918706717,-0.5420684084073208,0.697746877146418,0.2197775918706717,0.5420684084073208
11.651689,0.2772527124657429,0.154176527426334,-0.3647073433672485,0.2772527124657429,0.154176527426334,0.3647073433672485
11.671759,0.4320140050953753,0.282301897016577,-0.2172881496047249,0.4320140050953753,0.282301897016577,0.2172881496047249
11.691704,0.6845930588367845,0.3622414999520548,-0.31064415345657,0.6845930588367845,0.3622414999520548,0.31064415345657
11.711781,0.4661767075944469,0.212736633552271,-0.3089830903841815,0.4661767075944469,0.212736633552271,0.3089830903841815
11.732622,0.3532639445766414,0.1125086247948265,-0.3561716530368723,0.3532639445766414,0.1125086247948265,0.3561716530368723
11.752543,0.5539694955704887,0.1950840061220131,-0.1824739178926719,0.5539694955704887,0.1950840061220131,0.1824739178926719
11.773189,0.7263169829296031,0.4511501848473451,-0.1430567726113771,0.7263169829296031,0.4511501848473451,0.1430567726113771
11.792038,0.6628939431839542,0.333618768793458,-0.2986876968224798,0.6628939431839542,0.333618768793458,0.2986876968224798
11.811968,0.5530857156792629,0.289902000841313,-0.3583184493364779,0.5530857156792629,0.289902000841313,0.3583184493364779
11.833127,0.3965308588479307,0.1913657227220143,-0.0718477670756243,0.3965308588479307,0.1913657227220143,0.0718477670756243
11.852225,0.2990144843125842,0.1230613648301091,-0.0019453413918952,0.2990144843125842,0.1230613648301091,0.0019453413918952
11.873425,0.3629502807637002,0.1703615337775784,-0.0760507712990499,0.3629502807637002,0.1703615337775784,0.0760507712990499
11.892117,0.6508453635018958,0.3173768636974226,-0.3850680122950862,0.6508453635018958,0.3173768636974226,0.3850680122950862
11.912374,0.6821174381951259,0.4333206934088897,-0.4420245597856524,0.6821174381951259,0.4333206934088897,0.4420245597856524
11.932369,0.2991011302801669,0.070028616101795,-0.1804979908702346,0.2991011302801669,0.070028616101795,0.1804979908702346
11.952413,0.1020512707369411,0.0475590081123064,0.0770933087874841,0.1020512707369411,0.0475590081123064,-0.0770933087874841
11.972862,0.2583201402418335,0.1231642416901625,-0.0995877194053012,0.2583201402418335,0.1231642416901625,0.0995877194053012
11.993617,0.5779605073337316,0.2847697994298714,-0.2959385551278952,0.5779605073337316,0.2847697994298714,0.2959385551278952
12.012478,0.6668708906757471,0.3307831863277274,-0.1977904355389697,0.6668708906757471,0.3307831863277274,0.1977904355389697
12.032939,0.3258606128492626,0.1347771529474828,-0.1377439595804386,0.3258606128492626,0.1347771529474828,0.1377439595804386
12.052732,0.1478907666470274,0.0714326643735042,-0.1589831823797389,0.1478907666470274,0.0714326643735042,0.1589831823797389
12.073009,0.3085066104400323,0.0806140722721919,-0.0932689670193873,0.3085066104400323,0.0806140722721919,0.0932689670193873
12.092609,0.5555562346166165,0.2205080617687052,-0.0958407579815148,0.5555562346166165,0.2205080617687052,0.0958407579815148
12.112828,0.3522081186676394,0.1447633944243733,-0.1232734724754536,0.3522081186676394,0.1447633944243733,0.1232734724754536
12.132806,0.0892283918199837,-0.0255146163069301,-0.1415801109895245,0.0892283918199837,-0.0255146163069301,0.1415801109895245
12.153243,0.1991742980870021,0.064317174955304,-0.184339664925929,0.1991742980870021,0.064317174955304,0.184339664925929
12.173175,0.4531352839452607,0.1228668479455441,-0.167871756999034,0.4531352839452607,0.1228668479455441,0.167871756999034
12.193633,0.4501082561116931,0.1826561814374437,-0.0861842540195745,0.4501082561116931,0.1826561814374437,0.0861842540195745
12.213112,0.1793787835302987,-0.0033699111950056,-0.0417504469183249,0.1793787835302987,-0.0033699111950056,0.0417504469183249
12.23331,0.0356650696687829,-0.0470615720617106,-0.1289600384474702,0.0356650696687829,-0.0470615720617106,0.1289600384474702
12.253305,0.2542403495563232,0.0719790165741827,-0.2105725510724152,0.2542403495563232,0.0719790165741827,0.2105725510724152
12.273669,0.5156269274690609,0.1152770661440012,-0.0917946177367063,0.5156269274690609,0.1152770661440012,0.0917946177367063
12.293186,0.3894387435602791,0.1737976315254295,-0.1828674216763719,0.3894387435602791,0.1737976315254295,0.1828674216763719
12.31344,0.1748234963466876,0.0277222703035678,-0.1852850692486267,0.1748234963466876,0.0277222703035678,0.1852850692486267
12.333416,0.1140999600252246,0.0241662334151782,-0.1558915702309296,0.1140999600252246,0.0241662334151782,0.1558915702309296
12.353744,0.2569604323352236,0.0426796688476578,-0.15961182422547,0.2569604323352236,0.0426796688476578,0.15961182422547
12.373816,0.373033045145566,0.1419972781194983,-0.2227861198572363,0.373033045145566,0.1419972781194983,0.2227861198572363
12.393706,0.2862174479757578,0.113423159942418,-0.1015941148586385,0.2862174479757578,0.113423159942418,0.1015941148586385
12.414099,0.1064272128827985,0.0072008194310584,-0.2608293401480388,0.1064272128827985,0.0072008194310584,0.2608293401480388
12.433936,-0.0213606197309685,0.0592373745009289,-0.4234183398713327,-0.0213606197309685,0.0592373745009289,0.4234183398713327
12.453774,0.141251725026998,0.0632350531914542,-0.349375475504118,0.141251725026998,0.0632350531914542,0.349375475504118
12.474047,0.4284658370397276,0.2887450883041104,-0.5772763345437077,0.4284658370397276,0.2887450883041104,0.5772763345437077
12.493763,0.4164267474008121,0.3338438522850749,-0.9549698435893176,0.4164267474008121,0.3338438522850749,0.9549698435893176
12.513928,0.3979724606033228,0.3356113638441108,-1.266041974393506,0.3979724606033228,0.3356113638441108,1.266041974393506
12.533913,0.383282030112054,0.3940801609635308,-1.201843281872442,0.383282030112054,0.3940801609635308,1.201843281872442
12.554347,0.6022022207006592,0.544552905798306,-1.6149267780600134,0.6022022207006592,0.544552905798306,1.6149267780600134
12.574212,0.4019769570963927,0.5400151255443991,-1.5551729055052927,0.4019769570963927,0.5400151255443991,1.5551729055052927
12.594376,-0.0687916043593731,0.2588883800922,-1.9458304691080128,-0.0687916043593731,0.2588883800922,1.9458304691080128
12.614114,0.1857044861274945,0.3111310442648394,-2.5948064612712374,0.1857044861274945,0.3111310442648394,2.5948064612712374
12.634764,0.8482180117237464,0.2934192715544816,-2.789667622107573,0.8482180117237464,0.2934192715544816,2.789667622107573
12.65425,0.6119974179391605,0.1073000904526093,-2.6750656390286824,0.6119974179391605,0.1073000904526093,2.6750656390286824
12.674495,-0.4744538076697806,-0.2110794824573692,-1.866213405944344,-0.4744538076697806,-0.2110794824573692,1.866213405944344
12.694297,-1.2112783752050198,-0.255869670675073,-1.074138118947543,-1.2112783752050198,-0.255869670675073,1.074138118947543
12.714457,-1.010283068487121,0.3456922504956694,-0.6357750052912348,-1.010283068487121,0.3456922504956694,0.6357750052912348
12.734467,-0.8006273454516043,0.5570810170962374,-0.5608089187523255,-0.8006273454516043,0.5570810170962374,0.5608089187523255
12.754728,-0.5981563613013486,0.2473587500749456,-1.311584814102007,-0.5981563613013486,0.2473587500749456,1.311584814102007
12.774714,-0.8959478037436011,-0.3837624162640322,-1.7396776898362791,-0.8959478037436011,-0.3837624162640322,1.7396776898362791
12.794702,-1.255878111235575,-0.3356262996703552,-1.7471160186683896,-1.255878111235575,-0.3356262996703552,1.7471160186683896
12.814364,-0.7210533472390684,-0.1149126188495637,-1.1156525938999682,-0.7210533472390684,-0.1149126188495637,1.1156525938999682
12.83493,-0.2146980776798344,0.2155661025186944,-0.3380858780835467,-0.2146980776798344,0.2155661025186944,0.3380858780835467
12.854892,-0.6384018788785076,-0.1190078788697033,-0.2233958441860508,-0.6384018788785076,-0.1190078788697033,0.2233958441860508
12.875073,-0.8695628297560479,-0.6841688759315946,-0.2087280417234485,-0.8695628297560479,-0.6841688759315946,0.2087280417234485
12.894813,-1.1007049023743405,-0.8224323480253833,0.0982947984621596,-1.1007049023743405,-0.8224323480253833,-0.0982947984621596
12.914952,-0.2260988142356006,-0.3123892303996901,0.7437475552176487,-0.2260988142356006,-0.3123892303996901,-0.7437475552176487
12.934794,0.3797244271055795,-0.0345644487187577,1.5030608603800353,0.3797244271055795,-0.0345644487187577,-1.5030608603800353
12.955078,0.7436181643427633,-0.1374421877594793,1.430237282192003,0.7436181643427633,-0.1374421877594793,-1.430237282192003
12.975558,0.8577934367597247,0.513628435461699,1.000962153192866,0.8577934367597247,0.513628435461699,-1.000962153192866
12.994852,0.0951745327262676,0.1751213626631604,1.17156085956511,0.0951745327262676,0.1751213626631604,-1.17156085956511
13.015412,-0.757025383855398,-0.2673258644862309,1.277864402324365,-0.757025383855398,-0.2673258644862309,-1.277864402324365
13.035241,0.4100622139257804,-0.4683594839791553,1.4194734396180628,0.4100622139257804,-0.4683594839791553,-1.4194734396180628
13.055346,1.8755150061893284,-0.6092509326666041,-0.773303279113188,1.8755150061893284,-0.6092509326666041,0.773303279113188
13.075956,1.1750576438965652,-0.4297299070305948,-1.580314667955193,1.1750576438965652,-0.4297299070305948,1.580314667955193
13.095461,0.449872539502501,0.3217414943357615,-1.9690164153900271,0.449872539502501,0.3217414943357615,1.9690164153900271
13.115569,0.0530217681661238,0.1189332047669188,-2.526262885142411,0.0530217681661238,0.1189332047669188,2.526262885142411
13.135486,-0.4668191931927256,-0.4186143632606179,-2.937318020659883,-0.4668191931927256,-0.4186143632606179,2.937318020659883
13.155734,-1.2802579737281556,1.6210945818252942,-0.3654774930896334,-1.2802579737281556,1.6210945818252942,0.3654774930896334
13.175747,5.140733137508449,-5.103563376999117,26.1519881511964,5.140733137508449,-5.103563376999117,-26.1519881511964
13.196029,2.097031511703455,4.371432941800877,-2.2044103532352475,2.097031511703455,4.371432941800877,2.2044103532352475
13.215705,0.5290968493753873,-0.9443404381802698,-0.6215268545907584,0.5290968493753873,-0.9443404381802698,0.6215268545907584
13.235774,-1.288406902262609,0.4119559309957224,0.6807816511946587,-1.288406902262609,0.4119559309957224,-0.6807816511946587
13.255739,0.8651667010710908,-0.2127977245025109,-0.3291732700973977,0.8651667010710908,-0.2127977245025109,0.3291732700973977
13.27622,-0.0627626711273149,-0.0758211345089336,0.0406261946762089,-0.0627626711273149,-0.0758211345089336,-0.0406261946762089
13.296153,0.3648740662751259,-0.1269269440871576,-0.7585737785835622,0.3648740662751259,-0.1269269440871576,0.7585737785835622
13.315893,0.0548115701856347,0.4254444469677396,0.4083361985432017,0.0548115701856347,0.4254444469677396,-0.4083361985432017
13.335972,0.222113999230817,0.2270619326148722,-1.2861288407189608,0.222113999230817,0.2270619326148722,1.2861288407189608
13.356312,0.7693490229204046,-0.2139825234284642,-0.2379569411409896,0.7693490229204046,-0.2139825234284642,0.2379569411409896
13.377249,-1.8127434960028757,0.637392609634072,1.63982094032799,-1.8127434960028757,0.637392609634072,-1.63982094032799
13.396056,0.2082161169877696,0.0498646814325371,-0.9955768875106266,0.2082161169877696,0.0498646814325371,0.9955768875106266
13.415993,0.5316498667085384,-0.0010811978085856,0.2923555356353837,0.5316498667085384,-0.0010811978085856,-0.2923555356353837
13.436187,-0.0985906806755249,0.103119632156005,-0.268163941541145,-0.0985906806755249,0.103119632156005,0.268163941541145
13.456122,0.0474141420357416,0.1032016096421849,-0.0734445283572551,0.0474141420357416,0.1032016096421849,0.0734445283572551
13.47652,0.0258896101683425,0.1133722859193699,-0.0909986301866645,0.0258896101683425,0.1133722859193699,0.0909986301866645
13.496274,0.0460262369828621,0.0915939725146488,-0.0849837967142068,0.0460262369828621,0.0915939725146488,0.0849837967142068
13.516793,0.0415503285809149,0.0921972921848385,-0.0873597942183757,0.0415503285809149,0.0921972921848385,0.0873597942183757
13.536374,0.0637833770689874,0.092429737527753,-0.0935949510287841,0.0637833770689874,0.092429737527753,0.0935949510287841
13.55662,0.0391719655124024,0.0992624001545016,-0.094580099477687,0.0391719655124024,0.0992624001545016,0.094580099477687
13.57677,0.0409927159655083,0.0891459182603461,-0.091901534467178,0.0409927159655083,0.0891459182603461,0.091901534467178
13.596644,0.035103370461293,0.06758373925763,-0.0893189123474744,0.035103370461293,0.06758373925763,0.0893189123474744
13.616663,0.0410135897294426,0.0891483907202786,-0.1085258240149595,0.0410135897294426,0.0891483907202786,0.1085258240149595
13.636888,0.027042505942652,0.073702963503732,-0.0968216786873039,0.027042505942652,0.073702963503732,0.0968216786873039
13.657312,0.0452952538698318,0.0585522404824012,-0.1101970277149106,0.0452952538698318,0.0585522404824012,0.1101970277149106
13.677509,0.0385197274853389,0.0787300642973509,-0.113104079429231,0.0385197274853389,0.0787300642973509,0.113104079429231
13.69677,0.0267442581307633,0.068011147100065,-0.0846089789093582,0.0267442581307633,0.068011147100065,0.0846089789093582
13.717005,0.0299583492953263,0.0641444842535594,-0.0915598600578917,0.0299583492953263,0.0641444842535594,0.0915598600578917
13.737357,0.0255763204960992,0.0432975659717814,-0.1010047817538275,0.0255763204960992,0.0432975659717814,0.1010047817538275
13.757146,0.0332398932110099,0.0638607146265674,-0.0913515533547446,0.0332398932110099,0.0638607146265674,0.0913515533547446
13.777541,0.0364658229680716,0.0681774822914837,-0.1032320599724929,0.0364658229680716,0.0681774822914837,0.1032320599724929
13.797257,0.0084543480318207,0.061858881812884,-0.1114536500561147,0.0084543480318207,0.061858881812884,0.1114536500561147
13.817402,0.0361412341059855,0.0341659252065535,-0.0907982130565052,0.0361412341059855,0.0341659252065535,0.0907982130565052
13.837505,0.0359978184983091,0.0566094299016858,-0.0958839026495148,0.0359978184983091,0.0566094299016858,0.0958839026495148
13.857323,0.0227042017358713,0.0500974371971042,-0.1106979715063136,0.0227042017358713,0.0500974371971042,0.1106979715063136
13.877743,0.0337983141203538,0.0237227779728885,-0.1146729180459846,0.0337983141203538,0.0237227779728885,0.1146729180459846
13.897454,0.015457128550213,0.0530306715359205,-0.1133935776175079,0.015457128550213,0.0530306715359205,0.1133935776175079
13.917687,0.0016763441164702,0.0354431240903286,-0.1137198302021644,0.0016763441164702,0.0354431240903286,0.1137198302021644
13.937486,0.0106071406359719,0.0349922871264102,-0.0965758042874256,0.0106071406359719,0.0349922871264102,0.0965758042874256
13.958408,0.0049037322677469,0.0399971816632332,-0.1040698869118923,0.0049037322677469,0.0399971816632332,0.1040698869118923
13.977857,0.0280939270503413,0.033688379634077,-0.1054421972229899,0.0280939270503413,0.033688379634077,0.1054421972229899
13.997957,0.0159206036714921,0.0454599721407608,-0.1108653023379435,0.0159206036714921,0.0454599721407608,0.1108653023379435
14.017542,0.0247436315527235,0.0451434941952508,-0.1032871191829354,0.0247436315527235,0.0451434941952508,0.1032871191829354
14.037915,0.0130979161336742,0.0391865272088269,-0.0940959114252919,0.0130979161336742,0.0391865272088269,0.0940959114252919
14.057815,0.0092508311522746,0.0440311568048904,-0.094310527659239,0.0092508311522746,0.0440311568048904,0.094310527659239
14.07824,0.0151467615102352,0.036691182882955,-0.0939861653730957,0.0151467615102352,0.036691182882955,0.0939861653730957
14.097951,-0.0118263180397726,0.0338249931896211,-0.104645241840048,-0.0118263180397726,0.0338249931896211,0.104645241840048
14.118341,0.0194982056786899,0.0289648525966885,-0.108114979242206,0.0194982056786899,0.0289648525966885,0.108114979242206
14.137981,0.0277162567712814,0.0341241654823942,-0.1078290874986382,0.0277162567712814,0.0341241654823942,0.1078290874986382
14.158612,0.0093163924307912,0.029779754146833,-0.1061232380004728,0.0093163924307912,0.029779754146833,0.1061232380004728
14.178712,0.0121688622895095,0.0311974949844705,-0.1060268601543796,0.0121688622895095,0.0311974949844705,0.1060268601543796
14.198358,0.0067340473807855,0.0418402779973013,-0.1015718576264426,0.0067340473807855,0.0418402779973013,0.1015718576264426
14.218316,0.0185468234919227,0.0508911008216621,-0.103586498960519,0.0185468234919227,0.0508911008216621,0.103586498960519
14.238387,0.0227327444944927,0.0103090041670343,-0.1077642339348159,0.0227327444944927,0.0103090041670343,0.1077642339348159
14.258542,0.0193606738600074,0.0292334652700695,-0.1176798653639146,0.0193606738600074,0.0292334652700695,0.1176798653639146
14.278864,0.0071913092244285,0.0358929458039724,-0.0942752992304623,0.0071913092244285,0.0358929458039724,0.0942752992304623
14.29851,0.0319870886837928,0.0226207019580496,-0.1146662061673637,0.0319870886837928,0.0226207019580496,0.1146662061673637
14.318671,0.0137777064253719,0.0309830484900468,-0.1059204928949313,0.0137777064253719,0.0309830484900468,0.1059204928949313
14.338428,0.0099838955739217,0.013722919809115,-0.1034915085934979,0.0099838955739217,0.013722919809115,0.1034915085934979
14.358744,0.013759089998031,0.0319539042803769,-0.1035295859384657,0.013759089998031,0.0319539042803769,0.1035295859384657
14.378807,0.0159199762918311,0.0185553625724705,-0.1056911094249191,0.0159199762918311,0.0185553625724705,0.1056911094249191
14.399388,0.0078508459639545,0.0295051433125895,-0.0989394122091393,0.0078508459639545,0.0295051433125895,0.0989394122091393
14.41876,0.0053570801570143,0.0395126050859824,-0.1087284367960812,0.0053570801570143,0.0395126050859824,0.1087284367960812
14.438803,0.008769568478527,0.0211389401794426,-0.1083903319122345,0.008769568478527,0.0211389401794426,0.1083903319122345
14.459313,-0.0070572985012468,0.0290563221885811,-0.1019343831918107,-0.0070572985012468,0.0290563221885811,0.1019343831918107
14.479373,0.0095919358795121,0.0131668379024382,-0.1106665349663096,0.0095919358795121,0.0131668379024382,0.1106665349663096
14.499172,0.01268339307242,0.0249900776617688,-0.1226487645770273,0.01268339307242,0.0249900776617688,0.1226487645770273
14.519168,0.0133138454255169,0.0317734759838479,-0.1083080878169742,0.0133138454255169,0.0317734759838479,0.1083080878169742
14.538803,0.0161888513684815,0.0214417028624456,-0.112871304406072,0.0161888513684815,0.0214417028624456,0.112871304406072
14.559495,0.0270693739365116,0.0282097319710429,-0.1100860736960633,0.0270693739365116,0.0282097319710429,0.1100860736960633
14.579557,0.0086227926392914,0.0241616750284892,-0.1060009160181483,0.0086227926392914,0.0241616750284892,0.1060009160181483
14.599411,0.0011193254712656,0.0248418245222817,-0.0991290576492236,0.0011193254712656,0.0248418245222817,0.0991290576492236
14.619661,0.0150924457600296,0.0066221270459616,-0.1127446115201653,0.0150924457600296,0.0066221270459616,0.1127446115201653
14.639502,0.0046503322464913,0.0181094564805645,-0.1037002499171428,0.0046503322464913,0.0181094564805645,0.1037002499171428
14.659725,0.0153616465924793,0.0202893572502967,-0.1128654083187239,0.0153616465924793,0.0202893572502967,0.1128654083187239
14.680255,0.0063978317750732,0.0244842274544316,-0.1108845008965619,0.0063978317750732,0.0244842274544316,0.1108845008965619
14.699548,0.0206390131989771,0.0091098816771627,-0.1197222750247064,0.0206390131989771,0.0091098816771627,0.1197222750247064
14.719633,0.0022340798213223,0.0149372267330122,-0.1157559916386503,0.0022340798213223,0.0149372267330122,0.1157559916386503
14.739626,0.0224525826740902,0.0054895629999667,-0.1291828704234099,0.0224525826740902,0.0054895629999667,0.1291828704234099
14.760028,0.0139986440599767,0.0147000396804915,-0.1152485210640517,0.0139986440599767,0.0147000396804915,0.1152485210640517
14.781132,0.0026992393093335,0.0214627995064358,-0.103804703749704,0.0026992393093335,0.0214627995064358,0.103804703749704
14.80005,0.0079381779123087,0.0006225609930583,-0.1009799380018456,0.0079381779123087,0.0006225609930583,0.1009799380018456
14.819963,0.0065805370383118,0.0105420442567557,-0.1275087748955652,0.0065805370383118,0.0105420442567557,0.1275087748955652
14.840445,0.0076095394694107,0.0053590068373845,-0.1154399577902136,0.0076095394694107,0.0053590068373845,0.1154399577902136
14.860183,0.0079316475952857,-0.0021034473697297,-0.1033702233162117,0.0079316475952857,-0.0021034473697297,0.1033702233162117
14.880777,-0.0030585847662138,0.0292681215310765,-0.09454896504349,-0.0030585847662138,0.0292681215310765,0.09454896504349
14.900391,-0.0109757038194108,0.0112460236542038,-0.1066894109162142,-0.0109757038194108,0.0112460236542038,0.1066894109162142
14.920478,0.0232143241392836,0.0233407971037777,-0.1053855849970091,0.0232143241392836,0.0233407971037777,0.1053855849970091
14.940108,0.0091717350597013,0.0141421445341894,-0.1034913088790006,0.0091717350597013,0.0141421445341894,0.1034913088790006
14.960589,-0.0059365154684489,0.0122716265317445,-0.1064880158469847,-0.0059365154684489,0.0122716265317445,0.1064880158469847
14.980666,0.0243296146952931,0.0131490856521247,-0.1172343604924091,0.0243296146952931,0.0131490856521247,0.1172343604924091
15.000937,0.2256764250121614,0.0760615423660302,-0.6798248265268256,0.2256764250121614,0.0760615423660302,0.6798248265268256
15.020602,-0.2536849465380305,0.0167052718933758,0.8319991614363804,-0.2536849465380305,0.0167052718933758,-0.8319991614363804
15.040738,0.0289883845482213,0.0520286287322069,-0.0458531433982027,0.0289883845482213,0.0520286287322069,0.0458531433982027
15.061494,-0.0471041268104568,0.0474351124388245,-0.2347257856344597,-0.0471041268104568,0.0474351124388245,0.2347257856344597
15.081586,0.1435614548577617,-0.0077724938655201,-0.182950191102476,0.1435614548577617,-0.0077724938655201,0.182950191102476
15.100879,-0.0580719678503051,0.0515282390844277,-0.1141570394846365,-0.0580719678503051,0.0515282390844277,0.1141570394846365
