time_seconds,forward_velocity,right_velocity,down_velocity
0.019504,0.0,0.0,0.0
0.024202,0.011004912858858492,0.034431918480266235,0.02628628653343967
0.039519,0.03879925885133187,0.1203362061934243,0.0923590920104476
0.059027,0.06524355101463637,0.2008508949337589,0.1544282309690853
0.078503,0.08160289818294961,0.2485969441780284,0.1911975912276013
0.09817,0.0,0.0,0.0
0.118543,0.0,0.0,0.0
0.138369,0.0,0.0,0.0
0.158983,0.07558529872459886,0.25579799142396586,0.19795919566415024
0.178772,0.0,0.0,0.0
0.198839,0.0,0.0,0.0
0.2189,0.0,0.0,0.0
0.239016,0.0,0.0,0.0
0.259049,0.0,0.0,0.0
0.279679,0.0,0.0,0.0
0.299294,0.0,0.0,0.0
0.319242,0.0,0.0,0.0
0.339171,0.0,0.0,0.0
0.35978,0.0,0.0,0.0
0.379354,0.0,0.0,0.0
0.399492,0.0,0.0,0.0
0.419252,0.0,0.0,0.0
0.439625,0.0,0.0,0.0
0.459704,0.0,0.0,0.0
0.480025,0.0,0.0,0.0
0.500253,0.0,0.0,0.0
0.52,0.0,0.0,0.0
0.539647,0.0,0.0,0.0
0.560247,0.0,0.0,0.0
0.579919,0.0,0.0,0.0
0.600047,0.0,0.0,0.0
0.619793,0.0,0.0,0.0
0.640071,0.0,0.0,0.0
0.660458,0.0,0.0,0.0
0.680539,0.0,0.0,0.0
0.700175,0.0,0.0,0.0
0.720824,0.0,0.0,0.0
0.740352,0.0,0.0,0.0
0.760819,0.0,0.0,0.0
0.780709,0.0,0.0,0.0
0.800475,0.0,0.0,0.0
0.820665,0.0,0.0,0.0
0.8409,0.0,0.0,0.0
0.861094,0.0,0.0,0.0
0.880796,0.0,0.0,0.0
0.900932,0.0,0.0,0.0
0.921063,0.0,0.0,0.0
0.941355,0.0,0.0,0.0
0.961227,0.0,0.0,0.0
0.981014,0.0,0.0,0.0
1.001414,0.0,0.0,0.0
1.020894,0.0,0.0,0.0
1.041316,0.0,0.0,0.0
1.06126,0.0,0.0,0.0
1.081562,0.07320982981704709,0.2811666436039996,0.19936672532130087
1.101316,0.06897485800265,0.2794093713939513,0.2002998868115919
1.121519,0.0,0.0,0.0
1.141454,0.0,0.0,0.0
1.162623,0.0,0.0,0.0
1.181554,0.0,0.0,0.0
1.201809,0.0,0.0,0.0
1.221686,0.0,0.0,0.0
1.241835,0.0,0.0,0.0
1.261915,0.0,0.0,0.0
1.282155,0.0,0.0,0.0
1.301881,0.0,0.0,0.0
1.32203,0.0,0.0,0.0
1.341766,0.0,0.0,0.0
1.362681,0.0,0.0,0.0
1.38255,0.0,0.0,0.0
1.402315,0.0,0.0,0.0
1.422201,0.0,0.0,0.0
1.442222,0.0,0.0,0.0
1.462659,0.0,0.0,0.0
1.482903,0.0,0.0,0.0
1.50249,0.0,0.0,0.0
1.522395,0.0,0.0,0.0
1.542577,0.0,0.0,0.0
1.562633,0.0,0.0,0.0
1.58268,0.0,0.0,0.0
1.603135,0.0,0.0,0.0
1.622812,0.0,0.0,0.0
1.642685,0.0,0.0,0.0
1.662978,0.0,0.0,0.0
1.683201,0.0,0.0,0.0
1.703184,0.0,0.0,0.0
1.723076,0.0,0.0,0.0
1.742976,0.0,0.0,0.0
1.763745,0.0,0.0,0.0
1.783477,0.0,0.0,0.0
1.803384,0.0,0.0,0.0
1.823738,0.0,0.0,0.0
1.843576,0.0,0.0,0.0
1.86401,0.0,0.0,0.0
1.883923,0.0,0.0,0.0
1.903773,0.0,0.0,0.0
1.923819,0.0,0.0,0.0
1.943644,0.0,0.0,0.0
1.964179,0.0,0.0,0.0
1.984461,0.0,0.0,0.0
2.00418,0.0,0.0,0.0
2.02386,0.0,0.0,0.0
2.044552,0.0,0.0,0.0
2.064526,0.0,0.0,0.0
2.084638,0.0,0.0,0.0
2.10515,0.0,0.0,0.0
2.12441,0.0,0.0,0.0
2.144117,0.0,0.0,0.0
2.165205,0.0,0.0,0.0
2.184633,0.0,0.0,0.0
2.205434,0.0,0.0,0.0
2.224349,0.0,0.0,0.0
2.244632,0.0,0.0,0.0
2.265494,0.0,0.0,0.0
2.285127,0.0,0.0,0.0
2.304922,0.0,0.0,0.0
2.324827,0.0,0.0,0.0
2.344905,0.0,0.0,0.0
2.365861,0.0,0.0,0.0
2.385159,0.0,0.0,0.0
2.405466,0.0,0.0,0.0
2.425126,0.0,0.0,0.0
2.445461,0.0,0.0,0.0
2.466277,0.0,0.0,0.0
2.486457,0.0,0.0,0.0
2.505572,0.0,0.0,0.0
2.525717,0.0,0.0,0.0
2.54556,0.04696047477307806,0.30813791667108037,0.20528017693661502
2.566577,0.05020310708720645,0.31301173713615266,0.2118579393784184
2.585897,0.05281961511878303,0.31777891556995225,0.2188619385724555
2.605971,0.054248676269577197,0.32210629773312355,0.22694685747593132
2.625848,0.054929535746308926,0.32733472366348854,0.23679835358868792
2.645958,0.05412281380685298,0.3325220263105874,0.24790160646522258
2.667067,0.05071895954180718,0.33504407261119634,0.2590456098780537
2.686536,0.04669022203592563,0.3349814399115987,0.26902552786731526
2.70665,0.04309900725982914,0.3357283107896412,0.28152980467636984
2.726243,0.03892206800533155,0.3399503434241831,0.2981702136416726
2.746293,0.03394337234633565,0.34503974435417545,0.317914012175028
2.767323,0.028657475121127172,0.3462987746315789,0.3376708556979382
2.786773,0.021302421763090537,0.34537873168791533,0.3568168538874094
2.806488,0.009720542600398133,0.34524528996018355,0.37926743088158016
2.826537,-0.0030213610309691614,0.3405600638797688,0.400139189934299
2.84661,-0.016006932909961406,0.32907257034637794,0.41669034457810983
2.867617,-0.032762995019332344,0.3171757514355162,0.43552299910264713
2.88698,-0.04922806674739055,0.3066670332885301,0.4533743331133761
2.90686,-0.06247723921624507,0.288798215384642,0.4622415381353416
2.927203,-0.072923252462253,0.2643887998543985,0.4614158645480427
2.946939,-0.08355611171349536,0.24230227228969073,0.4593175689070838
2.967965,-0.09503854257031633,0.22031973515477293,0.4565839677547719
2.987325,-0.10282460168434097,0.1992558230066869,0.4483918587561793
3.007331,-0.10706747291867884,0.17898639360132781,0.4349761603977122
3.027107,-0.1099561752494052,0.16258087418232484,0.42110450049268466
3.047338,-0.11317719820087069,0.14806919666645482,0.40549032584020794
3.067144,-0.11457999893160173,0.13487758665616606,0.3864843087469851
3.087653,-0.11340400740403901,0.12311392115220986,0.3654230635167378
3.107316,-0.11359158492109483,0.11416931475910413,0.34891517604810207
3.127532,-0.11606426217454363,0.10662285122458759,0.33649280723331126
3.147868,-0.11648201729366729,0.09930733701978448,0.32549418656195206
3.168677,-0.11322006006657141,0.09177310342323086,0.3126950842249396
3.187841,-0.10982211408951398,0.08490311103445093,0.3001913405646174
3.207945,-0.10726614654357955,0.0777813799361018,0.28814835013414886
3.227707,-0.10501699254244132,0.07047235241644884,0.27626211872514406
3.247898,-0.10313591699203725,0.06257618578223936,0.2635763951387512
3.268939,-0.10165449932409769,0.054515402458506945,0.2518901690340709
3.288356,-0.1003944997581834,0.04753418689510396,0.24428786469209057
3.308004,-0.0990193678272502,0.041180218174043715,0.23956154733996698
3.328079,-0.09711171189993276,0.03543103153151289,0.2362621705375782
3.347953,-0.09476593243985186,0.03019350739597978,0.2328484178415062
3.369366,-0.09244737221795507,0.02452571231861896,0.228254170542643
3.388375,-0.09097623875067491,0.019206579606493482,0.2236420364974063
3.408556,-0.08981434616525864,0.013304416374489463,0.21838351619022214
3.428181,-0.08864437028959639,0.007671092270204012,0.21348008709815414
3.448519,-0.08693023538751034,0.002562515684252388,0.20946720887842202
3.468295,0.0,0.0,0.0
3.488567,0.0,0.0,0.0
3.508526,0.0,0.0,0.0
3.528673,0.0,0.0,0.0
3.548614,0.0,0.0,0.0
3.568882,0.0,0.0,0.0
3.589136,0.0,0.0,0.0
3.60905,0.0,0.0,0.0
3.628827,0.0,0.0,0.0
3.649163,0.0,0.0,0.0
3.66884,0.0,0.0,0.0
3.689356,0.0,0.0,0.0
3.709156,0.0,0.0,0.0
3.729332,0.0,0.0,0.0
3.749289,0.0,0.0,0.0
3.769361,0.0,0.0,0.0
3.78949,0.0,0.0,0.0
3.809853,0.0,0.0,0.0
3.829731,0.0,0.0,0.0
3.849662,0.0,0.0,0.0
3.869644,0.0,0.0,0.0
3.889785,0.0,0.0,0.0
3.909749,0.0,0.0,0.0
3.929879,0.0,0.0,0.0
3.949891,0.0,0.0,0.0
3.970106,0.0,0.0,0.0
3.990234,0.0,0.0,0.0
4.010059,0.0,0.0,0.0
4.030466,0.0,0.0,0.0
4.050009,0.0,0.0,0.0
4.070205,0.0,0.0,0.0
4.090497,0.0,0.0,0.0
4.110405,0.0,0.0,0.0
4.130463,0.0,0.0,0.0
4.150508,0.0,0.0,0.0
4.170591,0.0,0.0,0.0
4.190542,0.0,0.0,0.0
4.210842,0.0,0.0,0.0
4.230451,0.0,0.0,0.0
4.251206,0.0,0.0,0.0
4.270719,0.0,0.0,0.0
4.290946,0.0,0.0,0.0
4.310805,0.0,0.0,0.0
4.330991,0.0,0.0,0.0
4.35104,0.0,0.0,0.0
4.371122,0.0,0.0,0.0
4.391215,0.0,0.0,0.0
4.411133,0.0,0.0,0.0
4.431154,0.0,0.0,0.0
4.451549,0.0,0.0,0.0
4.471648,0.0,0.0,0.0
4.491443,0.0,0.0,0.0
4.511422,0.0,0.0,0.0
4.531599,0.0,0.0,0.0
4.551494,0.0,0.0,0.0
4.571821,0.0,0.0,0.0
4.59176,0.0,0.0,0.0
4.611988,0.0,0.0,0.0
4.631779,0.0,0.0,0.0
4.652119,0.0,0.0,0.0
4.671828,0.0,0.0,0.0
4.69259,0.0,0.0,0.0
4.712869,0.0,0.0,0.0
4.732107,0.0,0.0,0.0
4.752094,0.0,0.0,0.0
4.772221,0.0,0.0,0.0
4.792494,0.0,0.0,0.0
4.812479,0.0,0.0,0.0
4.83258,0.0,0.0,0.0
4.852458,0.0,0.0,0.0
4.872455,0.0,0.0,0.0
4.892613,0.0,0.0,0.0
4.913285,0.0,0.0,0.0
4.932759,0.0,0.0,0.0
4.952454,0.0,0.0,0.0
4.972689,0.0,0.0,0.0
4.992747,0.0,0.0,0.0
5.013115,0.0,0.0,0.0
5.033125,0.0,0.0,0.0
5.053161,0.0,0.0,0.0
5.073106,0.0,0.0,0.0
5.093468,0.0,0.0,0.0
5.113285,0.0,0.0,0.0
5.133631,0.0,0.0,0.0
5.153235,0.0,0.0,0.0
5.173573,0.0,0.0,0.0
5.193553,0.0,0.0,0.0
5.213713,0.0,0.0,0.0
5.233508,0.0,0.0,0.0
5.253733,0.0,0.0,0.0
5.273598,0.0,0.0,0.0
5.293858,0.0,0.0,0.0
5.313915,0.0,0.0,0.0
5.334022,0.0,0.0,0.0
5.354244,0.0,0.0,0.0
5.374114,0.0,0.0,0.0
5.394101,0.0,0.0,0.0
5.414371,0.0,0.0,0.0
5.434084,0.0,0.0,0.0
5.454202,0.0,0.0,0.0
5.47406,0.0,0.0,0.0
5.494358,0.0,0.0,0.0
5.514493,0.0,0.0,0.0
5.53456,0.0,0.0,0.0
5.554299,0.0,0.0,0.0
5.575089,0.0,0.0,0.0
5.594511,0.0,0.0,0.0
5.614712,0.0,0.0,0.0
5.634773,0.0,0.0,0.0
5.654678,0.0,0.0,0.0
5.674606,0.0,0.0,0.0
5.695089,0.0,0.0,0.0
5.714853,0.0,0.0,0.0
5.735212,0.0,0.0,0.0
5.754859,0.0,0.0,0.0
5.774997,0.0,0.0,0.0
5.795331,0.0,0.0,0.0
5.815384,0.0,0.0,0.0
5.835501,0.0,0.0,0.0
5.855296,0.0,0.0,0.0
5.875387,0.0,0.0,0.0
5.895464,0.0,0.0,0.0
5.915738,0.0,0.0,0.0
5.9354,0.0,0.0,0.0
5.955572,0.0,0.0,0.0
5.97563,0.0,0.0,0.0
5.996128,0.0,0.0,0.0
6.016343,0.0,0.0,0.0
6.035898,0.0,0.0,0.0
6.056064,0.0,0.0,0.0
6.075882,0.0,0.0,0.0
6.096239,0.0,0.0,0.0
6.116889,0.0,0.0,0.0
6.136266,0.0,0.0,0.0
6.155987,0.0,0.0,0.0
6.176275,0.0,0.0,0.0
6.196264,0.0,0.0,0.0
6.21676,0.0,0.0,0.0
6.236891,0.0,0.0,0.0
6.256613,0.0,0.0,0.0
6.276439,0.0,0.0,0.0
6.296875,0.0,0.0,0.0
6.316795,0.0,0.0,0.0
6.336767,0.0,0.0,0.0
6.356609,0.0,0.0,0.0
6.376912,0.0,0.0,0.0
6.39728,0.0,0.0,0.0
6.417132,0.0,0.0,0.0
6.436872,0.0,0.0,0.0
6.457538,0.0,0.0,0.0
6.4771,0.0,0.0,0.0
6.497629,0.0,0.0,0.0
6.517339,0.0,0.0,0.0
6.537583,0.0,0.0,0.0
6.557372,0.0,0.0,0.0
6.577419,0.0,0.0,0.0
6.597751,0.0,0.0,0.0
6.618091,0.0,0.0,0.0
6.637631,0.0,0.0,0.0
6.657652,0.0,0.0,0.0
6.677959,0.0,0.0,0.0
6.698234,0.0,0.0,0.0
6.71793,0.0,0.0,0.0
6.737915,0.0,0.0,0.0
6.757825,0.0,0.0,0.0
6.777909,0.0,0.0,0.0
6.798743,0.0,0.0,0.0
6.818697,0.0,0.0,0.0
6.838284,0.0,0.0,0.0
6.858013,0.0,0.0,0.0
6.878142,0.0,0.0,0.0
6.898992,0.0,0.0,0.0
6.91885,0.0,0.0,0.0
6.938533,0.0,0.0,0.0
6.958611,0.0,0.0,0.0
6.978493,0.0,0.0,0.0
6.998994,0.0,0.0,0.0
7.019188,0.0,0.0,0.0
7.038807,0.0,0.0,0.0
7.058917,0.0,0.0,0.0
7.07856,0.0,0.0,0.0
7.099206,0.0,0.0,0.0
7.119644,0.0,0.0,0.0
7.139206,0.0,0.0,0.0
7.158798,0.0,0.0,0.0
7.179079,0.0,0.0,0.0
7.199459,0.0,0.0,0.0
7.219403,0.0,0.0,0.0
7.239509,0.0,0.0,0.0
7.259518,0.0,0.0,0.0
7.279531,0.0,0.0,0.0
7.300185,0.0,0.0,0.0
7.319875,0.0,0.0,0.0
7.340246,0.0,0.0,0.0
7.359711,0.0,0.0,0.0
7.37987,0.0,0.0,0.0
7.400117,0.0,0.0,0.0
7.420237,0.0,0.0,0.0
7.441016,0.0,0.0,0.0
7.460236,0.0,0.0,0.0
7.479868,0.0,0.0,0.0
7.500474,0.0,0.0,0.0
7.520111,0.0,0.0,0.0
7.541397,0.0,0.0,0.0
7.560672,0.0,0.0,0.0
7.580271,0.0,0.0,0.0
7.601007,0.0,0.0,0.0
7.620691,0.0,0.0,0.0
7.640403,0.0,0.0,0.0
7.660817,0.0,0.0,0.0
7.68038,0.0,0.0,0.0
7.701343,0.0,0.0,0.0
7.721077,0.0,0.0,0.0
7.741147,0.0,0.0,0.0
7.7606,0.0,0.0,0.0
7.781432,0.0,0.0,0.0
7.80126,0.0,0.0,0.0
7.821262,0.0,0.0,0.0
7.841317,0.0,0.0,0.0
7.861297,0.0,0.0,0.0
7.881095,0.0,0.0,0.0
7.902018,0.0,0.0,0.0
7.921448,0.0,0.0,0.0
7.941496,0.0,0.0,0.0
7.961426,0.0,0.0,0.0
7.981449,0.0,0.0,0.0
8.002391,0.0,0.0,0.0
8.021811,0.0,0.0,0.0
8.041729,0.0,0.0,0.0
8.061696,0.0,0.0,0.0
8.08197,0.0,0.0,0.0
8.102664,0.0,0.0,0.0
8.121989,0.0,0.0,0.0
8.142115,0.0,0.0,0.0
8.162001,0.0,0.0,0.0
8.182146,0.0,0.0,0.0
8.202132,0.0,0.0,0.0
8.222576,0.0,0.0,0.0
8.242128,0.0,0.0,0.0
8.262335,0.0,0.0,0.0
8.282072,0.0,0.0,0.0
8.302642,0.0,0.0,0.0
8.32246,0.0,0.0,0.0
8.342545,0.0,0.0,0.0
8.362607,0.0,0.0,0.0
8.382812,0.0,0.0,0.0
8.402858,0.0,0.0,0.0
8.422823,0.0,0.0,0.0
8.443267,0.0,0.0,0.0
8.462926,0.0,0.0,0.0
8.482842,0.0,0.0,0.0
8.503171,0.0,0.0,0.0
8.52304,0.0,0.0,0.0
8.543306,0.0,0.0,0.0
8.563043,0.0,0.0,0.0
8.583522,0.0,0.0,0.0
8.603011,0.0,0.0,0.0
8.623672,0.0,0.0,0.0
8.643352,0.0,0.0,0.0
8.663947,-0.09378454716443946,-0.09841611960862184,0.21161110293584734
8.68348,-0.09725389056348592,-0.10040545397385373,0.21417561469402976
8.703758,-0.10151326875453798,-0.10315719166284022,0.219477170988143
8.723547,-0.10632631283818307,-0.10582350500773764,0.2274120485039334
8.743849,-0.10935485405586806,-0.10798846904481674,0.23559604221055191
8.763888,-0.11048644273873873,-0.11028515244181297,0.24157760426063926
8.783878,-0.11176262918978039,-0.11332348943547885,0.2462696310248108
8.80392,-0.1122197756106523,-0.1168194775312339,0.2501465764914634
8.824049,-0.11112536159740415,-0.12054416319261357,0.2526232169778343
8.845154,-0.11022770696440147,-0.12485837948043883,0.2542575741087079
8.864164,-0.10967199532275375,-0.12873357789461415,0.25584470178076374
8.884548,-0.10828416949787951,-0.13229517132831875,0.25795592869393996
8.904187,0.0,0.0,0.0
8.924264,0.0,0.0,0.0
8.944375,-0.09964542252160208,-0.13663733268263248,0.2578142955462495
8.964364,-0.09491014058691331,-0.13585238769879138,0.25357028560987893
8.984461,-0.0898668316864948,-0.13443621867758304,0.24732557998795637
9.00432,-0.08420132329726297,-0.13245390406127372,0.23899159979110324
9.024653,-0.07928470397500029,-0.1308351420061397,0.23058764769479445
9.044451,0.0,0.0,0.0
9.064778,0.0,0.0,0.0
9.084616,0.0,0.0,0.0
9.10529,0.0,0.0,0.0
9.125034,0.0,0.0,0.0
9.144839,0.0,0.0,0.0
9.164657,0.0,0.0,0.0
9.185525,0.0,0.0,0.0
9.204864,0.0,0.0,0.0
9.225393,0.0,0.0,0.0
9.245126,0.0,0.0,0.0
9.265326,0.0,0.0,0.0
9.284845,0.0,0.0,0.0
9.305426,0.0,0.0,0.0
9.325711,0.0,0.0,0.0
9.345702,0.0,0.0,0.0
9.365524,0.0,0.0,0.0
9.3857,0.0,0.0,0.0
9.405491,-0.08076170570465867,-0.15352122491545458,0.2210785259151424
9.42578,0.0,0.0,0.0
9.446524,0.0,0.0,0.0
9.466016,0.0,0.0,0.0
9.48569,0.0,0.0,0.0
9.505975,0.0,0.0,0.0
9.525827,0.0,0.0,0.0
9.546311,0.0,0.0,0.0
9.565985,0.0,0.0,0.0
9.585884,0.0,0.0,0.0
9.606133,0.0,0.0,0.0
9.626375,0.0,0.0,0.0
9.646305,0.0,0.0,0.0
9.66648,0.0,0.0,0.0
9.686373,0.0,0.0,0.0
9.706353,0.0,0.0,0.0
9.72646,0.0,0.0,0.0
9.746736,0.0,0.0,0.0
9.766833,0.0,0.0,0.0
9.786611,0.0,0.0,0.0
9.8065,0.0,0.0,0.0
9.826902,0.0,0.0,0.0
9.846405,0.0,0.0,0.0
9.866787,0.0,0.0,0.0
9.886704,0.0,0.0,0.0
9.90696,0.0,0.0,0.0
9.926899,0.0,0.0,0.0
9.947115,0.0,0.0,0.0
9.966938,0.0,0.0,0.0
9.987506,0.0,0.0,0.0
10.007081,0.0,0.0,0.0
10.02761,0.0,0.0,0.0
10.047222,0.0,0.0,0.0
10.067472,0.0,0.0,0.0
10.087408,0.0,0.0,0.0
10.107565,0.0,0.0,0.0
10.127433,0.0,0.0,0.0
10.147643,0.0,0.0,0.0
10.167591,0.0,0.0,0.0
10.187621,0.0,0.0,0.0
10.207995,0.0,0.0,0.0
10.22756,0.0,0.0,0.0
10.247793,0.0,0.0,0.0
10.267903,0.0,0.0,0.0
10.287836,0.0,0.0,0.0
10.307897,0.0,0.0,0.0
10.32799,0.0,0.0,0.0
10.348016,0.0,0.0,0.0
10.368282,0.0,0.0,0.0
10.3882,0.0,0.0,0.0
10.408067,0.0,0.0,0.0
10.429118,0.0,0.0,0.0
10.448235,0.0,0.0,0.0
10.468712,0.0,0.0,0.0
10.48829,0.0,0.0,0.0
10.50833,0.0,0.0,0.0
10.52853,0.0,0.0,0.0
10.548696,0.0,0.0,0.0
10.568791,0.0,0.0,0.0
10.588636,0.0,0.0,0.0
10.608719,0.0,0.0,0.0
10.629221,0.0,0.0,0.0
10.649434,0.0,0.0,0.0
10.669118,0.0,0.0,0.0
10.688911,0.0,0.0,0.0
10.709299,0.0,0.0,0.0
10.729232,0.0,0.0,0.0
10.749433,0.0,0.0,0.0
10.769353,0.0,0.0,0.0
10.789457,0.0,0.0,0.0
10.809147,0.0,0.0,0.0
10.829889,0.0,0.0,0.0
10.849352,0.0,0.0,0.0
10.870345,0.0,0.0,0.0
10.889521,0.0,0.0,0.0
10.909748,0.0,0.0,0.0
10.929755,0.0,0.0,0.0
10.950064,0.0,0.0,0.0
10.969769,0.0,0.0,0.0
10.989859,0.0,0.0,0.0
11.009775,0.0,0.0,0.0
11.030283,0.0,0.0,0.0
11.050249,0.0,0.0,0.0
11.070083,0.0,0.0,0.0
11.090501,0.0,0.0,0.0
11.110328,-0.07413205587441155,-0.19254768768657388,0.20270867629394915
11.130641,-0.0709098029351995,-0.18941223759370235,0.19481599223976503
11.150605,-0.06790969195368168,-0.18627047329868035,0.18648780827891415
11.170703,-0.06462795524030057,-0.183074681729812,0.17961348972878996
11.190493,0.0,0.0,0.0
11.21044,0.0,0.0,0.0
11.230928,0.0,0.0,0.0
11.250613,0.0,0.0,0.0
11.270787,-0.04972777692508224,-0.16920573588562032,0.1637854685555574
11.290706,-0.04577108601275554,-0.16562017198949636,0.16088863536477815
11.311264,0.0,0.0,0.0
11.331217,0.0,0.0,0.0
11.351189,-0.035792955583010724,-0.15576695376865737,0.15921329646301766
11.37112,-0.03239938966425328,-0.15275057139873205,0.16096236666208558
11.391,-0.029148612437617207,-0.15009210111578244,0.16284778698838356
11.410879,-0.025688246248127083,-0.1474398581599851,0.16413552852555097
11.431831,-0.02168231163201245,-0.1443813406463556,0.1652706738659815
11.451718,-0.017148946384205336,-0.14087018287927697,0.1665951157015935
11.471423,-0.011696511290305047,-0.13654691409339398,0.16849032869289385
11.491046,-0.0054227818110514645,-0.13150182305591296,0.17178650453333813
11.511419,0.0020724388022423015,-0.12566200155033688,0.17665555235093933
11.531817,0.00957687205078651,-0.11994574407645592,0.18237434474471978
11.551943,0.01638472824985126,-0.1149566492401412,0.18855096794023035
11.571486,0.023617249328316405,-0.11022873927963428,0.19420161081743714
11.591591,0.03239669554557732,-0.10535414301947205,0.19905676077255396
11.611338,0.04172245347295041,-0.10064688382668552,0.20406437197980554
11.632366,0.05272967290853748,-0.09495129777858588,0.21047227558300752
11.651689,0.06393731492221846,-0.0890371194362373,0.2166818865802249
11.671759,0.07492480261378931,-0.08321919689081408,0.22259154863129885
11.691704,0.08425547445578566,-0.07825982887262453,0.227600837933796
11.711781,0.09351184445235389,-0.07340087272498905,0.2319041847509237
11.732622,0.10431051395326396,-0.06791986432549306,0.23583679065571936
11.752543,0.11517554378619238,-0.06240146488702828,0.23942410178518725
11.773189,0.12657062520046794,-0.05658200904301193,0.24321914111993273
11.792038,0.13721926269013618,-0.05097498404375571,0.2462409354738252
11.811968,0.14805671072724574,-0.04503277215863144,0.2485095803553383
11.833127,0.15825415208361596,-0.03947064225666852,0.2503943646941723
11.852225,0.16674133989421683,-0.0350175625731204,0.25213256200223366
11.873425,0.17641066479712886,-0.02980474486760541,0.2544226552749781
11.892117,0.18499516076710618,-0.02516733843170446,0.25680137865259495
11.912374,0.1937020475281721,-0.02054039979126398,0.25943924637495935
11.932369,0.2016932852399705,-0.016218643000657822,0.2619320207887361
11.952413,0.2093482953206546,-0.012046255110054475,0.2642994304018711
11.972862,0.21697775916599296,-0.008065918970460093,0.26603297963546096
11.993617,0.22474528583929446,-0.00410445186202709,0.2671968258816437
12.012478,0.23194091487306784,-0.0003373385885540904,0.2686190906914189
12.032939,0.2399434359998645,0.0037111291585744874,0.2706321151457907
12.052732,0.2477396843162257,0.00741601184568343,0.2721708591567448
12.073009,0.25504310414365533,0.010703994503140664,0.273190393863402
12.092609,0.2610221422564396,0.013203428710172766,0.27403735438060683
12.112828,0.2668152516390405,0.015443318393861958,0.27497008788033195
12.132806,0.27293070356354976,0.01772670702399139,0.2760914023148509
12.153243,0.2792667332506923,0.0200715512406172,0.27737120997913195
12.173175,0.2848915367663668,0.021987748485521534,0.27843765444945506
12.193633,0.29020162320208465,0.023607381770170275,0.27933964414605594
12.213112,0.2952605271835274,0.02512246208273434,0.28022498630088616
12.23331,0.3007436061631599,0.026693611898015578,0.2810423323807406
12.253305,0.3061752208081157,0.028216082432739358,0.2818926654775538
12.273669,0.31157425002067823,0.029811926140343118,0.2832478706506752
12.293186,0.3168929081934763,0.03154109182759835,0.2848794075581655
12.31344,0.32257678055880523,0.0334204760833408,0.2865238857509245
12.333416,0.3279032259872295,0.035268912423444786,0.2883056618326547
12.353744,0.332823836391226,0.037081507950083116,0.2902199019971574
12.373816,0.33733800844512984,0.038708902318967675,0.292098535920157
12.393706,0.34140577758620155,0.040350479855129226,0.2946425038973746
12.414099,0.3450642073800501,0.04214701056664498,0.2981833588650927
12.433936,0.34850332346912005,0.044226439549502866,0.3027073114456706
12.453774,0.3523108897077091,0.047034362233453704,0.3096276565410875
12.474047,0.35705696978123214,0.0510165015275106,0.32046766447848707
12.493763,0.363045255521594,0.05619690194420459,0.33452646340405656
12.513928,0.37091538335872937,0.06314106552731312,0.3530271068255176
12.533913,0.37958353115986154,0.07148731992125108,0.3758461374641141
12.554347,0.3874008023813493,0.08038136954408573,0.40320079829964084
12.574212,0.39361483925688545,0.08883022850843653,0.43440168344827834
12.594376,0.40043188708881117,0.0971539215701112,0.4719532014974107
12.614114,0.4080419371842569,0.10424002789102349,0.513937927382462
12.634764,0.414214009398927,0.10919961237521843,0.5606940550540866
12.65425,0.4161041112979955,0.11141299431819193,0.6037221453153723
12.674495,0.4133335933631967,0.11274043128192328,0.6426954241723359
12.694297,0.4049903616207547,0.11462936243058411,0.6725230317461736
12.714457,0.3907325504834648,0.11736634386814224,0.6956477356090677
12.734467,0.3733158970520646,0.12001767968783789,0.7156188575648499
12.754728,0.35473642134436767,0.12219080534505967,0.7369476383532314
12.774714,0.3368980400077887,0.1232544689509787,0.7602910232664938
12.794702,0.32080714137076727,0.12271496197366213,0.7841507446638518
12.814364,0.3060516052346282,0.12079241754874841,0.8050438039190537
12.83493,0.29058914805000746,0.11741019474267228,0.8215109431179443
12.854892,0.27594323206927784,0.112555870360313,0.830754570430173
12.875073,0.2624486608160857,0.10626733910353885,0.8326229291302433
12.894813,0.25139940640814046,0.09923264978441779,0.8271455804566411
12.914952,0.24410717365427298,0.09151490716469517,0.814519382246427
12.934794,0.24309210761202776,0.08625107406118868,0.7963979828213332
12.955078,0.24798392127583796,0.08532303392865209,0.7732421629909446
12.975558,0.25428482696850097,0.08652130611356465,0.7465706731771866
12.994852,0.2592550102304521,0.08690016728618095,0.7205744820307726
13.015412,0.2669408726950801,0.08544196653761417,0.6975748533404941
13.035241,0.27722700980112813,0.08122947653307748,0.6848807787544479
13.055346,0.2890072997579208,0.07535651067566061,0.6835138029090673
13.075956,0.30348402833942845,0.07043429093252616,0.6964255272900951
13.095461,0.3170542305208987,0.06662640094350157,0.7245628648122762
13.115569,0.32293509609636545,0.06728559571371047,0.7615106525212648
13.135486,0.33037318388945336,0.0630718340250302,0.7967069274907332
13.155734,0.3492997522572911,0.05752428119548627,0.8323666872142808
13.175747,0.3722558855834688,0.058017831685318114,0.8642717224212523
13.196029,0.3948198096274288,0.058046047185361126,0.8854041862315555
13.215705,0.41931433433798176,0.056099283251703734,0.8987148341766465
13.235774,0.4381608592396228,0.060523372925599006,0.9095581976904139
13.255739,0.44306268743423627,0.06598144830343658,0.9148122561134737
13.27622,0.0,0.0,0.0
13.296153,0.4461335868607865,0.06674793603457012,0.9173102682568658
13.315893,0.4514628081571985,0.06794034843330432,0.9231704357586346
13.335972,0.0,0.0,0.0
13.356312,0.4510361169859955,0.07507011508323974,0.9255663591782826
13.377249,0.0,0.0,0.0
13.396056,0.0,0.0,0.0
13.415993,0.4451903983686348,0.08499839602673852,0.9213199691376779
13.436187,0.4441759370035799,0.08781000050428867,0.9208169430920349
13.456122,0.0,0.0,0.0
13.47652,0.0,0.0,0.0
13.496274,0.0,0.0,0.0
13.516793,0.0,0.0,0.0
13.536374,0.0,0.0,0.0
13.55662,0.0,0.0,0.0
13.57677,0.0,0.0,0.0
13.596644,0.0,0.0,0.0
13.616663,0.0,0.0,0.0
13.636888,0.0,0.0,0.0
13.657312,0.0,0.0,0.0
13.677509,0.0,0.0,0.0
13.69677,0.0,0.0,0.0
13.717005,0.0,0.0,0.0
13.737357,0.0,0.0,0.0
13.757146,0.0,0.0,0.0
13.777541,0.0,0.0,0.0
13.797257,0.0,0.0,0.0
13.817402,0.0,0.0,0.0
13.837505,0.0,0.0,0.0
13.857323,0.0,0.0,0.0
13.877743,0.0,0.0,0.0
13.897454,0.0,0.0,0.0
13.917687,0.0,0.0,0.0
13.937486,0.0,0.0,0.0
13.958408,0.0,0.0,0.0
13.977857,0.0,0.0,0.0
13.997957,0.0,0.0,0.0
14.017542,0.0,0.0,0.0
14.037915,0.0,0.0,0.0
14.057815,0.0,0.0,0.0
14.07824,0.0,0.0,0.0
14.097951,0.0,0.0,0.0
14.118341,0.0,0.0,0.0
14.137981,0.0,0.0,0.0
14.158612,0.0,0.0,0.0
14.178712,0.0,0.0,0.0
14.198358,0.0,0.0,0.0
14.218316,0.0,0.0,0.0
14.238387,0.0,0.0,0.0
14.258542,0.0,0.0,0.0
14.278864,0.0,0.0,0.0
14.29851,0.0,0.0,0.0
14.318671,0.0,0.0,0.0
14.338428,0.0,0.0,0.0
14.358744,0.0,0.0,0.0
14.378807,0.0,0.0,0.0
14.399388,0.0,0.0,0.0
14.41876,0.0,0.0,0.0
14.438803,0.0,0.0,0.0
14.459313,0.0,0.0,0.0
14.479373,0.0,0.0,0.0
14.499172,0.0,0.0,0.0
14.519168,0.0,0.0,0.0
14.538803,0.0,0.0,0.0
14.559495,0.0,0.0,0.0
14.579557,0.0,0.0,0.0
14.599411,0.0,0.0,0.0
14.619661,0.0,0.0,0.0
14.639502,0.0,0.0,0.0
14.659725,0.0,0.0,0.0
14.680255,0.0,0.0,0.0
14.699548,0.0,0.0,0.0
14.719633,0.0,0.0,0.0
14.739626,0.0,0.0,0.0
14.760028,0.0,0.0,0.0
14.781132,0.0,0.0,0.0
14.80005,0.0,0.0,0.0
14.819963,0.0,0.0,0.0
14.840445,0.0,0.0,0.0
14.860183,0.0,0.0,0.0
14.880777,0.0,0.0,0.0
14.900391,0.0,0.0,0.0
14.920478,0.0,0.0,0.0
14.940108,0.0,0.0,0.0
14.960589,0.0,0.0,0.0
14.980666,0.0,0.0,0.0
15.000937,0.0,0.0,0.0
15.020602,0.0,0.0,0.0
15.040738,0.0,0.0,0.0
15.061494,0.0,0.0,0.0
15.081586,0.0,0.0,0.0
15.100879,0.0,0.0,0.0
