time,forward_acceleration,right_acceleration,down_acceleration,stationary,forward_velocity,right_velocity,down_velocity,velocity_magnitude
0.0,2.5187,8.394072,6.500257999999999,False,0.0,0.0,0.0,0.0
0.01,2.50591496,8.391773520000001,6.494080939999999,False,0.0250591496,0.08391773520000001,0.0649408094,0.10902961058950741
0.02,2.4818790848,8.3874523776,6.482468067199999,False,0.049877940448,0.16779225897600003,0.129765490072,0.2179016602259598
0.03,2.2020116960963474,7.384420753251652,5.7163924814715825,False,0.07189805740896348,0.24163646650851656,0.18692941488671583,0.3138472857231586
0.04,1.9263024405474563,6.499387550083472,5.035995178196219,False,0.09116108181443805,0.3066303420093513,0.23728936666867803,0.3982948066600577
0.05,1.6768927295849083,5.700176942611784,4.435336942820088,False,0.10793000911028713,0.36363211143546914,0.2816427360968789,0.47244029266109416
0.06,1.45413287176553,4.996871608036699,3.9064307672059972,False,0.12247133782794242,0.4136008275158361,0.3207070437689389,0.5375108194577691
0.07,1.2581041968844768,4.377962913610624,3.4374984523673766,False,0.1350523797967872,0.4573804566519424,0.3550820282926127,0.5945748684836173
0.08,1.0855989629891503,3.8333232625156786,3.0248380153093906,False,0.14590836942667867,0.49571368927709913,0.3853304084457066,0.6445935445522237
0.09,0.9393709427056393,3.3540403695521266,2.6616968306983626,False,0.15530207885373506,0.5292540929726204,0.4119473767526902,0.6884252115066573
0.1,0.8117204299923662,2.9428400909388133,2.3435800851877553,False,0.16341928315365872,0.5586824938820085,0.4353831776045678,0.7269047409514722
0.11,0.7125391529786868,2.581549770587591,2.0644057242304252,False,0.17054467468344559,0.5844979915878844,0.456027234846872,0.7607129729110954
0.12,0.6463288177035522,2.264841070910011,1.8191199583301996,False,0.1770079628604811,0.6071464022969845,0.47421843443017403,0.7904692886454188
0.13,0.5880637226614339,1.996616223268432,1.6132529518350742,False,0.18288860008709543,0.6271125645296688,0.4903509639485248,0.8168001447588285
0.14,0.5367904390243697,1.7605783573438423,1.432622471964414,False,0.18825650447733913,0.6447183481031072,0.5046771886681689,0.8401198275370201
0.15,0.49091888599010414,1.5619303650616347,1.273667649678233,False,0.19316569333724015,0.6603376517537236,0.5174138651649512,0.8608576579615314
0.16,0.4434946686985942,1.3871201318532922,1.133787406066394,False,0.1976006400242261,0.6742088530722565,0.5287517392256152,0.8793076777972
0.17,0.40176135748206554,1.2332871266299508,1.0098345695990556,False,0.20161825359904675,0.6865417243385561,0.5388500849216058,0.8957392887788888
0.18,0.36503604361152026,1.0779662132810865,0.8879318586551456,False,0.20526861403516194,0.697321386471367,0.5477294035081572,0.9101647210289288
0.19,0.33271776740544046,0.9412838095340859,0.7806574730245047,False,0.20859579170921635,0.7067342245667079,0.5555359782384023,0.922824843407458
0.2,0.30598453331937225,0.8210032942367252,0.6862061223023139,False,0.21165563704241008,0.7149442575090751,0.5623980394614254,0.9339351984089079
0.21,0.2968414956417873,0.7274403567358487,0.6030889336667861,False,0.21462405199882795,0.7222186610764335,0.5684289287980933,0.943808627422943
0.22,0.28879562248551255,0.6451049717350774,0.5317437504738347,False,0.21751200822368308,0.7286697107937843,0.5737463663028316,0.9526048047304295
0.23,0.28171525410799075,0.5785058988894081,0.4752368063269139,False,0.220329160764763,0.7344547697826783,0.5784987343661008,0.9605360657481905
0.24,0.25473563824044176,0.5198987147852191,0.4364445278548511,False,0.2228765171471674,0.7396537569305305,0.5828631796446493,0.9677247068369034
0.25,0.23099357627699865,0.4618096710098049,0.4023073227994358,False,0.2251864529099374,0.7442718536406285,0.5868862528726436,0.9742099386203721
0.26,0.2101005617491687,0.4064342500114835,0.3722665823506704,False,0.2272874585274291,0.7483361961407434,0.5906089186961503,0.9800436449983699
0.27,0.17448779374512594,0.3619609420089176,0.3558841303575859,False,0.22903233646488036,0.7519558055608326,0.5941677599997262,0.9853571290076989
0.28,0.14243616123484384,0.3228244309666596,0.34056206581730725,False,0.2304566980772288,0.7551840498704993,0.5975733806578992,0.9902056271999156
0.29,0.1127662806961613,0.29314536174971667,0.3161979162416316,False,0.2315843608841904,0.7581155034879964,0.6007353598203156,0.9946121884299635
0.3,0.0835673482352102,0.2670277808388069,0.2906679429028311,False,0.23242003436654252,0.7607857812963844,0.6036420392493439,0.9985979115473862
0.31,0.057872287669573204,0.24404430963720627,0.2682015663646866,False,0.23299875724323824,0.7632262243927564,0.6063240549129908,1.0022133256167807
0.32,0.035260634371812656,0.20449708157848612,0.23266671813232842,False,0.23335136358695635,0.7652711952085413,0.608650722094314,1.005260445163208
0.33,0.021963533098442747,0.16818241629268368,0.19780092371407404,False,0.23357099891794078,0.7669530193714681,0.6106287313314548,1.007789557886962
0.34,0.010262083977877229,0.13622551084117754,0.1671190246260102,False,0.23367361975771955,0.7683152744798799,0.6122999215777148,1.0098628201562054
0.35,-3.519124822042724e-05,0.10961653863798082,0.14011895342851405,False,0.23367326784523734,0.7694114398662597,0.613701111112,1.0115464466264743
0.36,-0.009096793447186365,0.10145984707994235,0.1282155187847399,False,0.23358229991076548,0.7704260383370591,0.6149832662998473,1.0130752139935946
0.37,-0.01707100338227639,0.0942819585088685,0.11774049629821869,False,0.23341158987694272,0.7713688579221478,0.6161606712628296,1.0144677708394987
0.38,-0.020219303845436833,0.08796541656632352,0.10852247651008,False,0.23320939683848835,0.7722485120878111,0.6172458960279303,1.0157494195710537
0.39,-0.02268332854979061,0.07693761172984244,0.0961372909825925,False,0.23298256355299043,0.7730178882051095,0.6182072689377562,1.0168666371615749
0.4,-0.024851670289621937,0.06723314347373908,0.08523832771840349,False,0.23273404685009422,0.773690219639847,0.6190596522149403,1.0178391550387809
0.41,-0.027066290723900918,0.058693211408368126,0.07564724004591718,True,0.0,0.0,0.0,0.0
0.42,-0.02901515670606642,0.0520754137789447,0.06810722239607524,True,0.0,0.0,0.0,0.0
0.43,-0.030423679067144653,0.048662957949386534,0.0779713734782065,True,0.0,0.0,0.0,0.0
0.44,-0.03144175478993066,0.056435278541885944,0.08670749279830661,True,0.0,0.0,0.0,0.0
0.45,-0.022289541673871892,0.06327492066328542,0.09439527779999471,True,0.0,0.0,0.0,0.0
0.46,-0.014235594131740179,0.06929380573011697,0.10116052860148025,True,0.0,0.0,0.0,0.0
0.47,-0.00714812029466427,0.07413412976926813,0.10711394930678753,True,0.0,0.0,0.0,0.0
0.48,-0.000911143318037471,0.07839361492372116,0.11678992444749914,True,0.0,0.0,0.0,0.0
0.49,0.004577396421394112,0.0778496844477482,0.11813721704253013,True,0.0,0.0,0.0,0.0
0.5,-0.009133985475546197,0.07033844554363143,0.11932283452615741,True,0.0,0.0,0.0,0.0
0.51,-0.021200001544853672,0.06372855530800868,0.12267158079843364,True,0.0,0.0,0.0,0.0
0.52,-0.04080643876568134,0.05512532026226711,0.1256184775180367,True,0.0,0.0,0.0,0.0
0.53,-0.05806010352000968,0.04755447342201452,0.1282117466312874,True,0.0,0.0,0.0,0.0
0.54,-0.07324332850381862,0.024233229941169214,0.130493823450948,True,0.0,0.0,0.0,0.0
0.55,-0.08310269943085531,0.0037105356780253416,0.13250205105224935,True,0.0,0.0,0.0,0.0
0.56,-0.09175867541323939,0.0023094629878817685,0.1325613534220718,True,0.0,0.0,0.0,0.0
0.57,-0.09614046283495317,0.0018688690086384205,0.1326135395075155,True,0.0,0.0,0.0,0.0
0.58,-0.09812156312973291,-0.0017887896805136578,0.12377694521410076,True,0.0,0.0,0.0,0.0
0.59,-0.09854084839088093,-0.005007529326967486,0.11600074223589579,True,0.0,0.0,0.0,0.0
0.6,-0.0983241646195783,-0.006536235244116024,0.1045824723432211,True,0.0,0.0,0.0,0.0
0.61,-0.08764965066439731,-0.007881496451206737,0.09453439483766737,True,0.0,0.0,0.0,0.0
0.62,-0.07825607838383804,-0.010369111285177396,0.08541624820922619,True,0.0,0.0,0.0,0.0
0.63,-0.06925482368121816,-0.016922521831368255,0.07089789174309705,True,0.0,0.0,0.0,0.0
0.64,-0.06206863063864038,-0.0170214286479887,0.0646161254860043,True,0.0,0.0,0.0,0.0
0.65,-0.05574478076117194,-0.01342624801354832,0.06299136524374312,True,0.0,0.0,0.0,0.0
0.66,-0.0446255187654595,-0.010376350790330599,0.0534848807195727,True,0.0,0.0,0.0,0.0
0.67,-0.03484056820923254,-0.007692441233899003,0.05380273969600902,True,0.0,0.0,0.0,0.0
0.68,-0.03570083644452944,-0.005330600824239198,0.05637584849251393,True,0.0,0.0,0.0,0.0
0.69,-0.03828523032510972,-0.005497613900643114,0.05864018423343825,True,0.0,0.0,0.0,0.0
0.7,-0.04055949694002037,-0.0056445854078785605,0.060632799685451655,True,0.0,0.0,0.0,0.0
0.71,-0.04256085156114174,-0.0057739203342457536,0.0632228644678143,True,0.0,0.0,0.0,0.0
0.72,-0.03895880968536517,-0.004337457050967351,0.07136137790729838,True,0.0,0.0,0.0,0.0
0.73,-0.03578901283468179,-0.0030733693616823575,0.07852326973404436,True,0.0,0.0,0.0,0.0
0.74,-0.03299959160608042,-0.001960972195111563,0.08482573454158082,True,0.0,0.0,0.0,0.0
0.75,-0.030544900924911203,-0.0038644050487929432,0.0842004691806992,True,0.0,0.0,0.0,0.0
0.76,-0.028384773125482293,-0.005539425960032558,0.07996704212132458,True,0.0,0.0,0.0,0.0
0.77,-0.026521659475690077,-0.007013444361923419,0.0762416263090749,True,0.0,0.0,0.0,0.0
0.78,-0.022709638574704934,-0.008310580555587376,0.07296326039429518,True,0.0,0.0,0.0,0.0
0.79,-0.014761156827178691,-0.00945206040601166,0.07007829838928903,True,0.0,0.0,0.0,0.0
0.8,-0.006970163927048244,-0.012391044092535518,0.06753953182488362,True,0.0,0.0,0.0,0.0
0.81,-0.0009104191372408029,-0.014977349736676512,0.06266616884708255,True,0.0,0.0,0.0,0.0
0.82,0.004422156277789745,-0.017253298703520586,0.05837760942661761,True,0.0,0.0,0.0,0.0
0.83,0.002343873309876708,-0.017258286125852097,0.05460367713660847,True,0.0,0.0,0.0,0.0
0.84,0.0005149842981132351,-0.01726267505750383,0.05651817857460593,True,0.0,0.0,0.0,0.0
0.85,-0.0010944380322386212,-0.016922298567097604,0.05820293984004369,True,0.0,0.0,0.0,0.0
0.86,-0.0010015249433448865,-0.010488341737172228,0.06227852708718795,True,0.0,0.0,0.0,0.0
0.87,-0.00048640858764810414,-0.005524147208177873,0.0658650438646749,True,0.0,0.0,0.0,0.0
0.88,-3.310619463493564e-05,-0.005273878086275792,0.06902117862886342,True,0.0,0.0,0.0,0.0
0.89,-6.755292625364336e-05,-0.0009354191953890091,0.07733825381912501,True,0.0,0.0,0.0,0.0
0.9,-0.0022426805086447742,0.00288242462859136,0.08465727998655521,True,0.0,0.0,0.0,0.0
0.91,-0.007738794775002574,0.002123905130081133,0.09109802301389379,True,0.0,0.0,0.0,0.0
0.92,-0.012575375329397436,0.000288544034641985,0.09660018336322519,True,0.0,0.0,0.0,0.0
0.93,-0.013249564223411312,-0.004707828104983998,0.09731392231437339,True,0.0,0.0,0.0,0.0
0.94,-0.0076266664844865314,-0.009104635587854862,0.09383698468747267,True,0.0,0.0,0.0,0.0
0.95,-0.002678516474232724,-0.012973826172781224,0.09077727957580005,True,0.0,0.0,0.0,0.0
0.96,0.002238640706644379,-0.009865245225719889,0.0840584241945679,True,0.0,0.0,0.0,0.0
0.97,0.00825355052273009,-0.0019061673404896064,0.07739921016006067,True,0.0,0.0,0.0,0.0
0.98,0.013603658525969451,0.005097821198513043,0.07153910180969432,True,0.0,0.0,0.0,0.0
0.99,0.01831175356882009,0.006037804461019066,0.06638220646137193,True,0.0,0.0,0.0,0.0
1.0,0.022454877206528646,0.006864989732024366,0.06184413855484822,True,0.0,0.0,0.0,0.0
1.01,0.02334717494129575,0.012816439422325339,0.05785063879710736,True,0.0,0.0,0.0,0.0
1.02,0.012762152798247415,0.01820766619989084,0.055785704414472906,True,0.0,0.0,0.0,0.0
1.03,0.0034473333123648782,0.022951945764148485,0.053968562157754585,True,0.0,0.0,0.0,0.0
1.04,-0.0047497078352117545,0.02712691178069521,0.052369476971842466,True,0.0,0.0,0.0,0.0
1.05,-0.0006722781100659079,0.014545733505086696,0.04730329518683106,True,0.0,0.0,0.0,0.0
1.06,0.002915860048062437,0.003474296622551205,0.04284505521602103,True,0.0,0.0,0.0,0.0
1.07,0.006073421627215381,-0.0062685678340800265,0.0389218040417082,True,0.0,0.0,0.0,0.0
1.08,0.006266690916421239,0.002092313241289368,0.04838157286148958,True,0.0,0.0,0.0,0.0
1.09,0.006436767890922394,0.009449888587614436,0.06083716705210698,True,0.0,0.0,0.0,0.0
1.1,0.006586435628483411,0.018166250185879487,0.07179808993985029,True,0.0,0.0,0.0,0.0
1.11,0.008869303194988964,0.025691234177529297,0.08144370208106441,True,0.0,0.0,0.0,0.0
1.12,0.010878226653513852,0.03231322009018113,0.08993184076533284,True,0.0,0.0,0.0,0.0
1.13,0.012646079297015753,0.03828598190813817,0.09740140280748905,True,0.0,0.0,0.0,0.0
1.14,0.006934419411605555,0.04354201230794037,0.10108171836801985,True,0.0,0.0,0.0,0.0
1.15,0.0019081587124445808,0.04802190484494288,0.10432039606128696,True,0.0,0.0,0.0,0.0
1.16,-0.002514950702817077,0.04797342050855591,0.10275821859392527,True,0.0,0.0,0.0,0.0
1.17,0.012707244475666875,0.04793075429253538,0.10138350242264699,True,0.0,0.0,0.0,0.0
1.18,0.02610277623273275,0.04789320802243731,0.1001737521919221,True,0.0,0.0,0.0,0.0
1.19,0.03789084417895072,0.0442039815488908,0.1024474090714014,True,0.0,0.0,0.0,0.0
1.2,0.03912618874467389,0.04095746225216987,0.1044482271253432,True,0.0,0.0,0.0,0.0
1.21,0.02895690484851019,0.03810052527105545,0.10620894701281197,True,0.0,0.0,0.0,0.0
1.22,0.017254435665849877,0.033269060601325555,0.10344474758556743,True,0.0,0.0,0.0,0.0
1.23,0.0069562627851088,0.029017371691963247,0.10101225208959223,True,0.0,0.0,0.0,0.0
1.24,-0.002106129349943347,0.025275885451724416,0.09887165605313405,False,-2.1061293499433487e-05,0.0002527588545172444,0.0009887165605313413,0.0010207306469826722
1.25,-0.010081034428789238,0.008185846348041878,0.10776357408066725,False,-0.00012187163778732596,0.00033461731799766325,0.002066352301338015,0.002096815032101264
1.26,-0.007673949953953509,-0.006853388063198755,0.11859056885821659,False,-0.0001986111373268611,0.00026608343736567565,0.003252257989920182,0.003269163319950575
1.27,0.0028951012340131593,0.023711001654792396,0.14992161096706128,False,-0.0001696601249867295,0.0005031934539135998,0.004751474099590796,0.0047810557755744885
1.28,0.016916306584501436,0.06724019116985704,0.17762583870319143,False,-4.97059141714982e-07,0.001175595365612171,0.006527732486622712,0.006632745745739553
1.29,0.016083710137742284,0.06679421283874407,0.21134831829339185,False,0.000160340042235708,0.0018435374939996122,0.008641215669556633,0.008837134584734896
1.3,0.01535102526459423,0.06640175190736465,0.2456761705123024,False,0.0003138502948816504,0.0025075550130732593,0.011097977374679659,0.01138206641871711
1.31,-0.00048558953375328964,0.08573596077197983,0.2905431901277573,False,0.0003089943995441175,0.0033649146207930586,0.014003409275957234,0.014405332321544742
1.32,-0.014421810556299106,0.08307049008861213,0.32532241371396137,False,0.00016477629398112633,0.00419561952167918,0.01725663341309685,0.01776011743068621
1.33,-0.046279641175758154,0.08060352538768448,0.3559281304698209,False,-0.0002980201177764556,0.005001654775556026,0.02081591471779506,0.02141045707178992
1.34,-0.057818032403879824,0.058213587588177275,0.3828611612149773,False,-0.0008762004418152545,0.0055837906514377995,0.02464452632994484,0.0252843651943383
1.35,-0.0679718166846269,0.0587294511873018,0.4082644492957927,False,-0.001555918608661524,0.006171085163310818,0.02872717082290277,0.029423689746492544
1.36,-0.07980914682805106,0.05918341115453139,0.4306193428069102,False,-0.0023540100769420353,0.006762919274856132,0.03303336425097188,0.03380061529466516
1.37,-0.09022599735426431,0.033964026522657766,0.4628660091382559,False,-0.0032562700504846793,0.00710255954008271,0.03766202434235444,0.03846397956824283
1.38,-0.09939282581733197,-0.005291718121143801,0.4912430755098401,False,-0.004250198308657978,0.007049642358871273,0.04257445509745274,0.0433629550410939
1.39,-0.14442852302439313,-0.012467547915954969,0.6157720795012563,False,-0.00569448353890191,0.006924966879711723,0.048732175892465306,0.0495500481964862
1.4,-0.20023119642267245,-0.018782278135388797,0.7253576030137027,False,-0.007696795503128637,0.0067371440983578345,0.05598575192260234,0.0569125134742632
1.41,-0.23316628915709275,-0.08581274782407641,0.7222356781202333,False,-0.010028458394699567,0.00587901662011707,0.06320810870380468,0.06426817112775049
1.42,-0.26916594433694635,-0.21898493578378192,0.7000308053788644,False,-0.012720117838069034,0.0036891672622792484,0.07020841675759333,0.07144671536544803
1.43,-0.37650307827042223,-0.24690746573869335,0.7848626218271108,False,-0.01648514862077326,0.0012200926048923128,0.07805704297586444,0.07978816145988979
1.44,-0.43792318012095016,-0.31665503027559666,0.7551425158409165,False,-0.020864380421982767,-0.0019464576978636566,0.08560846813427361,0.08813580931868574
1.45,-0.44935200838514083,-0.4221261443411197,0.7124394993414921,False,-0.02535790050583418,-0.006167719141274857,0.09273286312768854,0.09633508074075638
1.46,-0.45940937725762865,-0.540442042291265,0.6311158682690123,False,-0.02995199427841047,-0.011572139564187511,0.09904402181037866,0.10411894463411417
1.47,-0.5034972000154612,-0.5749654576418597,0.6032960494782165,False,-0.03498696627856509,-0.01732179414060611,0.10507698230516083,0.11209506934734492
1.48,-0.5422944840423538,-0.605346063150383,0.5788146089423161,False,-0.04040991111898863,-0.023375254772109947,0.110865128394584,0.1202931425570602
1.49,-0.48347247695373763,-0.6489759232695596,0.4253797386553727,False,-0.04524463588852601,-0.029865014004805547,0.11511892578113773,0.12724528757952344
1.5,-0.43170911071575546,-0.687370200174435,0.2903570528028625,False,-0.049561726995683564,-0.036738716006549904,0.11802249630916636,0.13317435065226255
1.51,-0.38875244170104156,-0.6932142853155884,0.17766768829407192,False,-0.05344925141269398,-0.04367085885970579,0.11979917319210709,0.13825993015922647
1.52,-0.35095057296809334,-0.6983570802398034,0.07850104752633623,False,-0.056958757142374916,-0.05065442966210383,0.12058418366737045,0.14265593787264236
1.53,-0.3176849284830989,-0.6699130817389469,-0.008765596349271196,False,-0.06013560642720591,-0.057353560479493304,0.12049652770387774,0.14637327368319014
1.54,-0.28841116133630385,-0.6374519315886007,-0.08556024295980573,False,-0.06301971804056895,-0.06372807979537931,0.11964092527427968,0.14948814005400166
1.55,-0.26265024624712413,-0.608886119456296,-0.13927253110875212,False,-0.0656462205030402,-0.06981694098994227,0.11824819996319215,0.1522053491506193
1.56,-0.24770188792115297,-0.581544571656745,-0.18301054218636886,False,-0.06812323938225173,-0.07563238670650974,0.11641809454132845,0.1546421882911914
1.57,-0.2119984244123314,-0.559687642716263,-0.2214999919346716,False,-0.07024322362637504,-0.08122926313367237,0.11420309462198174,0.15676303925320417
1.58,-0.15631777887634585,-0.538249912125516,-0.255370707713178,False,-0.0718064014151385,-0.08661176225492753,0.11164938754484996,0.1585034459695946
1.59,-0.10875589924676529,-0.5218920570725596,-0.2851769375982636,False,-0.07289396040760615,-0.09183068282565313,0.10879761816886732,0.15994788367262008
1.6,-0.06690144517273441,-0.507497144625958,-0.2806298141205069,False,-0.0735629748593335,-0.09690565427191271,0.10599132002766225,0.16135791589267853
1.61,-0.030069525587587236,-0.49499483654599435,-0.276628345460081,False,-0.07386367011520936,-0.10185560263737266,0.10322503657306144,0.1627446273368823
1.62,-0.019748119684499358,-0.48399280543562634,-0.27310705303890626,False,-0.07406115131205436,-0.10669553069172892,0.10049396604267237,0.16421944956137952
1.63,-0.010665282489782026,-0.4743110180585025,-0.27000831570827244,False,-0.07416780413695218,-0.11143864087231384,0.0977938828855897,0.1657802080460942
1.64,-0.002672385758430775,-0.46460091590176245,-0.26379481445950825,False,-0.07419452799453648,-0.11608465003133146,0.09515593474099461,0.167436931032736
1.65,0.0043613633651583255,-0.4412617133422948,-0.2444383510468615,False,-0.07415091436088489,-0.12049726716475441,0.09271155123052599,0.16915490305131545
1.66,0.010551062593916735,-0.4207232150899633,-0.22288020689978552,False,-0.07404540373494573,-0.12470449931565404,0.09048274916152814,0.17094169140284968
1.67,0.022511869691049582,-0.4026493366279116,-0.20390904005035865,False,-0.07382028503803523,-0.12873099268193317,0.08844365876102456,0.17275237693012868
1.68,0.03303737993652649,-0.38938927339390955,-0.187214413222863,False,-0.07348991123866996,-0.13262488541587225,0.08657151462879592,0.1745988385716373
1.69,0.0361957352599805,-0.3814406015381609,-0.18474112453433197,False,-0.07312795388607016,-0.13643929143125386,0.0847241033834526,0.17646969025857043
1.7,0.038975087944620034,-0.37444577030510207,-0.18256463048842467,False,-0.07273820300662395,-0.14018374913430487,0.08289845707856835,0.17836615117221596
1.71,0.041420918307102816,-0.3682903188200103,-0.18064931572802623,False,-0.07232399382355292,-0.14386665232250498,0.08109196392128809,0.18028943492530375
1.72,0.04357324902608767,-0.3551433884029965,-0.17413464951576993,False,-0.07188826133329204,-0.14741808620653496,0.0793506174261304,0.18219916230386235
1.73,0.04351535463747067,-0.33602582104363077,-0.16840174324898438,False,-0.07145310778691734,-0.15077834441697127,0.07766659999364055,0.1840428116284464
1.74,0.0361690866889488,-0.3192023617673889,-0.13721946571025798,False,-0.07109141692002785,-0.15397036803464517,0.07629440533653796,0.18596155537658113
1.75,0.03699969178078846,-0.30439771760429607,-0.10977906147617873,False,-0.07072142000221997,-0.15701434521068813,0.07519661472177618,0.18790836786765722
1.76,0.03773062426160737,-0.29171543945763156,-0.10408152439166185,False,-0.0703441137596039,-0.15993149960526445,0.07415579947785955,0.1898037447017664
1.77,0.03574861012897608,-0.2805550346885668,-0.09906769175728698,False,-0.06998662765831414,-0.16273704995215013,0.07316512256028668,0.191662752347382
1.78,0.034004437692260546,-0.2707338784917898,-0.08113880646951481,False,-0.06964658328139153,-0.16544438873706804,0.07235373449559153,0.19353954433865045
1.79,0.032469565947950876,-0.26001310699625,-0.0653613874162753,False,-0.06932188762191202,-0.16804451980703056,0.07170012062142878,0.19541082886515762
1.8,0.025378538116966668,-0.25045267192759296,-0.05147725864942454,False,-0.06906810224074235,-0.17054904652630648,0.07118534803493452,0.19729352192361674
1.81,0.014012280427358331,-0.24190102572710223,-0.039259225334595874,False,-0.06892797943646876,-0.17296805678357752,0.07079275578158857,0.19919997311202828
1.82,0.004009973660502996,-0.2343755770706704,-0.02178922798128937,False,-0.06888787969986374,-0.1753118125542842,0.07057486350177568,0.20114816168413188
1.83,-0.0047920562943297,-0.22735178468470266,0.0028493578268100686,False,-0.06893580026280703,-0.17758533040113125,0.07060335708004378,0.2031588741909266
1.84,-0.00723297376806006,-0.21913091712462457,0.015266325200747857,False,-0.06900813000048764,-0.1797766395723775,0.07075602033205126,0.20515403129193044
1.85,-0.007009038020546561,-0.21257165281413318,0.024745307519765537,False,-0.0690782203806931,-0.18190235610051883,0.07100347340724893,0.20712740263368695
1.86,-0.006811974562734682,-0.206435166348722,0.033086811960501096,False,-0.06914634012632044,-0.18396670776400606,0.07133434152685393,0.20907786635476708
1.87,-0.0028284549205693198,-0.19236781377151058,0.02930998435485695,True,0.0,0.0,0.0,0.0
1.88,0.003279127279029003,-0.18048129375002803,0.0259863760618901,True,0.0,0.0,0.0,0.0
1.89,0.002241610900891815,-0.17656758617562285,0.023061600764079274,True,0.0,0.0,0.0,0.0
1.9,-0.00772430793016237,-0.17183599647644493,0.020487798502005744,True,0.0,0.0,0.0,0.0
1.91,-0.0010292233694128806,-0.16241329453037026,0.01822285251138104,True,0.0,0.0,0.0,0.0
1.92,0.004862451044046669,-0.15412131681782457,0.01614166700736473,True,0.0,0.0,0.0,0.0
1.93,0.0027809606586809777,-0.14684113350546918,0.014310223763830376,True,0.0,0.0,0.0,0.0
1.94,0.0009492491195591684,-0.14043457219059644,0.012698553709520147,True,0.0,0.0,0.0,0.0
1.95,0.009722310330854515,-0.13051110943079602,0.019747098727102612,True,0.0,0.0,0.0,0.0
1.96,0.01744260419679442,-0.1253353397605251,0.02650925763409846,True,0.0,0.0,0.0,0.0
1.97,0.022173953468636917,-0.12150947369504568,0.0324599574722548,True,0.0,0.0,0.0,0.0
1.98,0.027606888716460047,-0.12335335841156521,0.03713713403830911,True,0.0,0.0,0.0,0.0
1.99,0.0323878717345444,-0.12431231725982349,0.044230074189674576,True,0.0,0.0,0.0,0.0
2.0,0.035325788901856905,-0.12515620104629077,0.05047186152287618,True,0.0,0.0,0.0,0.0
2.01,0.0379111560090919,-0.125898818778382,0.05885419264716221,True,0.0,0.0,0.0,0.0
2.02,0.04145562695206044,-0.11529338117861725,0.06623064403653392,True,0.0,0.0,0.0,0.0
2.03,0.03014064814789196,-0.10596059609082427,0.07272192125918102,True,0.0,0.0,0.0,0.0
2.04,0.0201834668002237,-0.09774774521356645,0.07843424521511047,True,0.0,0.0,0.0,0.0
2.05,0.02576731375977471,-0.09398835392293048,0.08346109029632838,True,0.0,0.0,0.0,0.0
2.06,0.030681099084179597,-0.09068008958717082,0.08562603641474187,True,0.0,0.0,0.0,0.0
2.07,0.03282600712786125,-0.08776881697170232,0.08753118899894574,True,0.0,0.0,0.0,0.0
2.08,0.0347135262063011,-0.08520689707009003,0.08920772327304514,True,0.0,0.0,0.0,0.0
2.09,0.03637454299532818,-0.08292035862803249,0.09068307343425262,True,0.0,0.0,0.0,0.0
2.1,0.03675815896749907,-0.07854617096747282,0.08501850602494992,True,0.0,0.0,0.0,0.0
2.11,0.030358594860362107,-0.07705891965772933,0.07151312510206793,True,0.0,0.0,0.0,0.0
2.12,0.016367884271087693,-0.07726671985243005,0.0681489514926274,True,0.0,0.0,0.0,0.0
2.13,0.010688280904716522,-0.07593300267649171,0.07198462033972551,True,0.0,0.0,0.0,0.0
2.14,0.006090648021441892,-0.08047385202762229,0.06405301254596407,True,0.0,0.0,0.0,0.0
2.15,0.0016443130050282175,-0.0844697994566172,0.06838019406666178,True,0.0,0.0,0.0,0.0
2.16,-0.0022684618094158163,-0.084819864882925,0.07968540701011431,True,0.0,0.0,0.0,0.0
2.17,-0.0053112855669945665,-0.08182813520764579,0.08213670119511399,True,0.0,0.0,0.0,0.0
2.18,-0.006063673281071182,-0.07985803543280527,0.07455512877236664,True,0.0,0.0,0.0,0.0
2.19,-0.006725774469458604,-0.07812434763094561,0.07877141250077996,True,0.0,0.0,0.0,0.0
2.2,-0.0018312560461708795,-0.07453415646323512,0.08248174218178367,True,0.0,0.0,0.0,0.0
2.21,0.00484214912646637,-0.07137478823564988,0.08574683230106694,True,0.0,0.0,0.0,0.0
2.22,0.01071474567838715,-0.06859454419537488,0.08862011160603622,True,0.0,0.0,0.0,0.0
2.23,0.01717262382726842,-0.06614792943993286,0.0911485973944092,True,0.0,0.0,0.0,0.0
2.24,0.022855556598283935,-0.0639949084551439,0.08770544718823002,True,0.0,0.0,0.0,0.0
2.25,0.026566544253586608,-0.06230883353852973,0.08467547500679234,True,0.0,0.0,0.0,0.0
2.26,0.03591372221327791,-0.06082508761190926,0.08200909948712719,True,0.0,0.0,0.0,0.0
2.27,0.04413923881780626,-0.059519391196483244,0.07966268902982185,True,0.0,0.0,0.0,0.0
2.28,0.04428800124157476,-0.05050036417397099,0.07822461781027625,True,0.0,0.0,0.0,0.0
2.29,0.044418912174491045,-0.04256362039416021,0.08308263798297637,True,0.0,0.0,0.0,0.0
2.3,0.044534113795457374,-0.03557928586792672,0.08735769573495247,True,0.0,0.0,0.0,0.0
2.31,0.04320266573553166,-0.035323604016143956,0.09111974655669144,True,0.0,0.0,0.0,0.0
2.32,0.04203099144279703,-0.0352195076311577,0.09443035127982174,True,0.0,0.0,0.0,0.0
2.33,0.04099991806519056,-0.039673075434851754,0.0973436834361764,True,0.0,0.0,0.0,0.0
2.34,0.04009257349289686,-0.04094572768855172,0.09867948846980495,True,0.0,0.0,0.0,0.0
2.35,0.039294110269278405,-0.04206566167180768,0.09985499689939809,True,0.0,0.0,0.0,0.0
2.36,0.036516135619551776,-0.04305120357707293,0.10088944431744001,True,0.0,0.0,0.0,0.0
2.37,0.03407151792779234,-0.043918480453706346,0.09724864618874157,True,0.0,0.0,0.0,0.0
2.38,0.03192025435904404,-0.044681684105143754,0.09404474383548694,True,0.0,0.0,0.0,0.0
2.39,0.030027142418545535,-0.0461646806669953,0.0874271558323538,True,0.0,0.0,0.0,0.0
2.4,0.02836120391090685,-0.04746971764142466,0.08160367838959665,True,0.0,0.0,0.0,0.0
2.41,0.02649459289231375,-0.048618150178922494,0.07647901823997033,True,0.0,0.0,0.0,0.0
2.42,0.024851975195951826,-0.049628770811920596,0.07817900758460378,True,0.0,0.0,0.0,0.0
2.43,0.02340647162315333,-0.04589371101555963,0.07967499820788121,True,0.0,0.0,0.0,0.0
2.44,0.022134428479090654,-0.04260685839476198,0.08099146995636534,True,0.0,0.0,0.0,0.0
2.45,0.024885836425763835,-0.03879817498093023,0.0742028032044322,True,0.0,0.0,0.0,0.0
2.46,0.027307075418836233,-0.036362786684288106,0.06822877646273104,True,0.0,0.0,0.0,0.0
2.47,0.01937795984320743,-0.03882707213023914,0.06297163293003401,True,0.0,0.0,0.0,0.0
2.48,0.012400338136654084,-0.04099564332267606,0.06810822747891437,True,0.0,0.0,0.0,0.0
2.49,0.020100303252068852,-0.03738030571749462,0.07262843068192909,True,0.0,0.0,0.0,0.0
2.5,0.013036000336452132,-0.04089658647015112,0.07660620950058204,True,0.0,0.0,0.0,0.0
2.51,0.0048940593573814535,-0.044183127109887775,0.08010665486099663,True,0.0,0.0,0.0,0.0
2.52,0.01337679728133611,-0.039977205964379134,0.08318704677816148,True,0.0,0.0,0.0,0.0
2.53,0.020841606654416207,-0.03627599535633153,0.08285295417308618,True,0.0,0.0,0.0,0.0
2.54,0.027410638902726693,-0.03301893002124964,0.08255895268061991,True,0.0,0.0,0.0,0.0
2.55,0.03319138728123992,-0.02918382493210331,0.07993259992250125,True,0.0,0.0,0.0,0.0
2.56,0.038278445854331565,-0.025808932453654534,0.07762140949535681,True,0.0,0.0,0.0,0.0
2.57,0.030057060044596226,-0.022839027072619613,0.07558756191946972,True,0.0,0.0,0.0,0.0
2.58,0.022822240532029126,-0.020225510337308884,0.07379777605268907,True,0.0,0.0,0.0,0.0
2.59,0.016455599360970078,-0.023927403367134257,0.0722227644899221,True,0.0,0.0,0.0,0.0
2.6,0.020171150024068354,-0.027185069233380585,0.06789899807750754,True,0.0,0.0,0.0,0.0
2.61,0.023440834607594836,-0.030051815195677355,0.06367142283396068,True,0.0,0.0,0.0,0.0
2.62,0.02631815704109814,-0.029701953844345902,0.05995115661963944,True,0.0,0.0,0.0,0.0
2.63,0.018052183925165777,-0.029394075855174222,0.05667732235103675,True,0.0,0.0,0.0,0.0
2.64,0.0107781275831453,-0.02830926752061629,0.05379634819466639,True,0.0,0.0,0.0,0.0
2.65,0.0043769580021672805,-0.028168511890292163,0.051261090937060466,True,0.0,0.0,0.0,0.0
2.66,-0.00824704721626073,-0.02804464693560693,0.06074001988026426,True,0.0,0.0,0.0,0.0
2.67,-0.010369941496712602,-0.02886331823741234,0.06908147735028358,True,0.0,0.0,0.0,0.0
2.68,-0.004826399956068922,-0.029583748983001097,0.06544238740818623,True,0.0,0.0,0.0,0.0
2.69,-0.005977061948527292,-0.031304440422093856,0.06651445866170516,True,0.0,0.0,0.0,0.0
2.7,-0.008372354461107177,-0.033116670868259326,0.07416298347795158,True,0.0,0.0,0.0,0.0
2.71,-0.009097501912960956,-0.0344134116811211,0.08115307677366283,True,0.0,0.0,0.0,0.0
2.72,-0.006951439866884105,-0.03454267081509967,0.08956822420414748,True,0.0,0.0,0.0,0.0
2.73,-0.005062905266336477,-0.03465641885300081,0.09697355394297397,True,0.0,0.0,0.0,0.0
2.74,-0.0034009948178545632,-0.03475651712635381,0.10349024411314126,True,0.0,0.0,0.0,0.0
2.75,-0.001093974077032164,-0.03484460360690445,0.09984444133697236,True,0.0,0.0,0.0,0.0
2.76,0.0029450114751551956,-0.034422494461457724,0.09663613489394372,True,0.0,0.0,0.0,0.0
2.77,0.006499318761080072,-0.03677264088682867,0.08886132941153016,True,0.0,0.0,0.0,0.0
2.78,0.0033022236303439437,-0.03884076974115511,0.08201950058700623,True,0.0,0.0,0.0,0.0
2.79,0.008837112056743951,-0.03888757802802076,0.08322933400650644,True,0.0,0.0,0.0,0.0
2.8,0.012978903739825165,-0.033832143013018096,0.08429398741566661,True,0.0,0.0,0.0,0.0
2.81,0.011666754323267848,-0.03298146954851045,0.07800023963064631,True,0.0,0.0,0.0,0.0
2.82,0.01051206283669741,-0.031297754021141336,0.08091736372594456,True,0.0,0.0,0.0,0.0
2.83,0.009495934328515424,-0.029816084357056516,0.08348443292980702,True,0.0,0.0,0.0,0.0
2.84,0.006548235050843237,-0.029447337931264264,0.07348154831312372,True,0.0,0.0,0.0,0.0
2.85,0.003954259686491713,-0.029122841076567083,0.07389583443880379,True,0.0,0.0,0.0,0.0
2.86,0.0006923254314616678,-0.027902160965831174,0.08114350373889008,True,0.0,0.0,0.0,0.0
2.87,-0.0021781767129647723,-0.025439124560649895,0.0849718136063666,True,0.0,0.0,0.0,0.0
2.88,-0.0021653993918084274,-0.02327165252409037,0.08834072628974594,True,0.0,0.0,0.0,0.0
2.89,0.004079617878578788,-0.021364277131917984,0.09130536945111976,True,0.0,0.0,0.0,0.0
2.9,0.003341459848749905,-0.021199050476858727,0.09391425543312872,True,0.0,0.0,0.0,0.0
2.91,0.006451355720636561,-0.021935383058856287,0.0886179057663059,True,0.0,0.0,0.0,0.0
2.92,0.009188064087896818,-0.02258335573101414,0.08395711805950183,True,0.0,0.0,0.0,0.0
2.93,0.008657862523966015,-0.0231224343975332,0.07985562487751426,True,0.0,0.0,0.0,0.0
2.94,0.007577569998473585,-0.023596823624069972,0.0791190475276158,True,0.0,0.0,0.0,0.0
2.95,0.007240627725273572,-0.02287685710987261,0.07847085945970515,True,0.0,0.0,0.0,0.0
2.96,0.006944118524857559,-0.021901888684202904,0.07790045395994379,True,0.0,0.0,0.0,0.0
2.97,0.006069475279258144,-0.02138531436278959,0.07130115188812021,True,0.0,0.0,0.0,0.0
2.98,3.771036210371923e-05,-0.020930728959945872,0.06549376606491546,True,0.0,0.0,0.0,0.0
2.99,-0.001376091801822219,-0.023395243191018995,0.06038326654049527,True,0.0,0.0,0.0,0.0
3.0,-0.0026202377060770446,-0.025564015714363345,0.07297201497786684,True,0.0,0.0,0.0,0.0
3.01,-0.0037150861018212912,-0.027472535534906372,0.08405011360275383,True,0.0,0.0,0.0,0.0
3.02,0.005422613287183683,-0.02869634976717721,0.09379884039265438,True,0.0,0.0,0.0,0.0
3.03,0.01346378874950806,-0.02839645714907834,0.08748732185218458,True,0.0,0.0,0.0,0.0
3.04,0.02054002315635351,-0.025029698065529883,0.08193318553657115,True,0.0,0.0,0.0,0.0
3.05,0.02148007438836879,-0.025169803651628693,0.07704554557883134,True,0.0,0.0,0.0,0.0
3.06,0.022307319472542237,-0.022190242987774195,0.0727444224160203,True,0.0,0.0,0.0,0.0
3.07,0.02303529514661487,-0.02008936371563602,0.0689594340327466,True,0.0,0.0,0.0,0.0
3.08,0.018607777212974543,-0.01824058995615443,0.07458360194526932,True,0.0,0.0,0.0,0.0
3.09,0.014711561431371055,-0.01970339265751733,0.07953286970828932,True,0.0,0.0,0.0,0.0
3.1,0.024264588937414067,-0.017900935425009982,0.08388822533974692,True,0.0,0.0,0.0,0.0
3.11,0.03267125314273192,-0.016314773060403517,0.08772093829542961,True,0.0,0.0,0.0,0.0
3.12,0.040397739786022034,-0.013526332109817671,0.09109372569643037,True,0.0,0.0,0.0,0.0
3.13,0.047197048032117335,-0.011072504073302125,0.09510730403284288,True,0.0,0.0,0.0,0.0
3.14,0.0531804392886812,-0.008913135401168445,0.0986392529688859,True,0.0,0.0,0.0,0.0
3.15,0.047569630151073884,-0.009093148742308826,0.10439085443092302,True,0.0,0.0,0.0,0.0
3.16,0.040871074057560686,-0.009558270126660492,0.10945226371751571,True,0.0,0.0,0.0,0.0
3.17,0.03497634469526907,-0.013659884851978034,0.11390630388971726,True,0.0,0.0,0.0,0.0
3.18,0.03155002690887121,-0.013576997903169394,0.09626869664261883,True,0.0,0.0,0.0,0.0
3.19,0.028534867256841092,-0.013504057388217791,0.08074760226517222,True,0.0,0.0,0.0,0.0
3.2,0.024120482710635827,-0.011647942938279,0.0670890392130192,True,0.0,0.0,0.0,0.0
3.21,0.013793050312958036,-0.010014562222332863,0.058445346271924464,True,0.0,0.0,0.0,0.0
3.22,0.0047049098030015795,-0.007903158350671215,0.050838896483761095,True,0.0,0.0,0.0,0.0
3.23,-0.003292653845760102,-0.005125062864812521,0.04414522067017733,True,0.0,0.0,0.0,0.0
3.24,-0.012909699487533247,-0.0036003989160533147,0.03209983704958738,True,0.0,0.0,0.0,0.0
3.25,-0.024381630190103795,-0.009816100331402804,0.021499899463468232,True,0.0,0.0,0.0,0.0
3.26,-0.032763339421144975,-0.012765870659824064,0.01217195438768338,True,0.0,0.0,0.0,0.0
3.27,-0.04013924354446122,-0.015361668548834771,0.029357161386459593,True,0.0,0.0,0.0,0.0
3.28,-0.04663003917297951,-0.017645970691164192,0.044480143545382655,True,0.0,0.0,0.0,0.0
3.29,-0.044293969332991144,-0.019656156576414084,0.05778836784523495,True,0.0,0.0,0.0,0.0
3.3,-0.04223822787380138,-0.019649258500717248,0.06949960522910498,True,0.0,0.0,0.0,0.0
3.31,-0.03727199909957395,-0.015645157274603205,0.0798054941269106,True,0.0,0.0,0.0,0.0
3.32,-0.03290171777825381,-0.012481455231031028,0.08795667136349765,True,0.0,0.0,0.0,0.0
3.33,-0.02905587021549209,-0.01333552131678016,0.09512970733169425,True,0.0,0.0,0.0,0.0
3.34,-0.021216142980645558,-0.014087099472239397,0.10144197898370727,True,0.0,0.0,0.0,0.0
3.35,-0.014317183013980609,-0.0169677105639002,0.0896837464305566,True,0.0,0.0,0.0,0.0
3.36,-0.008246098243315451,-0.01950264832456171,0.079336501783784,True,0.0,0.0,0.0,0.0
3.37,-0.01025180816287425,-0.022232247515314097,0.07023092649462412,True,0.0,0.0,0.0,0.0
3.38,-0.012016832892085992,-0.02413544084180594,0.062218020240163416,True,0.0,0.0,0.0,0.0
3.39,-0.013570054653792324,-0.02485852587894778,0.055166662736238,True,0.0,0.0,0.0,0.0
3.4,-0.015380094130259085,-0.023212754403970207,0.049660859350875115,True,0.0,0.0,0.0,0.0
3.41,-0.016972928869549837,-0.021764475505989943,0.04481575237175578,True,0.0,0.0,0.0,0.0
3.42,-0.018374623440125696,-0.02048999007576731,0.040552058230130764,True,0.0,0.0,0.0,0.0
3.43,-0.019608114662232452,-0.020996405902461095,0.05640356219372995,True,0.0,0.0,0.0,0.0
3.44,-0.0206935869376864,-0.021442051829951625,0.07035288568169723,True,0.0,0.0,0.0,0.0
3.45,-0.008233179038605517,-0.022611008287590523,0.08262829035110844,True,0.0,0.0,0.0,0.0
3.46,0.0027319799125856614,-0.024252396311440105,0.08864603365793103,True,0.0,0.0,0.0,0.0
3.47,0.012381319789633898,-0.024522889580590068,0.0939416477679349,True,0.0,0.0,0.0,0.0
3.48,0.01822112487371459,-0.024760923657442035,0.0986017881847383,True,0.0,0.0,0.0,0.0
3.49,0.0233601533477056,-0.024970393645071767,0.09005621882430105,True,0.0,0.0,0.0,0.0
3.5,0.02172286628637412,-0.019600051574351546,0.08253611778711627,True,0.0,0.0,0.0,0.0
3.51,0.020282053672402416,-0.014874150552117753,0.08311897911755825,True,0.0,0.0,0.0,0.0
3.52,0.019014138572107316,-0.010715357652552014,0.08363189708834719,True,0.0,0.0,0.0,0.0
3.53,0.017898373283847628,-0.0090814797799821,0.07688271465947687,True,0.0,0.0,0.0,0.0
3.54,0.014077155751099009,-0.00940792444104402,0.06904480168204262,True,0.0,0.0,0.0,0.0
3.55,0.010119431649223019,-0.01161556724420467,0.06214743826190048,True,0.0,0.0,0.0,0.0
3.56,0.006636634439572148,-0.01248320527335971,0.0560777584521754,True,0.0,0.0,0.0,0.0
3.57,0.0035717728950793825,-0.014321814376642478,0.050736440219617325,True,0.0,0.0,0.0,0.0
3.58,0.0008746947359257488,-0.01593979038753131,0.0531628514155842,True,0.0,0.0,0.0,0.0
3.59,-0.001498734044129449,-0.016288521639487154,0.05529809326803505,True,0.0,0.0,0.0,0.0
3.6,0.0004680624205714366,-0.01366718738940908,0.0571771060981918,True,0.0,0.0,0.0,0.0
3.61,0.003681221668500276,-0.011360413249340376,0.05497202340679953,True,0.0,0.0,0.0,0.0
3.62,0.006508801806677655,-0.009330452006079916,0.053031550638374336,True,0.0,0.0,0.0,0.0
3.63,0.019772448649334192,-0.006450606006009841,0.05132393460216016,True,0.0,0.0,0.0,0.0
3.64,0.031444457870871946,-0.003916341525948176,0.049821232490291675,True,0.0,0.0,0.0,0.0
3.65,0.038918688263642184,0.003524188590741361,0.048498854631847416,True,0.0,0.0,0.0,0.0
3.66,0.045496011009279996,0.010071855093428153,0.04962836031430446,True,0.0,0.0,0.0,0.0
3.67,0.051284055025441276,0.01583380161579253,0.05062232531486666,True,0.0,0.0,0.0,0.0
3.68,0.046444974132146946,0.01776745618470086,0.0514970145153614,True,0.0,0.0,0.0,0.0
3.69,0.04052921905450823,0.011998541944095265,0.05343911701281088,True,0.0,0.0,0.0,0.0
3.7,0.031293639739417824,0.004431822561320104,0.05859076348374531,True,0.0,0.0,0.0,0.0
3.71,0.023777080425178773,-0.0022268904955220366,0.06381976807414542,True,0.0,0.0,0.0,0.0
3.72,0.017162508228648406,-0.00808655798554312,0.06842129211369753,True,0.0,0.0,0.0,0.0
3.73,0.011341684695701685,-0.007512809955205885,0.07275317218289659,True,0.0,0.0,0.0,0.0
3.74,0.008768810389263563,-0.002199265458338091,0.07656522664379176,True,0.0,0.0,0.0,0.0
3.75,0.007477572029587935,0.003535606334080843,0.0796372956549863,True,0.0,0.0,0.0,0.0
3.76,0.006341282273073383,0.008582293511409506,0.07265274801047512,True,0.0,0.0,0.0,0.0
3.77,0.0053413472873405764,0.01302337822745873,0.06650634608330529,True,0.0,0.0,0.0,0.0
3.78,-0.010958794467034938,0.004745326097358538,0.06109751238739584,True,0.0,0.0,0.0,0.0
3.79,-0.02530291921088539,-0.0025393597771296303,0.06546585279975434,True,0.0,0.0,0.0,0.0
3.8,-0.03792574898547379,-0.008949883346679219,0.06930999236262982,True,0.0,0.0,0.0,0.0
3.81,-0.03582167580004853,-0.006721261736658613,0.07269283517796024,True,0.0,0.0,0.0,0.0
3.82,-0.03344010029473717,-0.0033637005478968835,0.07859520002818607,True,0.0,0.0,0.0,0.0
3.83,-0.027287816633290756,-0.00040904670178656174,0.08378928109638478,True,0.0,0.0,0.0,0.0
3.84,-0.021873807011217907,0.0021910486827905213,0.07156536538188546,True,0.0,0.0,0.0,0.0
3.85,-0.018429146087698713,0.0012359898648831506,0.05916316220471161,True,0.0,0.0,0.0,0.0
3.86,-0.014078176931096911,-0.0032330965125057388,0.054478277123538796,True,0.0,0.0,0.0,0.0
3.87,-0.010248203449992666,-0.007165892524607961,0.05035557825210672,True,0.0,0.0,0.0,0.0
3.88,-0.006226601433251639,-0.009301505438327294,0.046727603245246496,True,0.0,0.0,0.0,0.0
3.89,-0.0026875916585195345,-0.011180844802400308,0.0435349852392095,True,0.0,0.0,0.0,0.0
3.9,0.004330822791073618,-0.009659302732349332,0.04139457849284069,True,0.0,0.0,0.0,0.0
3.91,0.006602941658886691,-0.0061152456894669,0.0501385928561242,True,0.0,0.0,0.0,0.0
3.92,0.00956362229522438,-0.00299647549173036,0.04720575319572563,True,0.0,0.0,0.0,0.0
3.93,0.012169021255201546,-0.001546389634225877,0.03934528966811046,True,0.0,0.0,0.0,0.0
3.94,0.014252964396084233,-0.0002703140796219317,0.0483352186903616,True,0.0,0.0,0.0,0.0
3.95,0.013280402140807057,0.0008526324084295402,0.06371331460036962,True,0.0,0.0,0.0,0.0
3.96,0.01323386606124501,0.0012843815643984514,0.07252124784199271,True,0.0,0.0,0.0,0.0
3.97,0.011519344838909705,0.0014196162873864574,0.08027222909462102,True,0.0,0.0,0.0,0.0
3.98,0.010010566163254636,0.0015386228436159023,0.08709309259693393,True,0.0,0.0,0.0,0.0
3.99,0.0042496679055096945,0.00018084469696398207,0.09309545247896929,True,0.0,0.0,0.0,0.0
4.0,-0.0017559120098307969,-0.0035456649450322274,0.09325341531107809,True,0.0,0.0,0.0,0.0
4.01,-0.007040822335330429,-0.006824993429988891,0.09266358258742093,True,0.0,0.0,0.0,0.0
4.02,-0.010755553973245163,-0.009710802496750756,0.09214452979060263,True,0.0,0.0,0.0,0.0
4.03,-0.012152216723541411,-0.00939224149302733,0.08992178173037671,True,0.0,0.0,0.0,0.0
4.04,-0.013381279943802109,-0.007927237300934286,0.08796576343737789,True,0.0,0.0,0.0,0.0
4.05,-0.013261799646856812,-0.006363291092794724,0.08801044893856474,True,0.0,0.0,0.0,0.0
4.06,-0.013156656985544952,-0.004987018429631909,0.08295846459223775,True,0.0,0.0,0.0,0.0
4.07,-0.014265187374365225,-0.0037758984860486325,0.07766556011494982,True,0.0,0.0,0.0,0.0
4.08,-0.01584477819630209,-0.002984855454793033,0.07300780417493644,True,0.0,0.0,0.0,0.0
4.09,-0.008650814359863543,-0.000863209179234213,0.060009318434569706,True,0.0,0.0,0.0,0.0
4.1,-0.006074991679302887,-0.0007138589896726874,0.04857065098304697,True,0.0,0.0,0.0,0.0
4.11,-0.008819918766499981,-0.002500136498293041,0.038504623625706974,True,0.0,0.0,0.0,0.0
4.12,-0.0062238035571429515,-0.0021543550304444557,0.040880650845250104,True,0.0,0.0,0.0,0.0
4.13,-0.0011529673951257216,-0.0037677730141721967,0.04401565577332399,True,0.0,0.0,0.0,0.0
4.14,0.0005231136496663968,-0.005187580839852609,0.05745480155106322,True,0.0,0.0,0.0,0.0
4.15,0.004784319746866505,-0.0064370117264513724,0.06937327733168308,True,0.0,0.0,0.0,0.0
4.16,0.009411260016462735,-0.005394175585460112,0.07976950852241922,True,0.0,0.0,0.0,0.0
4.17,0.013482967453707417,-0.004476479781387803,0.08891819197026703,True,0.0,0.0,0.0,0.0
4.18,0.01706606999848274,0.0001679580313699103,0.09502077375056886,True,0.0,0.0,0.0,0.0
4.19,0.020219200237885024,0.0052267367556523454,0.10039104571723448,True,0.0,0.0,0.0,0.0
4.2,0.016961772567762226,0.009678462033020889,0.10511688504790023,True,0.0,0.0,0.0,0.0
4.21,0.013270812159787232,0.012624306828049558,0.10831089004709138,True,0.0,0.0,0.0,0.0
4.22,0.010022767000769237,0.013717250515975768,0.11112161444637961,True,0.0,0.0,0.0,0.0
4.23,0.007988911319100338,0.01223239895891889,0.11359505191775324,True,0.0,0.0,0.0,0.0
4.24,0.0025811809147746933,0.010835889438548503,0.11577167689256204,True,0.0,0.0,0.0,0.0
4.25,-0.005755957247850037,0.009696801210782898,0.11302647301281045,True,0.0,0.0,0.0,0.0
4.26,-0.003335850538789485,0.011141045572781106,0.10866882951712803,True,0.0,0.0,0.0,0.0
4.27,-0.010962944926986514,0.015581675357678536,0.10483410324092751,True,0.0,0.0,0.0,0.0
4.28,-0.021487740204197227,0.025817783263150977,0.10036335505768515,True,0.0,0.0,0.0,0.0
4.29,-0.030749560048142655,0.034825558219966725,0.09317361419300736,False,-0.00030749560048142,0.00034825558219965985,0.0009317361419300537,0.0010411377108852384
4.3,-0.039336950157799075,0.036424046487201885,0.07587870318187075,False,-0.0007008651020594023,0.000712496047071671,0.001690523173748745,0.0019638561834714433
4.31,-0.04721809828049053,0.02962557602971717,0.0748826030057152,False,-0.0011730460848642975,0.0010087518073688363,0.002439349203805881,0.002888605522426649
4.32,-0.0538292638022652,0.01712655133461529,0.07400603485069832,False,-0.001711338722886986,0.0011800173207150008,0.003179409552312914,0.0037986532090964124
4.33,-0.05359253828528573,0.0025556854354947724,0.11305398932399727,False,-0.0022472641057398315,0.001205574175069948,0.004309949445552862,0.005007920653900545
4.34,-0.07900876886603317,-0.01618401453346639,0.16380150323660664,False,-0.003037351794400146,0.0010437340297352875,0.005947964477918894,0.0067596721871965235
4.35,-0.09473129134958887,-0.02706708426064122,0.2084593154797029,False,-0.003984664707896015,0.0007730631871288811,0.008032557632715879,0.008999842312426815
4.36,-0.08958632252693055,-0.036334713888330955,0.24775819025362758,False,-0.004880527933165381,0.00040971604824554706,0.010510139535252322,0.011595277193628076
4.37,-0.08358853328110735,-0.04479969969292204,0.2793712563495126,False,-0.005716413265976436,-3.8280948683663764e-05,0.013303852098747388,0.01448003200009616
4.38,-0.0921944398950983,-0.057856753446473175,0.29427598189529297,False,-0.0066383576649274,-0.0006168484831483832,0.016246611917700257,0.01756134087542927
4.39,-0.08231624113921718,-0.07754128809767971,0.30684887863346716,False,-0.007461520076319554,-0.0013922613641251637,0.019315100704034863,0.020752970600913103
4.4,-0.06814869200125374,-0.09486367859074146,0.28053638150946786,False,-0.008143006996332138,-0.0023408981500326422,0.02212046451912973,0.023687619501191286
4.41,-0.05568124875984591,-0.11306202012215638,0.2573813840403485,False,-0.008699819483930586,-0.003471518351254182,0.02469427835953316,0.02641109014058641
4.42,-0.04304993744805961,-0.12612192277228093,0.24357987566661088,False,-0.009130318858411172,-0.004732737578976964,0.027130077116199216,0.029013834834069
4.43,-0.03193438349368766,-0.12834732593972475,0.23143454829772178,False,-0.009449662693348041,-0.0060162108383741844,0.029444422599176383,0.03150341156238025
4.44,-0.02215269601384034,-0.12864047173484186,0.22074666021309935,False,-0.00967118965348646,-0.00730261555572269,0.03165188920130753,0.033892509397804034
4.45,0.0002359021823601544,-0.1288763433114528,0.21134131869863163,False,-0.009668830631662857,-0.008591378988837191,0.0337653023882938,0.03615789988490114
4.46,0.02676005902124449,-0.11003300613241236,0.20306461816590002,False,-0.009401230041450418,-0.009691709050161292,0.03579594856995275,0.03825783951856078
4.47,0.04327912661323481,-0.09345086941485675,0.1497207606197848,False,-0.00896843877531808,-0.01062621774430984,0.03729315617615057,0.03980111675813722
4.48,0.07365401799592564,-0.07141533018346294,0.1027781659792034,False,-0.008231898595358774,-0.011340371046144517,0.03832093783594267,0.04080272596989918
4.49,0.10038392241269356,-0.05076024994660661,0.06146868269549177,False,-0.00722805937123186,-0.011847973545610572,0.03893562466289757,0.041335241469012594
4.5,0.11395340186787402,-0.03384758505140281,0.025278275184240265,False,-0.006088525352553144,-0.012186449396124593,0.039188407414739966,0.04148868478942944
4.51,0.10957831794588715,-0.034537454158528186,0.011597788848063907,False,-0.0049927421730942955,-0.012531823937709867,0.039304385303220606,0.04155488887816663
4.52,0.10572824409453871,-0.03629836699656403,-0.00044103912777128905,False,-0.0039354597321489306,-0.0128948076076755,0.03929997491194289,0.04154818810275211
4.53,0.10128989104720365,-0.04013452747007164,-0.009739049131272498,False,-0.002922560821676826,-0.013296152882376244,0.03920258442063016,0.04149905623607068
4.54,0.09119626451872812,-0.04360077562293706,-0.013022901703153433,False,-0.002010598176489564,-0.013732160638605604,0.03907235540359863,0.04146400484295861
4.55,0.08678877229061566,-0.04799358661617514,-0.01567392990682968,False,-0.001142710453583426,-0.014212096504767346,0.038915616104530336,0.04144532122009347
4.56,0.07378389470603765,-0.05317755613380618,-0.018245596785643754,True,0.0,0.0,0.0,0.0
4.57,0.06233960243160899,-0.05878156744536332,-0.014129862350576325,True,0.0,0.0,0.0,0.0
4.58,0.05226862523011178,-0.06267097926349177,-0.006425833062972462,True,0.0,0.0,0.0,0.0
4.59,0.04260836524457553,-0.06801004763542148,0.005924398936678117,True,0.0,0.0,0.0,0.0
4.6,0.03270456842407507,-0.07298345271529412,0.018077727634179634,True,0.0,0.0,0.0,0.0
4.61,0.021098377458493876,-0.07736004918558204,0.03404720250168352,True,0.0,0.0,0.0,0.0
4.62,0.010884929408782426,-0.0812114540794354,0.04810034038508694,True,0.0,0.0,0.0,0.0
4.63,0.0018970951250363481,-0.08460069038602637,0.060467101722481945,True,0.0,0.0,0.0,0.0
4.64,-0.005437001660918086,-0.08758321833582643,0.06875780973842863,True,0.0,0.0,0.0,0.0
4.65,-0.011891006832557987,-0.08839947482944267,0.0760536327924617,True,0.0,0.0,0.0,0.0
4.66,-0.017570531383601103,-0.08911778054382496,0.08247395708001082,True,0.0,0.0,0.0,0.0
4.67,-0.022568512988519043,-0.08974988957248138,0.07630409380203476,True,0.0,0.0,0.0,0.0
4.68,-0.02774691862259754,-0.09030614551769903,0.07191268558903882,True,0.0,0.0,0.0,0.0
4.69,-0.034462453797236586,-0.09079565074949056,0.11103285676452529,True,0.0,0.0,0.0,0.0
4.7,-0.03821358653426898,-0.0910435644066836,0.1329063611124316,True,0.0,0.0,0.0,0.0
4.71,-0.031232295238425637,-0.0904847112998286,0.12172268082218803,True,0.0,0.0,0.0,0.0
4.72,-0.037489223334569,-0.09076993769098107,0.11490461824254847,True,0.0,0.0,0.0,0.0
4.73,-0.030594855622689657,-0.09229888110335231,0.136313511213092,True,0.0,0.0,0.0,0.0
4.74,-0.01886756066715587,-0.09158938999289706,0.12774454898654394,True,0.0,0.0,0.0,0.0
4.75,-0.014207792475366104,-0.09301999912903838,0.08932130317457132,True,0.0,0.0,0.0,0.0
4.76,-0.013468136198764927,-0.09627456331098583,0.08639140591264577,True,0.0,0.0,0.0,0.0
4.77,-0.012817238675355891,-0.09714295164895649,0.12063758544096367,True,0.0,0.0,0.0,0.0
4.78,-0.01224444885475594,-0.08898537434956073,0.07550296233920706,True,0.0,0.0,0.0,0.0
4.79,-0.011740393812627982,-0.08180670632609247,0.03297081822903658,True,0.0,0.0,0.0,0.0
4.8,-0.01129682537555538,-0.0754894784654404,0.028440198312153282,True,0.0,0.0,0.0,0.0
4.81,-0.013326590512589546,-0.06993031794806656,0.024453252785295983,True,0.0,0.0,0.0,0.0
4.82,-0.0060671221786013614,-0.06464210125205533,0.02094474072166156,True,0.0,0.0,0.0,0.0
4.83,0.0003212099553082416,-0.05849492380587717,0.017857250105663268,True,0.0,0.0,0.0,0.0
4.84,-0.005238762442862071,-0.05931399405543502,0.015140258363584768,True,0.0,0.0,0.0,0.0
4.85,-0.0059644824852681105,-0.06003477587504593,0.01806353444424955,True,0.0,0.0,0.0,0.0
4.86,-0.006438327140079358,-0.059608598724958974,0.020636017395234556,True,0.0,0.0,0.0,0.0
4.87,-0.007020099418819323,-0.06029402798422701,0.022899802392101362,True,0.0,0.0,0.0,0.0
4.88,-0.01750853496065976,-0.06600606257073918,0.024891933189344153,True,0.0,0.0,0.0,0.0
4.89,-0.016761882300930075,-0.07103265300686988,0.02664500829091781,True,0.0,0.0,0.0,0.0
4.9,-0.015940038977861885,-0.06928673060096405,0.018881794227062616,True,0.0,0.0,0.0,0.0
4.91,-0.025358081772617214,-0.07864328301428855,0.012050165850870046,True,0.0,0.0,0.0,0.0
4.92,-0.025908399538494508,-0.07556464207023696,0.006038332879820586,True,0.0,0.0,0.0,0.0
4.93,-0.023524970067037503,-0.06800166923717754,0.017583768522476947,True,0.0,0.0,0.0,0.0
4.94,-0.02142755213215534,-0.061288199266838914,0.027743751888014544,True,0.0,0.0,0.0,0.0
4.95,-0.02244953345488806,-0.060292168372481275,0.036684537249687635,True,0.0,0.0,0.0,0.0
4.96,-0.02334887701889285,-0.059415661185446556,0.044552428367959945,True,0.0,0.0,0.0,0.0
4.97,-0.01651134281788101,-0.06260389250883497,0.05147617255203958,True,0.0,0.0,0.0,0.0
4.98,-0.010494312720990594,-0.06540953607341676,0.05270363964650955,True,0.0,0.0,0.0,0.0
4.99,-0.0011069042011168512,-0.06787850241024874,0.05378381068964312,True,0.0,0.0,0.0,0.0
5.0,0.007154015296372043,-0.0682861196151576,0.05044264628600158,True,0.0,0.0,0.0,0.0
5.01,0.01442362445416227,-0.0686448227554774,0.04750242161079701,True,0.0,0.0,0.0,0.0
5.02,0.018287581728902876,-0.06760413898630532,0.044915023896617,True,0.0,0.0,0.0,0.0
5.03,0.02168786413067461,-0.0666883372694339,0.040261716449220754,True,0.0,0.0,0.0,0.0
5.04,0.023759336783444208,-0.06588243175858706,0.03616680589551206,True,0.0,0.0,0.0,0.0
5.05,0.025582232717881452,-0.06470324565898336,0.0325632846082484,True,0.0,0.0,0.0,0.0
5.06,0.027186381140186226,-0.056227089948565054,0.029392185875456386,True,0.0,0.0,0.0,0.0
5.07,0.022819075247410888,-0.048040440675638584,0.026601618990599412,True,0.0,0.0,0.0,0.0
5.08,0.018975846061768588,-0.040873076003906154,0.026316636468080246,True,0.0,0.0,0.0,0.0
5.09,0.015593804378403364,-0.03456579509278162,0.026065851848263377,True,0.0,0.0,0.0,0.0
5.1,0.012617607697041967,-0.029015387890992023,0.025845161382824534,True,0.0,0.0,0.0,0.0
5.11,0.00999855461744394,-0.024131029553417182,0.025650953773238352,True,0.0,0.0,0.0,0.0
5.12,0.006384200799330595,-0.027791138467056983,0.025480051076802512,True,0.0,0.0,0.0,0.0
5.13,0.0032035694393908517,-0.03101203431106001,0.04264884845677959,True,0.0,0.0,0.0,0.0
5.14,0.0004046138426438777,-0.03384642265378267,0.05775739015115942,True,0.0,0.0,0.0,0.0
5.15,0.0009885962661074325,-0.030758158175510163,0.07105290684221366,True,0.0,0.0,0.0,0.0
5.16,0.0015025007987553608,-0.028040485434630356,0.07401872017428772,True,0.0,0.0,0.0,0.0
5.17,0.0019547367874855376,-0.025648933422656128,0.07662863590651289,True,0.0,0.0,0.0,0.0
5.18,0.001989292056582325,-0.030284253133574652,0.07892536175087105,True,0.0,0.0,0.0,0.0
5.19,0.0020197006933874977,-0.03436333447918295,0.08094648049390622,True,0.0,0.0,0.0,0.0
5.2,0.0007982485502858979,-0.03795292606331826,0.08272506498777717,True,0.0,0.0,0.0,0.0
5.21,-0.00027662933564350997,-0.0420439758039241,0.0916877981696381,True,0.0,0.0,0.0,0.0
5.22,-0.0012225218752613888,-0.04564409957565724,0.09890302385171021,True,0.0,0.0,0.0,0.0
5.23,-0.0020549073101251225,-0.04005837555554244,0.09114565636275548,True,0.0,0.0,0.0,0.0
5.24,-0.002787406492805208,-0.03514293841784141,0.09588649706509525,True,0.0,0.0,0.0,0.0
5.25,-0.007931447728124711,-0.0341137932174863,0.10005843688315424,True,0.0,0.0,0.0,0.0
5.26,-0.0025802198114065894,-0.03320814544117381,0.09968917280455132,True,0.0,0.0,0.0,0.0
5.27,0.002649220625965873,-0.03241117539801881,0.09936422041538075,True,0.0,0.0,0.0,0.0
5.28,0.007251128210853641,-0.033769955285404024,0.09907826231291064,True,0.0,0.0,0.0,0.0
5.29,0.011300806885554876,-0.034965681586303005,0.09804052728297333,True,0.0,0.0,0.0,0.0
5.3,0.015273143501401994,-0.03601792073109411,0.09576629480758615,True,0.0,0.0,0.0,0.0
5.31,0.01876879972334746,-0.038783911627700195,0.09299633872323623,True,0.0,0.0,0.0,0.0
5.32,0.02184497719865947,-0.04121798361671355,0.08930900913829308,True,0.0,0.0,0.0,0.0
5.33,0.00770421840956351,-0.045835671205124974,0.0860641591035431,True,0.0,0.0,0.0,0.0
5.34,-0.004739649324840934,-0.0526985885085231,0.08320869107296312,True,0.0,0.0,0.0,0.0
5.35,-0.015690252931116845,-0.05873795573551346,0.09085966913172125,True,0.0,0.0,0.0,0.0
5.36,-0.0123970680205305,-0.06405259889526496,0.09759252982342839,True,0.0,0.0,0.0,0.0
5.37,-0.009499065299214515,-0.05522783899915945,0.10351744723213069,True,0.0,0.0,0.0,0.0
5.38,-0.00694882290445645,-0.0474620502905866,0.1087313745517887,True,0.0,0.0,0.0,0.0
5.39,-0.00604968590040586,-0.040628156227042495,0.11331963059308776,True,0.0,0.0,0.0,0.0
5.4,-0.005258445336841341,-0.03283443891133991,0.09808623503176342,True,0.0,0.0,0.0,0.0
5.41,-0.004562153640904564,-0.029700269576352058,0.084680846937798,True,0.0,0.0,0.0,0.0
5.42,-0.0041016853492109725,-0.03169762114202368,0.08688455893050716,True,0.0,0.0,0.0,0.0
5.43,-0.0036964732525206117,-0.029607146235453307,0.08882382548409122,True,0.0,0.0,0.0,0.0
5.44,0.0032051213220327733,-0.02776752831767138,0.0905303800512452,True,0.0,0.0,0.0,0.0
5.45,0.009278524547639753,-0.026148664550023282,0.09203214807034069,True,0.0,0.0,0.0,0.0
5.46,0.014623119386173895,-0.024724064434492956,0.09335370392714472,True,0.0,0.0,0.0,0.0
5.47,0.019326362844083938,-0.023470416332826267,0.09762014838924048,True,0.0,0.0,0.0,0.0
5.48,0.023465217087044778,-0.023239085035406084,0.10137461951588475,True,0.0,0.0,0.0,0.0
5.49,0.024788717338427625,-0.023035513493676323,0.09278567001126369,True,0.0,0.0,0.0,0.0
5.5,0.02595339755964453,-0.02285637053695413,0.08459166568287553,False,0.0002595339755964398,-0.00022856370536953645,0.0008459166568287373,0.0009138786802423248
5.51,0.02475380258845383,-0.022698724735038603,0.07705523259070378,False,0.0005070720014809728,-0.00045555095271991765,0.0016164689827357587,0.0017543148683622112
5.52,0.02592267257966759,-0.017975693156081437,0.062056467435771784,False,0.0007662987272776432,-0.0006353078842807282,0.0022370336570934632,0.002448499424183217
5.53,0.03316412620020624,-0.009429844843693162,0.03825215309128621,False,0.001097939989279728,-0.0007296063327176662,0.0026195551880063513,0.0029325529839735686
5.54,0.045859531543251154,0.004372917853115901,0.014591137426354619,False,0.0015565353047122298,-0.0006858771541865081,0.0027654665622698946,0.0032466960024744303
5.55,0.050708562088159784,0.020241500493946688,-0.027572099750907846,False,0.002063620925593817,-0.00048346214924704554,0.002489745564760822,0.0032697247516495086
5.56,0.05497570896767938,0.03420585321787778,-0.06467574846689882,False,0.002613378015270599,-0.00014140361706827502,0.0018429880800918477,0.003200991205389406
5.57,0.07605393326832477,0.047398852202011954,-0.09732695933697087,False,0.003373917347953898,0.00033258490495187654,0.0008697184867220732,0.003500048747656559
5.58,0.09460277065289271,0.059008691308050025,-0.08116054623913904,False,0.004319945054482805,0.0009226718180323642,5.811302433070015e-05,0.004417762519776098
5.59,0.09562136393828456,0.06832098113428872,-0.06693410271304703,False,0.00527615869386563,0.0016058816293752368,-0.0006112280027997559,0.005548901336465203
5.6,0.09651772602942939,0.06883454527596741,-0.054414832410086066,False,0.006241335954159904,0.0022942270821348964,-0.001155376326900605,0.006749270097858927
5.61,0.11292478896618158,0.07970645024233662,-0.07205481946984299,False,0.007370583843821795,0.003091291584558316,-0.0018759245215990835,0.008209791877404974
5.62,0.12901695883112888,0.09074412182978972,-0.08757800808242908,False,0.008660753432133057,0.003998732802856194,-0.0027517046024233558,0.009928262298098322
5.63,0.13394395494059502,0.10356876056976169,-0.10123841406150484,False,0.010000192981538978,0.005034420408553789,-0.0037640887430383826,0.011811757387601245
5.64,0.13827971151692522,0.11485444266093703,-0.09104864295047181,False,0.011382990096708201,0.006182964835163135,-0.004674575172543082,0.01377146218592554
5.65,0.1420951773040958,0.12478584290117131,-0.08208164437276273,False,0.012803941869749254,0.007430823264174932,-0.005495391616270764,0.015791054138451315
5.66,0.14545278719680588,0.1312323388680604,-0.04908902149909193,False,0.014258469741717282,0.008743146652855508,-0.005986281831261673,0.01776463179838241
5.67,0.14840748390239075,0.13690525531892278,-0.02005551337026162,False,0.015742544580741157,0.010112199206044706,-0.006186836964964285,0.019706882916646216
5.68,0.15033960462543572,0.13626458753975276,0.0054939737831090525,False,0.01724594062699548,0.011474845081442205,-0.006131897227133196,0.02160311786194473
5.69,0.1520398708617153,0.13570079989408312,0.027977522478075244,False,0.018766339335612735,0.012831853080383128,-0.005852122002352424,0.02347507779468092
5.7,0.16073792897174533,0.13520466676589385,0.047763045329645495,False,0.020373718625330155,0.014183899748042038,-0.00537449154905598,0.02539993271836573
5.71,0.16839222010857174,0.1399957726113527,0.0703418859148732,False,0.022057640826415835,0.015583857474155536,-0.004671072689907263,0.027408302623043942
5.72,0.175127996308979,0.1442119457553565,0.09021126562987357,False,0.023808920789505587,0.01702597693170907,-0.003768960033608547,0.029511924020215616
5.73,0.20386229834029265,0.16960597501419644,0.1076963197790739,False,0.02584754377290865,0.01872203668185115,-0.0026919968358177352,0.03202900285012104
5.74,0.2291484841278487,0.1919527207619756,0.12308316743037019,False,0.02813902861418709,0.020641563889470863,-0.0014611651615140595,0.034928700158785894
5.75,0.251400327620898,0.21161785702002123,0.13662359336351093,False,0.030653031890396018,0.02275774245967103,-9.492922787897925e-05,0.03817764028188037
5.76,0.27098194989478136,0.21251514120735948,0.16014403994349183,False,0.03336285138934377,0.024882893871744582,0.001506511171555905,0.0416474229235131
5.77,0.28821377749579874,0.21330475129221715,0.18084203293387502,False,0.036244989164301696,0.02701594138466671,0.0033149315008946167,0.04532713424953885
5.78,0.32062024227607744,0.2139996081668919,0.19905626676541222,False,0.03945119158706269,0.029155937466335772,0.005305494168548874,0.04934180251624897
5.79,0.3491379312827227,0.21461108221660563,0.21893439595763256,False,0.04294257089988984,0.031302048288501784,0.007494838128125153,0.0536661459498869
5.8,0.37423349760857055,0.21523106337509354,0.2364271496467865,False,0.04668490587597547,0.033454358922252674,0.009859109624592967,0.058274150445436254
5.81,0.4114766449559562,0.22327956341207156,0.2518207728932419,False,0.05079967232553494,0.03568715455637334,0.012377317353525333,0.06330385212277431
5.82,0.4180406524725751,0.22285932682710358,0.25887957856084126,False,0.054980078850260974,0.037915747824644526,0.01496611313913392,0.06844265881726327
5.83,0.41971745478731115,0.22164460363412367,0.2650913275483287,False,0.059177253398134,0.04013219386098572,0.01761702641461715,0.07364034168535627
5.84,0.42529256512416747,0.22057564722430134,0.27035833908863105,False,0.06343017904937558,0.04233795033322868,0.020320609805503403,0.07892285369601319
5.85,0.440733796777726,0.2196349655836577,0.2749933092440971,False,0.06783751701715274,0.04453429998906521,0.023070542897944316,0.0843651737399647
5.86,0.45432208063285756,0.21880716573989129,0.27783663575350304,False,0.07238073782348162,0.04672237164646427,0.025848909255479533,0.08994507951989328
5.87,0.46627977042537333,0.22733854595206188,0.28033876308178024,False,0.07704353552773525,0.04899575710598484,0.028652296886297276,0.09569349349805654
5.88,0.47680253744278717,0.234846160538772,0.26859498165908724,False,0.08181156090216303,0.05134421871137251,0.03133824670288809,0.10154529038188163
5.89,0.48595651883116425,0.24145286137507693,0.253530396573362,False,0.08667112609047457,0.05375874732512322,0.03387355066862165,0.1074676902452875
5.9,0.47522543963317626,0.2354424047367094,0.23223284154044455,False,0.09142338048680666,0.05611317137249047,0.03619587908402626,0.11321247353440943
5.91,0.4657820899389468,0.23015320289494598,0.21349099311147718,False,0.09608120138619602,0.05841470340143988,0.03833078901514098,0.11879867095138819
5.92,0.4574719422080249,0.22549870527419416,0.1969981664939859,False,0.10065592080827618,0.060669690454181774,0.0403007706800808,0.12424402541360553
5.93,0.4461293428347059,0.21888224469460027,0.19501814541913576,False,0.10511721423662314,0.06285851290112773,0.042250952134272116,0.129560658879391
5.94,0.4361478553861852,0.21305975938455762,0.1932757268732676,False,0.10947869279048529,0.06498911049497345,0.04418370940300492,0.13476412295062257
5.95,0.41970224837346304,0.2022722972612302,0.19174239855290365,False,0.11367571527421984,0.06701183346758571,0.046101133388533916,0.1397786413136869
5.96,0.4052301142022675,0.19277933059270208,0.19039306963098335,False,0.11772801641624242,0.06893962677351269,0.04800506408484371,0.14462725941800952
5.97,0.39249463613161545,0.18442551992439732,0.18920566017969348,False,0.1216529627775585,0.07078388197275662,0.0498971206866406,0.1493302512972785
5.98,0.3844985533377331,0.17846771588716756,0.1830302561077829,False,0.12549794831093608,0.07256855913162841,0.051727423247718556,0.15392094438556322
5.99,0.3774620004791166,0.17322484833440538,0.18014460726041762,False,0.12927256831572717,0.07430080761497243,0.05352886932032269,0.15842142147416072
6.0,0.37126983396353413,0.16861112488797467,0.17760523627473618,False,0.13298526665536242,0.07598691886385214,0.05530492168307002,0.16284264597515605
6.01,0.3658207274298215,0.16455104825511563,0.17282188307142046,False,0.13664347392966056,0.07763242934640327,0.057033140513784185,0.16718556208792423
6.02,0.36102551368015445,0.16097818081819967,0.16687607379990443,False,0.14025372906646202,0.07924221115458523,0.05870190125178319,0.17145363733759197
6.03,0.3547232452913398,0.15133448779267875,0.16164376164097033,False,0.14380096151937566,0.08075555603251211,0.060318338868193,0.1756088789550099
6.04,0.3491772491091829,0.14284803793022033,0.1570393269411083,False,0.1472927340104674,0.08218403641181428,0.061888732137604055,0.17966519000300762
6.05,0.3495409534561977,0.14045029513205917,0.15518422102691826,False,0.1507881435450293,0.08358853936313485,0.0634405743478732,0.18370850448524895
6.06,0.34986101328157065,0.13834028146967736,0.153551727822431,False,0.15428675367784495,0.08497194217783159,0.06497609162609748,0.1877405811243903
6.07,0.3317786074582224,0.12945750868795255,0.15211513380248223,False,0.15760453975242739,0.0862665172647112,0.0664972429641224,0.19158023455823076
6.08,0.31586609033367596,0.12164066864003473,0.1493365223598808,False,0.16076320065576408,0.08748292395111151,0.06799060818772118,0.19524546465886894
6.09,0.30847100144039363,0.11568127039213248,0.14689134429039152,False,0.16384791067016793,0.08863973665503282,0.06945952163062506,0.19881590955053915
6.1,0.3019633232143052,0.1104369999339785,0.1402797371039493,False,0.16686754390231093,0.08974410665437257,0.07086231900166452,0.2022875432187428
6.11,0.29623656637534734,0.105822041930803,0.13892137326517182,False,0.1698299095660646,0.09080232707368067,0.07225153273431634,0.20568797915209178
6.12,0.29119702035706446,0.10176087888800855,0.14419489907451583,False,0.1727418797696352,0.09181993586256074,0.07369348172506146,0.20904876679118162
6.13,0.2867622198609755,0.09818705541034944,0.14883560178673855,False,0.1756095019682449,0.0928018064166642,0.07518183774292882,0.2123750954846992
6.14,0.2831860053578853,0.09152616902282645,0.15012874847938634,False,0.1784413620218237,0.09371706810689245,0.07668312522772265,0.21564904411901772
6.15,0.2800389365951659,0.08566458900180622,0.1540573892630246,False,0.18124175138777554,0.09457371399691057,0.078223699120353,0.2188874298111913
6.16,0.2772695160839728,0.08050639858330841,0.15472392145851804,False,0.1840144465486152,0.09537877798274363,0.07977093833493815,0.22208518732889676
6.17,0.2748324260341229,0.07596719101503034,0.1553104697905523,False,0.18676277080895637,0.09613844989289393,0.08132404303284363,0.22524771715436995
6.18,0.27268778679025496,0.07395961303333817,0.16340754779855438,False,0.18948964867685886,0.09687804602322729,0.08295811851082914,0.22841570038816228
6.19,0.2569154593786641,0.0726726658523121,0.1750981628804925,False,0.19205880327064567,0.09760477268175045,0.08470910013963419,0.23149278003962742
6.2,0.24303581125646417,0.07154015233300914,0.19601144039532756,False,0.19448916138321026,0.09832017420508053,0.08666921454358742,0.23453026094912394
6.21,0.23082172090892825,0.07054354043602255,0.22330026833244818,False,0.1967973785922995,0.09902560960944075,0.08890221722691186,0.2375686928178527
6.22,0.2508798096722556,0.0967277261801931,0.2657773962777993,False,0.199306176689022,0.09999288687124266,0.0915599911896898,0.24104929263098215
6.23,0.2685309277839837,0.1251816613127789,0.34848048995518144,False,0.20199148596686203,0.10124470348437054,0.09504479608924185,0.2451215283290815
6.24,0.2862784261380031,0.15043322561653874,0.4508840249852527,False,0.204854270228242,0.10274903574053589,0.09955363633909428,0.24986709043948177
6.25,0.3001622498530098,0.1796708578581778,0.5487029789142431,False,0.20785589272677205,0.10454574431911763,0.10504066612823659,0.2552791145729422
6.26,0.3118994751430474,0.20539997423082015,0.6694793701051691,False,0.21097488747820245,0.10659974406142579,0.11173545982928815,0.26145500867962757
6.27,0.3204653817393282,0.22804159663874543,0.7829330590597504,False,0.21417954129559566,0.1088801600278132,0.11956479041988549,0.26837195133885566
6.28,0.33024677078217596,0.2380123303538767,0.9224807482655419,False,0.21748200900341763,0.11126028333135213,0.12878959790254152,0.27615943839570956
6.29,0.33885439313988197,0.2446611632979493,1.1231598338262254,False,0.2208705529348164,0.11370689496433156,0.14002119624080353,0.28516485497491917
6.3,0.3204764042983955,0.2463684293132594,1.299757429119627,False,0.22407531697780028,0.1161705792574641,0.15301877053199953,0.295161134465297
6.31,0.30430377411788745,0.2296802286499814,1.4551633129778203,False,0.2271183547189791,0.11846738154396387,0.16757040366177742,0.30609983293610293
6.32,0.21085286430336725,0.21499461206629675,1.5044893241338033,False,0.2292268833620129,0.12061732766462699,0.18261529690311645,0.3169256229020166
6.33,0.08947523913277065,0.20207126947265425,1.4528471795114521,False,0.2301216357533406,0.1226380403593535,0.19714376869823066,0.32689711182804454
6.34,-0.017337071017354336,0.2075057671449292,1.407402092243783,False,0.22994826504316707,0.12471309803080274,0.2112177896206682,0.3362179591708987
6.35,-0.12277035894450394,0.21228812509653114,1.3674104154482343,False,0.22872056145372205,0.126835979281768,0.22489189377515026,0.3449301737422292
6.36,-0.21555165232039558,0.21649660009394087,1.360711343286687,False,0.22656504493051793,0.12900094528270756,0.23849900720801806,0.35334790208434796
6.37,-0.2857607354961406,0.17672749382072034,1.3548161597845254,False,0.22370743757555658,0.13076822022091472,0.25204716880586303,0.3614873723235964
6.38,-0.33799584890529194,0.14173068030028627,1.3496283983026232,False,0.22032747908650374,0.13218552702391756,0.26554345278888897,0.3695003882464124
6.39,-0.3839627487053451,0.11044205319988752,1.3215513017743046,False,0.21648785159945036,0.13328994755591642,0.27875896580663173,0.3772794203600131
6.4,-0.42441362052939186,0.08290806135153662,1.2035354509314138,False,0.21224371539415615,0.13411902816943183,0.29079432031594665,0.3841830880835878
6.41,-0.46001038773455305,0.05867814852498783,1.0859186981219702,False,0.2076436115168107,0.1347058096546817,0.3016535072971661,0.3902004139197561
6.42,-0.4814173666718276,0.014150063054026482,0.9806558193541476,False,0.20282943785009253,0.13484731028522198,0.31146006549070737,0.3953870892495343
6.43,-0.5002555081366292,-0.025034652160419505,0.8511817452161907,False,0.19782688276872634,0.1345969637636178,0.3199718829428691,0.39954201790848126
6.44,-0.46735670486850583,-0.059517201549131975,0.65979022916413,False,0.19315331572004096,0.13400179174812643,0.32656978523451086,0.40238353370070773
6.45,-0.3657069690316156,-0.06886819989437365,0.46049994328129046,False,0.1894962460297249,0.1333131097491827,0.33117478466732364,0.40417564311794424
6.46,-0.2762552014951522,-0.06475174975329974,0.26465264693972246,False,0.18673369401477344,0.13266559225164973,0.3338213111367208,0.40485342979518324
6.47,-0.1975376460630644,-0.0611292736291547,0.07955060102803196,False,0.18475831755414285,0.1320542995153582,0.3346168171470011,0.4044037441017565
6.48,-0.12462566286440303,-0.07028682332479365,-0.08333919937425568,False,0.18351206092549874,0.13135143128211021,0.3337834251532585,0.402915934050794
6.49,-0.060463117649581025,-0.09393150826416612,-0.21392579859715818,False,0.18290742974900295,0.13041211619946858,0.33164416716728695,0.4005624814246755
6.5,-0.00400007786053766,-0.13422731611613756,-0.32884200591331236,False,0.18286742897039757,0.12906984303830724,0.3283557471081539,0.3973877421601358
6.51,0.05046463622302698,-0.16968762702587242,-0.19658457171013233,False,0.18337207533262784,0.12737296676804855,0.3263899013910526,0.39544855342402047
6.52,0.09839358461656386,-0.2008927006264391,0.01664333704970669,False,0.18435601117879347,0.1253640397617842,0.32655633476154966,0.395401468252265
6.53,0.14057105920287633,-0.22701930014254057,0.25092810645054514,False,0.1857617217708223,0.12309384676035864,0.32906561582605526,0.3974213027814489
6.54,0.13006514427846602,-0.18550499955340546,0.45709870352328297,False,0.18706237321360694,0.12123879676482463,0.333636602861288,0.40125373528742386
6.55,0.12081993914498496,-0.14897241503496655,0.6385288289472922,False,0.18827057260505675,0.119749072614475,0.34002189115076076,0.4066946463414567
6.56,0.11268415862752162,-0.11682374065874031,0.8264346118618469,False,0.18939741419133194,0.11858083520788762,0.3482862372693791,0.4138068366426845
6.57,0.1626536815172655,-0.15303861537096564,0.8018456809893162,False,0.1910239510065047,0.11705044905417786,0.3563046940792728,0.4208847734295509
6.58,0.20662686166024014,-0.08523926980696309,0.7494814984413543,False,0.19309021962310707,0.11619805635610825,0.3637995090636862,0.427943809407282
6.59,0.2856516423895422,-0.10054628437042883,0.6990445110400795,False,0.19594673604700244,0.11519259351240398,0.37078995417408683,0.43491337882848463
6.6,0.31486506722784363,-0.0975792663870494,0.6546599621269577,False,0.19909538671928081,0.1142168008485335,0.37733655379535624,0.4416642677862103
6.61,0.3208661471135175,-0.10110098771106238,0.6156015590834104,False,0.2023040481904162,0.1132057909714228,0.38349256938619075,0.4481172054252303
6.62,0.2889395978821716,-0.09806740532680693,0.5368542286322562,False,0.20519344416923785,0.11222511691815476,0.3888611116725132,0.45377504401246044
6.63,0.2809205260440091,-0.09539785282866213,0.5119325136080731,False,0.2080026494296779,0.11127113838986816,0.3939804368085938,0.4592025184994449
6.64,0.273863742826426,-0.0930486466302947,0.47905544491202307,False,0.21074128685794208,0.11034065192356524,0.3987709912577139,0.4643331270996272
6.65,0.2676537735949529,-0.054635377120874684,0.45012362445949905,False,0.21341782459389178,0.10979429815235645,0.40327222750230923,0.46928716713312324
6.66,0.26052125480209093,-0.020831699952585058,0.4246636224612779,False,0.21602303714191262,0.1095859811528306,0.4075188637269219,0.47407453436619673
6.67,0.25591238413353806,-0.012348134186370402,0.4022588207028433,False,0.21858216098324795,0.1094624998109669,0.41154145193395025,0.47867166891813884
6.68,0.25018883207604586,-0.004882596312101503,0.38254259515542083,False,0.22108404930400835,0.10941367384784588,0.41536687788550436,0.48309331616768564
6.69,0.22585586927120935,0.008077671104071277,0.3454508271396409,False,0.2233426079967206,0.1094944505588866,0.418821386156901,0.48711631952990164
6.7,0.2044428620029532,0.019482706430303323,0.31491656350528374,False,0.22538703661675008,0.10968927762318963,0.4219705517919538,0.49080566467796943
6.71,0.1854328670005423,0.029519137517387523,0.2873246314903545,False,0.22724136528675545,0.10998446899836349,0.4248437981068573,0.49419376190731173
6.72,0.168166962390187,0.03835119687402162,0.263328851017717,False,0.2289230349106573,0.1103679809671037,0.42747708661703443,0.497316304496493
6.73,0.15351007534130803,0.04484062175246939,0.24221256420179604,False,0.23045813566407047,0.11081638718462841,0.42989921225905253,0.500204514837048
6.74,0.14007490573006087,0.05055131564550342,0.22406689211998024,False,0.23185888472137106,0.11132190034108344,0.43213988118025226,0.5028876463249725
6.75,0.12825195647216336,0.05554883283022363,0.20820704920164396,False,0.23314140428609267,0.11187738866938567,0.4342219516722687,0.5053911038018438
6.76,0.11778084761136476,0.05994664795277742,0.19425038743350803,False,0.2343192127622063,0.11247685514891342,0.4361644555466037,0.5077361211258807
6.77,0.10856627181386198,0.06345085708487755,0.18217173506494116,False,0.2354048754803449,0.11311136371976219,0.4379861728972531,0.5099426670240915
6.78,0.10023895505768683,0.06653426442593377,0.1716607387944707,False,0.23640726503092183,0.11377670636402157,0.43970278028519794,0.5120274102633358
6.79,0.09312940636662541,0.06739450831526955,0.1626800515816107,False,0.23733855909458806,0.11445065144717424,0.44132958080101403,0.514004223854023
6.8,0.08657624490087103,0.06815152293788505,0.15618154427361255,True,0.0,0.0,0.0,0.0
6.81,0.08080946281100718,0.06881769580578669,0.1504628578425742,True,0.0,0.0,0.0,0.0
6.82,0.07470732918912547,0.06872090996110009,0.1440259163439418,True,0.0,0.0,0.0,0.0
6.83,0.06933745160186956,0.06817173887619521,0.13886338019312808,True,0.0,0.0,0.0,0.0
6.84,0.06461195932508437,0.06768846832147891,0.1331869577768997,True,0.0,0.0,0.0,0.0
6.85,0.060453526121513404,0.06726319023332858,0.12819170605061875,True,0.0,0.0,0.0,0.0
6.86,0.056794104902370954,0.06685489316051724,0.12492927513500379,True,0.0,0.0,0.0,0.0
6.87,0.05396759949940763,0.06625537179880125,0.12205833592926263,True,0.0,0.0,0.0,0.0
6.88,0.05181122577927581,0.06572779300049118,0.11891740393569289,True,0.0,0.0,0.0,0.0
6.89,0.04991361690555981,0.06463358942863454,0.1170351626601089,True,0.0,0.0,0.0,0.0
6.9,0.04797978057133509,0.0628892511608509,0.11627469972165345,True,0.0,0.0,0.0,0.0
6.91,0.046278004597217336,0.06135423348520129,0.11560549233581267,True,0.0,0.0,0.0,0.0
6.92,0.04344914825385581,0.06000341793062964,0.11534006256961611,True,0.0,0.0,0.0,0.0
6.93,0.04009010588941867,0.05705618266979351,0.11510648437536312,True,0.0,0.0,0.0,0.0
6.94,0.036552150059005056,0.054462615640257714,0.1149009355644205,True,0.0,0.0,0.0,0.0
6.95,0.03343874892824108,0.05218027665426622,0.11376588696344885,True,0.0,0.0,0.0,0.0
6.96,0.03069895593316878,0.050171818346593705,0.11276704419459378,True,0.0,0.0,0.0,0.0
6.97,0.028925553661767578,0.048950861944590446,0.11172338532066961,True,0.0,0.0,0.0,0.0
6.98,0.02736495966293452,0.047876420310827575,0.11080496551161634,True,0.0,0.0,0.0,0.0
6.99,0.025991636943961432,0.047414988690115116,0.10990282395217463,True,0.0,0.0,0.0,0.0
7.0,0.024690251891914282,0.047008928863888154,0.10803174839702236,True,0.0,0.0,0.0,0.0
7.01,0.023299171600925473,0.04607024066528081,0.10638520190848835,True,0.0,0.0,0.0,0.0
7.02,0.022075020944855323,0.044944753731401714,0.10493624099857843,True,0.0,0.0,0.0,0.0
7.03,0.021243629812700907,0.04364628314152081,0.10490132109955477,True,0.0,0.0,0.0,0.0
7.04,0.02051200561640502,0.04246772834729285,0.10504795112766493,True,0.0,0.0,0.0,0.0
7.05,0.019510828417177557,0.041115300343754164,0.10517698555240187,True,0.0,0.0,0.0,0.0
7.06,0.01862979248185739,0.03992516370064012,0.10529053584617039,True,0.0,0.0,0.0,0.0
7.07,0.017854480858775643,0.03922904391445061,0.1053788947631555,True,0.0,0.0,0.0,0.0
7.08,0.017172206630463704,0.038265258042852995,0.10545665061010238,True,0.0,0.0,0.0,0.0
7.09,0.017337160653838786,0.03741712647584709,0.10552507575541564,True,0.0,0.0,0.0,0.0
7.1,0.017482320194408856,0.03723422479522213,0.10529244654002805,True,0.0,0.0,0.0,0.0
7.11,0.017707722634280682,0.03627413365220381,0.10558906102740259,True,0.0,0.0,0.0,0.0
7.12,0.017906076781367887,0.035429253446347696,0.10585008177629218,True,0.0,0.0,0.0,0.0
7.13,0.01741067233864837,0.034685758865194316,0.10585853111052888,True,0.0,0.0,0.0,0.0
7.14,0.016972482457774284,0.03424143362017661,0.1055790576898813,True,0.0,0.0,0.0,0.0
7.15,0.016589109333885996,0.03284694582072137,0.10559250389808583,True,0.0,0.0,0.0,0.0
7.16,0.016249507013583398,0.032445929519745544,0.10534495374293142,True,0.0,0.0,0.0,0.0
7.17,0.015497633640823995,0.03209303517488682,0.10512710960639553,True,0.0,0.0,0.0,0.0
7.18,0.014690265821348355,0.031782488151411145,0.10519478958461836,True,0.0,0.0,0.0,0.0
7.19,0.013869535438461093,0.03145534823587154,0.10525434796545445,True,0.0,0.0,0.0,0.0
7.2,0.013147292701520302,0.031167465110196687,0.10563066603906805,True,0.0,0.0,0.0,0.0
7.21,0.012621965794761106,0.03042617861638534,0.10600239852990963,True,0.0,0.0,0.0,0.0
7.22,0.012258362204931225,0.029773846501831354,0.10628895053578861,True,0.0,0.0,0.0,0.0
7.23,0.012309365909029878,0.029199794241023848,0.10681426066745113,True,0.0,0.0,0.0,0.0
7.24,0.012429903451008322,0.02869462825151324,0.10727653358331414,True,0.0,0.0,0.0,0.0
7.25,0.012535976487949352,0.02825008218074391,0.10761367839684405,True,0.0,0.0,0.0,0.0
7.26,0.012629320760457459,0.027841091261728443,0.10769700752725966,True,0.0,0.0,0.0,0.0
7.27,0.012924895760406115,0.02739956131373973,0.1079836954675161,True,0.0,0.0,0.0,0.0
7.28,0.012408643385872348,0.027011014959509666,0.10774576193359196,True,0.0,0.0,0.0,0.0
7.29,0.011954341296282634,0.02620441603440411,0.10753638042373873,True,0.0,0.0,0.0,0.0
7.3,0.011287560153737502,0.02549460898031122,0.10793815488047752,True,0.0,0.0,0.0,0.0
7.31,0.011744146426492554,0.024608390680341614,0.10851492967724005,True,0.0,0.0,0.0,0.0
7.32,0.011102588668322231,0.02382851857636836,0.10903698711421812,True,0.0,0.0,0.0,0.0
7.33,0.01161367561922108,0.02276156355516562,0.10984326765714998,True,0.0,0.0,0.0,0.0
7.34,0.011899871832111754,0.021794180690204723,0.11055279453493001,True,0.0,0.0,0.0,0.0
7.35,0.012151724499455547,0.020942883769039133,0.11117717818737645,True,0.0,0.0,0.0,0.0
7.36,0.011646098908997926,0.020193742478413417,0.11166573933257748,True,0.0,0.0,0.0,0.0
7.37,0.011201148389395219,0.019035538691814492,0.11209567314035439,True,0.0,0.0,0.0,0.0
7.38,0.010770155318997075,0.01801631935960744,0.11247401489119807,True,0.0,0.0,0.0,0.0
7.39,0.010390881417046709,0.01649744185694069,0.1114336975542188,True,0.0,0.0,0.0,0.0
7.4,0.010057120383330388,0.015160829654593947,0.11046608064565794,True,0.0,0.0,0.0,0.0
7.41,0.009639930381928157,0.014606575406853358,0.1100128802781247,True,0.0,0.0,0.0,0.0
7.42,0.009396283472426062,0.014203309196535412,0.10945760484439084,True,0.0,0.0,0.0,0.0
7.43,0.009220527167169219,0.01419596943705389,0.10874164932854401,True,0.0,0.0,0.0,0.0
7.44,0.007747033735163256,0.014189510448710151,0.10833892160875983,True,0.0,0.0,0.0,0.0
7.45,0.007917997894107822,0.014064659473119898,0.1081168129173468,True,0.0,0.0,0.0,0.0
7.46,0.009753557043528916,0.014073957680448237,0.10792135726890335,True,0.0,0.0,0.0,0.0
7.47,0.009683738405469603,0.014082140102897177,0.10774935629827312,True,0.0,0.0,0.0,0.0
7.48,0.011441243560248424,0.014396915917754612,0.10759799544411851,True,0.0,0.0,0.0,0.0
7.49,0.012987848096453786,0.018361499500283,0.10875435924991338,True,0.0,0.0,0.0,0.0
7.5,0.014907912470665887,0.02185033305290798,0.11765785907222089,True,0.0,0.0,0.0,0.0
7.51,0.007466467756931165,0.02492050657921796,0.11723776072171077,True,0.0,0.0,0.0,0.0
7.52,0.005483547090365295,0.027867846881106936,0.12099566327033223,True,0.0,0.0,0.0,0.0
7.53,-0.000826973777733356,0.030215918748033043,0.1284302066101895,True,0.0,0.0,0.0,0.0
