time_seconds,world_acc_x,world_acc_y,world_acc_z,linear_acc_x,linear_acc_y,linear_acc_z
0.019504,2.305616,8.439561,3.306392,2.305616,8.439561,-6.500257999999999
0.024202,2.5187,8.355764,3.292027,2.5187,8.355764,-6.514622999999999
0.039519,3.174711,8.394072,3.409343,3.174711,8.394072,-6.397307
0.059027,0.14965084560289177,-0.247846951121239,9.708145147203467,0.14965084560289177,-0.247846951121239,-0.0985048527965322
0.078503,-0.09556543347774574,-0.16553280907731002,9.778864520630666,-0.09556543347774574,-0.16553280907731002,-0.027785479369333288
0.09817,-0.15211181747377694,0.028855508030420723,9.776140116604873,-0.15211181747377694,0.028855508030420723,-0.03050988339512628
0.118543,-0.17943941890991202,0.009144060183486166,9.76023504582311,-0.17943941890991202,0.009144060183486166,-0.04641495417688901
0.138369,-0.22435813671244983,-0.16070084551392236,9.80798852311584,-0.22435813671244983,-0.16070084551392236,0.0013385231158409283
0.158983,-0.21983824540723446,-0.32440186231476303,9.908405912071627,-0.21983824540723446,-0.32440186231476303,0.10175591207162782
0.178772,-0.12438332990496993,-0.34036290843827816,9.884695653419643,-0.12438332990496993,-0.34036290843827816,0.0780456534196432
0.198839,-0.13296787270677501,-0.07262861889215368,9.795926048556698,-0.13296787270677501,-0.07262861889215368,-0.010723951443301516
0.2189,-0.014790211788296388,0.09501558487268202,9.703088429129178,-0.014790211788296388,0.09501558487268202,-0.10356157087082174
0.239016,0.18379835041899925,0.02963400723018569,9.789522922789995,0.18379835041899925,0.02963400723018569,-0.01712707721000406
0.259049,0.16078635901923316,-0.06791257865470363,9.786292324938122,0.16078635901923316,-0.06791257865470363,-0.020357675061877245
0.279679,0.29384914421251884,-0.05768939339224413,9.68142639106664,0.29384914421251884,-0.05768939339224413,-0.12522360893335893
0.299294,0.06004968979508697,0.26492849588691963,9.698651047087093,0.06004968979508697,0.26492849588691963,-0.10799895291290618
0.319242,0.1545274970721563,0.17105277646681755,9.60597801004898,0.1545274970721563,0.17105277646681755,-0.20067198995101876
0.339171,0.09571707522752158,0.10517842165877955,9.705802897828093,0.09571707522752158,0.10517842165877955,-0.1008471021719064
0.35978,0.07151727745398642,-0.061053817943918745,9.812671354933528,0.07151727745398642,-0.061053817943918745,0.0060213549335284
0.379354,0.10994081668820539,-0.23382183897969325,9.911028119067318,0.10994081668820539,-0.23382183897969325,0.10437811906731831
0.399492,0.05827036630797729,-0.09599129319756296,9.847181601156526,0.05827036630797729,-0.09599129319756296,0.040531601156526875
0.419252,0.22979255267283122,0.04131214839608754,9.745797450750505,0.22979255267283122,0.04131214839608754,-0.06085254924949446
0.439625,0.3186888310078009,0.23027021654414556,9.813087116327084,0.3186888310078009,0.23027021654414556,0.00643711632708488
0.459704,0.276018311232649,0.09011269802116678,9.798104259607808,0.276018311232649,0.09011269802116678,-0.008545740392191803
0.480025,0.05688512187841587,0.00034782935712604376,9.654682180940275,0.05688512187841587,0.00034782935712604376,-0.151967819059724
0.500253,-0.08667250495118789,0.14206585906525857,9.40445516077149,-0.08667250495118789,0.14206585906525857,-0.4021948392285086
0.52,-0.09260914384055813,0.03582334999010117,9.570903850925033,-0.09260914384055813,0.03582334999010117,-0.23574614907496638
0.539647,0.18178787107915806,-0.18052104030502883,9.669122513979989,0.18178787107915806,-0.18052104030502883,-0.13752748602001041
0.560247,0.14635573724679113,-0.10894774911742713,9.739720601924532,0.14635573724679113,-0.10894774911742713,-0.06692939807546772
0.579919,-0.1048128432541772,0.09033366062750796,9.529504323262392,-0.1048128432541772,0.09033366062750796,-0.27714567673760726
0.600047,-0.16856400404306005,0.1839596782992995,9.578449740811402,-0.16856400404306005,0.1839596782992995,-0.228200259188597
0.619793,-0.13055815647843147,0.07549885415880166,9.703201861581706,-0.13055815647843147,0.07549885415880166,-0.10344813841829392
0.640071,-0.14819370685966338,-0.09812512913653429,9.834572168904964,-0.14819370685966338,-0.09812512913653429,0.027922168904964906
0.660458,-0.03867269800633905,-0.10938910865499929,9.90549071891088,-0.03867269800633905,-0.10938910865499929,0.0988407189108802
0.680539,0.016286390068366012,-0.08551592418546179,9.928464732087699,0.016286390068366012,-0.08551592418546179,0.12181473208769944
0.700175,-0.07554854290626999,-0.12712490659974454,9.864531568686457,-0.07554854290626999,-0.12712490659974454,0.057881568686457996
0.720824,-0.155073085367359,0.04164410898766032,9.765726335269603,-0.155073085367359,0.04164410898766032,-0.040923664730396325
0.740352,-0.09491494211107619,0.22517298163273441,9.715198366180672,-0.09491494211107619,0.22517298163273441,-0.09145163381932697
0.760819,-0.039058496067107,0.13954338029640698,9.706579908177721,-0.039058496067107,0.13954338029640698,-0.10007009182227833
0.780709,-0.03675130599726759,-0.003932957071018952,9.801337402885649,-0.03675130599726759,-0.003932957071018952,-0.005312597114350837
0.800475,-0.04330684057528011,-0.09478063514803106,9.812398453522887,-0.04330684057528011,-0.09478063514803106,0.005748453522887331
0.820665,-0.040752843048385085,-0.07702689488552784,9.829562561533335,-0.040752843048385085,-0.07702689488552784,0.022912561533335207
0.8409,-0.205624859133787,0.02363828186596007,9.793836240369432,-0.205624859133787,0.02363828186596007,-0.012813759630567745
0.861094,-0.13408554821993887,0.0035448978298396267,9.656341518586164,-0.13408554821993887,0.0035448978298396267,-0.1503084814138358
0.880796,-0.0389076434236947,0.11343229622021503,9.606071737212273,-0.0389076434236947,0.11343229622021503,-0.20057826278772595
0.900932,0.08010888286007227,0.17420592781718447,9.655877632187625,0.08010888286007227,0.17420592781718447,-0.15077236781237424
0.921063,0.26613484347322375,0.21498316735121184,9.601237066549242,0.26613484347322375,0.21498316735121184,-0.2054129334507575
0.941355,0.04482668784389241,0.10962983938971002,9.731255466792161,0.04482668784389241,0.10962983938971002,-0.07539453320783807
0.961227,-0.16034400424936476,-0.04667245383163127,9.678632637260575,-0.16034400424936476,-0.04667245383163127,-0.1280173627394241
0.981014,-0.1096841193864418,0.015256026913441873,9.618902924520615,-0.1096841193864418,0.015256026913441873,-0.1877470754793844
1.001414,0.18116191478885804,0.20078779636110958,9.611142829441068,0.18116191478885804,0.20078779636110958,-0.19550717055893152
1.020894,0.2145619552137619,0.07386086095727996,9.737984182474909,0.2145619552137619,0.07386086095727996,-0.06866581752509049
1.041316,-0.18458697838508425,-0.17194861496195535,9.745191396589002,-0.18458697838508425,-0.17194861496195535,-0.061458603410997625
1.06126,-0.3243238723801896,-0.1467892222516964,9.659420946538207,-0.3243238723801896,-0.1467892222516964,-0.1472290534617926
1.081562,-0.2340915234658247,-0.007965070073171175,9.595497427760595,-0.2340915234658247,-0.007965070073171175,-0.21115257223940453
1.101316,-0.15540475289579103,0.021116679951673923,9.59236496030542,-0.15540475289579103,0.021116679951673923,-0.21428503969457857
1.121519,-0.15523583261738938,-0.16606987419750927,9.808370957070123,-0.15523583261738938,-0.16606987419750927,0.001720957070123319
1.141454,-0.12827357059418756,-0.24953693713714456,9.74767474627094,-0.12827357059418756,-0.24953693713714456,-0.05897525372905932
1.162623,-0.101615606972633,-0.001362153505812846,9.673653762532563,-0.101615606972633,-0.001362153505812846,-0.13299623746743627
1.181554,-0.09673515029669233,0.03047551812199614,9.662713279039501,-0.09673515029669233,0.03047551812199614,-0.14393672096049848
1.201809,-0.11264963195811761,-0.028611620067628962,9.785801506869726,-0.11264963195811761,-0.028611620067628962,-0.020848493130273482
1.221686,-0.003245622528672394,-0.07968270658417036,9.842220055675183,-0.003245622528672394,-0.07968270658417036,0.035570055675183454
1.241835,0.002025563513588531,-0.017746745303205302,9.788100160399342,0.002025563513588531,-0.017746745303205302,-0.01854983960065759
1.261915,-0.00936988165973677,0.06110438008492077,9.755573543199505,-0.00936988165973677,0.06110438008492077,-0.05107645680049444
1.282155,-0.011284396352558667,-0.06498086583676796,9.843780421291003,-0.011284396352558667,-0.06498086583676796,0.0371304212910033
1.301881,0.052104736928673644,-0.17293004298249948,9.904900969559295,0.052104736928673644,-0.17293004298249948,0.09825096955929524
1.32203,-0.04200947017004008,0.012938409972347895,9.75051629447679,-0.04200947017004008,0.012938409972347895,-0.05613370552320873
1.341766,0.05223447057661035,0.15065536863921838,9.713910777364273,0.05223447057661035,0.15065536863921838,-0.09273922263572665
1.362681,0.0369157358697651,0.011989562179932748,9.822879339124343,0.0369157358697651,0.011989562179932748,0.016229339124343767
1.38255,-0.05723745211603186,-0.022174727686709285,9.731404686999783,-0.05723745211603186,-0.022174727686709285,-0.07524531300021664
1.402315,-0.09390098158287757,-0.0067223764609385265,9.724433327128192,-0.09390098158287757,-0.0067223764609385265,-0.082216672871807
1.422201,-0.15458354154950124,-0.03217640007301791,9.7667409877532,-0.15458354154950124,-0.03217640007301791,-0.03990901224679888
1.442222,0.12864841431334562,0.007955997303330171,9.675606190203151,0.12864841431334562,0.007955997303330171,-0.13104380979684827
1.462659,-0.006832577606711653,0.07968724287871994,9.620982973188166,-0.006832577606711653,0.07968724287871994,-0.18566702681183322
1.482903,-0.012543835929670339,0.006196607026407653,9.64018397502011,-0.012543835929670339,0.006196607026407653,-0.16646602497988994
1.50249,-0.03777946853919645,-0.03221638612293902,9.727034810132432,-0.03777946853919645,-0.03221638612293902,-0.07961518986756744
1.522395,-0.05327132488049882,-0.12115544969001717,9.791917307130502,-0.05327132488049882,-0.12115544969001717,-0.0147326928694973
1.542577,0.005245181365852854,-0.017822912642456428,9.773438607338893,0.005245181365852854,-0.017822912642456428,-0.03321139266110684
1.562633,0.14247305744616812,0.013259019895969332,9.757728089647422,0.14247305744616812,0.013259019895969332,-0.048921910352577314
1.58268,-0.012858826043880549,0.06291442752943038,9.725864591818478,-0.012858826043880549,0.06291442752943038,-0.08078540818152113
1.603135,0.05016378400724173,-0.03394359112704386,9.745066039565689,0.05016378400724173,-0.03394359112704386,-0.06158396043431047
1.622812,0.04352770932134718,-0.07068376508773447,9.786641659459452,0.04352770932134718,-0.07068376508773447,-0.020008340540547565
1.642685,0.1793089794935086,-0.09032036122315062,9.861536886338891,0.1793089794935086,-0.09032036122315062,0.05488688633889183
1.662978,-0.012896868454818945,-0.017294860556283286,9.779721826323458,-0.012896868454818945,-0.017294860556283286,-0.026928173676541434
1.683201,-0.16750532697394324,0.2051052698601964,9.630000938272898,-0.16750532697394324,0.2051052698601964,-0.17664906172710104
1.703184,-0.06870945024549517,0.0758507999881635,9.65319985501021,-0.06870945024549517,0.0758507999881635,-0.15345014498979026
1.723076,0.06405207968969416,-0.029508042621081376,9.736092144213412,0.06405207968969416,-0.029508042621081376,-0.07055785578658735
1.742976,0.03682325873315623,-0.014426204304118648,9.746955024754941,0.03682325873315623,-0.014426204304118648,-0.0596949752450584
1.763745,-0.00032016229145754243,0.03669400834894721,9.71448383310042,-0.00032016229145754243,0.03669400834894721,-0.09216616689957924
1.783477,0.003291111354128398,0.03087994600444748,9.662428465105956,0.003291111354128398,0.03087994600444748,-0.14422153489404366
1.803384,-0.05834065772104306,-0.0034385711923272167,9.66831986145229,-0.05834065772104306,-0.0034385711923272167,-0.13833013854771004
1.823738,-0.07400945519783467,0.09669802175648544,9.663925756076344,-0.07400945519783467,0.09669802175648544,-0.1427242439236558
1.843576,-0.01819361611284643,-0.013170770665245125,9.704101992043872,-0.01819361611284643,-0.013170770665245125,-0.10254800795612695
1.86401,-0.048043632728293144,-0.08398597619404831,9.669700640741677,-0.048043632728293144,-0.08398597619404831,-0.1369493592583222
1.883923,0.033607916934295226,-0.11150280535906938,9.738310557909799,0.033607916934295226,-0.11150280535906938,-0.06833944209020082
1.903773,0.03829779336640988,-0.041347890462241285,9.82956211239217,0.03829779336640988,-0.041347890462241285,0.02291211239217006
1.923819,0.05236288917402539,0.12532645358998298,9.78928717330005,0.05236288917402539,0.12532645358998298,-0.017362826699949707
1.943644,-0.05556893225080591,0.18330411727740595,9.688928312984656,-0.05556893225080591,0.18330411727740595,-0.11772168701534369
1.964179,0.08664030811541154,0.012931015052729986,9.771863181934467,0.08664030811541154,0.012931015052729986,-0.03478681806553219
1.984461,0.0528377838830581,0.056460403817865865,9.778085026092992,0.0528377838830581,0.056460403817865865,-0.02856497390700774
2.00418,0.19588809527210907,-0.13549236083353963,9.908219560574919,0.19588809527210907,-0.13549236083353963,0.10156956057491939
2.02386,0.029890691662921253,-0.19303192944983183,9.844184118831475,0.029890691662921253,-0.19303192944983183,0.03753411883147528
2.044552,-0.06486134291744045,0.057743329235371205,9.766007147724846,-0.06486134291744045,0.057743329235371205,-0.04064285227515363
2.064526,-0.2174276551154921,0.08970895781974728,9.636722791177968,-0.2174276551154921,0.08970895781974728,-0.16992720882203116
2.084638,-0.17723152496474137,0.07077362404109827,9.671210349542232,-0.17723152496474137,0.07077362404109827,-0.1354396504577675
2.10515,0.08914636242325494,-0.1998812655343727,9.83386163861461,0.08914636242325494,-0.1998812655343727,0.02721163861461129
2.12441,0.10404029594285606,-0.1448151714560118,9.907071593968489,0.10404029594285606,-0.1448151714560118,0.10042159396848938
2.144117,0.029228873207670307,-0.07771624051604248,9.796498704569919,0.029228873207670307,-0.07771624051604248,-0.010151295430080864
2.165205,-0.1519781636277532,0.08651871317869896,9.68889678912678,-0.1519781636277532,0.08651871317869896,-0.11775321087321977
2.184633,-0.10525419665490307,0.08536507607835238,9.616704415565328,-0.10525419665490307,0.08536507607835238,-0.18994558443467113
2.205434,0.007683999037264226,0.06340544112733168,9.6286024315989,0.007683999037264226,0.06340544112733168,-0.1780475684010998
2.224349,0.02561033201602977,0.05567567948767605,9.654471808883365,0.02561033201602977,0.05567567948767605,-0.15217819111663466
2.244632,0.09295859394870566,0.0820862352398232,9.691072348411,0.09295859394870566,0.0820862352398232,-0.11557765158899969
2.265494,0.20205826852239275,0.08087445011629467,9.678579300854754,0.20205826852239275,0.08087445011629467,-0.12807069914524583
2.285127,-0.034951086414735946,0.15262901899347678,9.622741316661564,-0.034951086414735946,0.15262901899347678,-0.18390868333843535
2.304922,-0.1285713366957487,0.16984718045413788,9.573953717273605,-0.1285713366957487,0.16984718045413788,-0.2326962827263941
2.324827,-0.036041691890635566,0.0476178687083848,9.742189643273598,-0.036041691890635566,0.0476178687083848,-0.06446035672640171
2.344905,0.12433667578454922,-0.12568317720365627,9.81411835669052,0.12433667578454922,-0.12568317720365627,0.007468356690520039
2.365861,0.1370546524240437,-0.014243263391894037,9.71534774950006,0.1370546524240437,-0.014243263391894037,-0.09130225049993967
2.385159,0.15656183458346107,0.2172469724895951,9.670435952192694,0.15656183458346107,0.2172469724895951,-0.1362140478073055
2.405466,0.048185382226643814,0.14853326405263947,9.664333342079555,0.048185382226643814,0.14853326405263947,-0.14231665792044446
2.425126,-0.04561784372335698,0.017149654076216447,9.68752910714575,-0.04561784372335698,0.017149654076216447,-0.11912089285424976
2.445461,-0.07088353655491134,-0.0021616803100270453,9.723476048214225,-0.07088353655491134,-0.0021616803100270453,-0.08317395178577414
2.466277,-0.09373929751173507,-0.12950315818297048,9.788263845132784,-0.09373929751173507,-0.12950315818297048,-0.01838615486721551
2.486457,-0.06856367167365911,-0.14038455526647473,9.736861186210177,-0.06856367167365911,-0.14038455526647473,-0.06978881378982216
2.505572,0.08040147661243542,0.24784985958672753,9.426967413568077,0.08040147661243542,0.24784985958672753,-0.37968258643192243
2.525717,0.11973847915474888,0.3864542476136644,9.425859824565187,0.11973847915474888,0.3864542476136644,-0.38079017543481264
2.54556,-0.0702624196401472,-0.1171411070789634,9.633679027050755,-0.0702624196401472,-0.1171411070789634,-0.17297097294924413
2.566577,0.009978002861508522,-0.23599294993439385,9.608661469439754,0.009978002861508522,-0.23599294993439385,-0.19798853056024512
2.585897,0.5724762941068074,0.5769511527359121,9.187081999358906,0.5724762941068074,0.5769511527359121,-0.6195680006410935
2.605971,0.2914822689946572,0.719274452684446,9.009299593130768,0.2914822689946572,0.719274452684446,-0.7973504068692314
2.625848,-0.27990373238512456,0.06352370507724896,9.348003498045138,-0.27990373238512456,0.06352370507724896,-0.45864650195486156
2.645958,-0.31302387335159604,-0.10597928960820895,9.30923624654902,-0.31302387335159604,-0.10597928960820895,-0.4974137534509797
2.667067,-0.11662076472163514,0.2275201591124911,9.004432875078871,-0.11662076472163514,0.2275201591124911,-0.8022171249211283
2.686536,-0.0446158944691696,0.06251245091421506,9.226279946653875,-0.0446158944691696,0.06251245091421506,-0.5803700533461242
2.70665,-0.30278419471966495,-0.15097812744441558,9.212094771444894,-0.30278419471966495,-0.15097812744441558,-0.5945552285551052
2.726243,-0.14243290141010542,-0.2931671788423553,9.298418929609511,-0.14243290141010542,-0.2931671788423553,-0.5082310703904884
2.746293,-0.16661623454649488,0.6542009914169031,8.268173394145812,-0.16661623454649488,0.6542009914169031,-1.5384766058541874
2.767323,-0.6094508013433877,1.2508888355172012,7.7691611218701295,-0.6094508013433877,1.2508888355172012,-2.03748887812987
2.786773,0.09692699499133169,-0.577369525541119,9.107308437765209,0.09692699499133169,-0.577369525541119,-0.6993415622347907
2.806488,-0.47469030254284167,-1.4507677635838627,9.783747476110607,-0.47469030254284167,-1.4507677635838627,-0.022902523889392512
2.826537,-1.23854203168372,-0.06509029974457023,8.27766522456169,-1.23854203168372,-0.06509029974457023,-1.5289847754383086
2.84661,-1.1636420604492452,0.8314685228672078,7.745066722992092,-1.1636420604492452,0.8314685228672078,-2.061583277007907
2.867617,-0.09315271516611415,-1.1955809808216225,9.26945492805784,-0.09315271516611415,-1.1955809808216225,-0.5371950719421594
2.88698,-0.5331634156558728,-1.516870377552366,9.771907426262505,-0.5331634156558728,-1.516870377552366,-0.03474257373749445
2.90686,-1.351844824324243,-0.45167268540804406,8.399687390885749,-1.351844824324243,-0.45167268540804406,-1.4069626091142506
2.927203,-0.8883372603581553,-0.8281371702128876,9.40736595498762,-0.8883372603581553,-0.8281371702128876,-0.39928404501237935
2.946939,0.3249476310038293,-1.966607692618552,11.374303060020186,0.3249476310038293,-1.966607692618552,1.5676530600201861
2.967965,-0.05211109163721943,-1.408091960592331,10.506459310115545,-0.05211109163721943,-1.408091960592331,0.6998093101155458
2.987325,-0.8268079002395669,-0.49641799813533366,9.19220884480693,-0.8268079002395669,-0.49641799813533366,-0.6144411551930702
3.007331,-1.1317180187420184,-0.7360709096840465,9.216309332232536,-1.1317180187420184,-0.7360709096840465,-0.5903406677674639
3.027107,0.3308740866403451,-0.9689282308101883,11.522100092843099,0.3308740866403451,-0.9689282308101883,1.7154500928430991
3.047338,1.006661655629355,-1.0773719209389823,11.733945090566081,1.006661655629355,-1.0773719209389823,1.9272950905660817
3.067144,-0.07373686892647296,-0.4613237593993333,10.455370984770392,-0.07373686892647296,-0.4613237593993333,0.6487209847703923
3.087653,-0.9365934542355869,-0.3205056872563753,9.946851097732656,-0.9365934542355869,-0.3205056872563753,0.14020109773265688
3.107316,-0.13808059353069804,-0.3994034971527282,10.339812644201025,-0.13808059353069804,-0.3994034971527282,0.5331626442010258
3.127532,0.618909917451764,-0.3810398877933713,11.071775856421421,0.618909917451764,-0.3810398877933713,1.265125856421422
3.147868,0.049826974652360176,-0.47835808327812296,10.310405956755558,0.049826974652360176,-0.47835808327812296,0.5037559567555583
3.168677,-0.24463483902037994,-0.2443008130473005,9.628324135226643,-0.24463483902037994,-0.2443008130473005,-0.1783258647733561
3.187841,0.252006955054215,-0.4019344533508791,10.037526002152863,0.252006955054215,-0.4019344533508791,0.23087600215286308
3.207945,0.44631578450967535,-0.3413136982519203,10.991442538768744,0.44631578450967535,-0.3413136982519203,1.184792538768745
3.227707,0.2400312180368254,-0.40331124395959433,10.793992875315164,0.2400312180368254,-0.40331124395959433,0.9873428753151643
3.247898,-0.07300976051723579,-0.4136889474117597,10.05393424195029,-0.07300976051723579,-0.4136889474117597,0.24728424195029142
3.268939,-0.25505010297546465,-0.4650513347531136,9.909140952687451,-0.25505010297546465,-0.4650513347531136,0.10249095268745201
3.288356,0.05594219027147845,-0.3933935000856683,10.024879138635237,0.05594219027147845,-0.3933935000856683,0.21822913863523752
3.308004,0.4148023286310405,-0.2701075612395321,10.275254925720114,0.4148023286310405,-0.2701075612395321,0.4686049257201148
3.328079,0.21639796205538658,-0.23894278374038475,9.871437149821228,0.21639796205538658,-0.23894278374038475,0.06478714982122824
3.347953,0.001591743086953172,-0.21654432328779036,9.466702701913151,0.001591743086953172,-0.21654432328779036,-0.3399472980868481
3.369366,-0.0792710571931582,-0.29214880967789447,9.734402279473365,-0.0792710571931582,-0.29214880967789447,-0.07224772052663475
3.388375,0.11022445507002387,-0.33780702233017146,10.273790474542585,0.11022445507002387,-0.33780702233017146,0.46714047454258534
3.408556,0.2629758728708327,-0.3372236186358899,10.45418691140688,0.2629758728708327,-0.3372236186358899,0.6475369114068812
3.428181,0.05935700763197667,-0.32315034126267067,9.97325367415177,0.05935700763197667,-0.32315034126267067,0.16660367415177113
3.448519,-0.03954560084707359,-0.2587325653448956,9.544275262321896,-0.03954560084707359,-0.2587325653448956,-0.26237473767810293
3.468295,-0.017703544933545024,-0.1958303270749489,9.549713552942178,-0.017703544933545024,-0.1958303270749489,-0.2569364470578215
3.488567,0.2953146215234617,-0.07548011185554677,9.93301043062589,0.2953146215234617,-0.07548011185554677,0.12636043062589053
3.508526,0.04309079578761278,-0.1643889074829866,9.985242605041899,0.04309079578761278,-0.1643889074829866,0.17859260504189933
3.528673,-0.11654073661524762,-0.2518681718824163,9.715199430426264,-0.11654073661524762,-0.2518681718824163,-0.09145056957373576
3.548614,0.057652878975892996,-0.2015534414370419,9.649441750051642,0.057652878975892996,-0.2015534414370419,-0.1572082499483578
3.568882,-0.026622332643584216,-0.19871206638209216,9.86894958577187,-0.026622332643584216,-0.19871206638209216,0.062299585771871335
3.589136,0.021213839823013392,-0.18034281475744127,9.908281898907717,0.021213839823013392,-0.18034281475744127,0.1016318989077174
3.60905,0.04144748655664254,-0.1791889535901702,9.756310314359185,0.04144748655664254,-0.1791889535901702,-0.05033968564081448
3.628827,-0.09950597576022731,-0.18139411602895844,9.419179089830974,-0.09950597576022731,-0.18139411602895844,-0.387470910169025
3.649163,-0.06934027596310284,-0.1588445550173851,9.54881427704737,-0.06934027596310284,-0.1588445550173851,-0.25783572295262935
3.66884,-0.08912855750884614,-0.17584397385427253,9.8055586575712,-0.08912855750884614,-0.17584397385427253,-0.001091342428798825
3.689356,-0.02513303524208273,-0.18804212911730173,9.700325914057041,-0.02513303524208273,-0.18804212911730173,-0.10632408594295839
3.709156,0.026384022455310092,-0.06328998064516408,9.62311767958046,0.026384022455310092,-0.06328998064516408,-0.18353232041953937
3.729332,0.0569520033976355,-0.08920722820529363,9.712392155474104,0.0569520033976355,-0.08920722820529363,-0.09425784452589525
3.749289,-0.005366842538780959,-0.16447038120386312,9.936778995615674,-0.005366842538780959,-0.16447038120386312,0.13012899561567437
3.769361,-0.08799947107713312,-0.1614342656023732,9.926501512348676,-0.08799947107713312,-0.1614342656023732,0.11985151234867608
3.78949,0.07452090722289961,-0.06275030009021411,9.805036751419866,0.07452090722289961,-0.06275030009021411,-0.0016132485801332308
3.809853,0.04806806340941674,-0.09331348025915602,9.616194382603338,0.04806806340941674,-0.09331348025915602,-0.19045561739666184
3.829731,-0.11480756522393923,-0.14786706396331825,9.56066813616555,-0.11480756522393923,-0.14786706396331825,-0.24598186383444975
3.849662,-0.08080771269122641,-0.13713767201580676,9.805770360022088,-0.08080771269122641,-0.13713767201580676,-0.0008796399779118502
3.869644,0.22064682893571558,-0.04276840433245187,9.978908534243235,0.22064682893571558,-0.04276840433245187,0.17225853424323567
3.889785,0.1650533441144416,-0.005997238312407052,9.843635370523446,0.1650533441144416,-0.005997238312407052,0.03698537052344619
3.909749,-0.01248330216733416,-0.09345312254819652,9.730551577047931,-0.01248330216733416,-0.09345312254819652,-0.07609842295206803
3.929879,-0.10702491352427332,-0.13687517966604174,9.735213571143959,-0.10702491352427332,-0.13687517966604174,-0.07143642885604073
3.949891,0.07405809254702043,-0.057739049192259695,9.67887643141639,0.07405809254702043,-0.057739049192259695,-0.1277735685836099
3.970106,0.1321695771655798,-0.08737969551187172,9.710405031366978,0.1321695771655798,-0.08737969551187172,-0.09624496863302134
3.990234,0.05687051479548191,-0.14658849298489815,9.906199643059509,0.05687051479548191,-0.14658849298489815,0.09954964305950931
4.010059,0.06744841386716305,-0.17293019824241707,9.798915251801734,0.06744841386716305,-0.17293019824241707,-0.007734748198265251
4.030466,-0.08957726872953879,-0.1313446821470509,9.455381757509139,-0.08957726872953879,-0.1313446821470509,-0.3512682424908604
4.050009,-0.0528358630826769,-0.01784519581387944,9.436578696345867,-0.0528358630826769,-0.01784519581387944,-0.3700713036541323
4.070205,0.23802831656534063,0.04654109694583683,9.686325379108073,0.23802831656534063,0.04654109694583683,-0.12032462089192641
4.090497,0.15852839699249113,-0.03752017211367588,9.8720106048395,0.15852839699249113,-0.03752017211367588,0.06536060483950124
4.110405,-0.1600642357252817,-0.15793652019566506,9.836463494128779,-0.1600642357252817,-0.15793652019566506,0.02981349412877954
4.130463,-0.1692013636881141,-0.2234303448436985,9.622550903794384,-0.1692013636881141,-0.2234303448436985,-0.1840990962056157
4.150508,0.0667155247964821,-0.06641948445826668,9.4836987687915,0.0667155247964821,-0.06641948445826668,-0.3229512312084992
4.170591,0.24624317288991615,0.09924059043693294,9.705147692050225,0.24624317288991615,0.09924059043693294,-0.1015023079497741
4.190542,0.048555332781526725,-0.021046313425907084,9.862354570228685,0.048555332781526725,-0.021046313425907084,0.05570457022868602
4.210842,-0.2349041577268963,-0.07879058794690214,9.763171654976603,-0.2349041577268963,-0.07879058794690214,-0.04347834502339687
4.230451,-0.08623066005025806,-0.06615241005294387,9.638533423981082,-0.08623066005025806,-0.06615241005294387,-0.16811657601891739
4.251206,0.03957134276341907,-0.046468794790035337,9.834176334999066,0.03957134276341907,-0.046468794790035337,0.02752633499906665
4.270719,-0.016571541925309075,-0.11377341393591328,9.932512235131936,-0.016571541925309075,-0.11377341393591328,0.12586223513193673
4.290946,-0.16491656566977184,-0.14906327207561643,9.644059698071233,-0.16491656566977184,-0.14906327207561643,-0.16259030192876622
4.310805,-0.03096214378200542,-0.059888784255598224,9.706537141448221,-0.03096214378200542,-0.059888784255598224,-0.10011285855177832
4.330991,-0.027625326455905413,-0.12181753716736506,9.800762111274953,-0.027625326455905413,-0.12181753716736506,-0.005887888725046864
4.35104,-0.1064871749097911,-0.08738701134251568,9.53349526682619,-0.1064871749097911,-0.08738701134251568,-0.27315473317380956
4.371122,0.034061879057939184,0.009036091699714694,9.554829157857602,0.034061879057939184,0.009036091699714694,-0.2518208421423971
4.391215,0.14902921140722655,-0.01266627022398284,9.787693068994447,0.14902921140722655,-0.01266627022398284,-0.018956931005552846
4.411133,-0.011581183184299706,-0.06541063708397482,9.86776352032761,-0.011581183184299706,-0.06541063708397482,0.06111352032761097
4.431154,-0.18496840090341804,-0.1512018668295996,9.696959173490855,-0.18496840090341804,-0.1512018668295996,-0.1096908265091443
4.451549,0.06453039691906444,-0.04820608790002488,9.478281153659498,0.06453039691906444,-0.04820608790002488,-0.328368846340501
4.471648,0.053780453725806254,-0.003759587968294228,9.643326633608153,0.053780453725806254,-0.003759587968294228,-0.16332336639184675
4.491443,0.20735046938146504,0.01969003184452978,10.000998601890426,0.20735046938146504,0.01969003184452978,0.19434860189042702
4.511422,0.10445969391768081,-0.04994428415002583,9.970040711995683,0.10445969391768081,-0.04994428415002583,0.16339071199568345
4.531599,-0.15293978869000247,-0.12372802870644745,9.744194320990417,-0.15293978869000247,-0.12372802870644745,-0.06245567900958271
4.551494,-0.03682988870620986,-0.06557550832952386,9.607162319510127,-0.03682988870620986,-0.06557550832952386,-0.19948768048987198
4.571821,0.14989391822891274,0.021980703902537504,9.674602229753114,0.14989391822891274,0.021980703902537504,-0.13204777024688497
4.59176,0.2287566697109288,0.036720617846503406,9.773632376654431,0.2287566697109288,0.036720617846503406,-0.033017623345568126
4.611988,0.045378925682543876,0.01563916732445227,9.738971237799724,0.045378925682543876,0.01563916732445227,-0.06767876220027524
4.631779,-0.09173045799792412,-0.07233257266194151,9.687941880750556,-0.09173045799792412,-0.07233257266194151,-0.11870811924944391
4.652119,-0.029358362932535784,-0.08041673222489176,9.624442429243432,-0.029358362932535784,-0.08041673222489176,-0.18220757075656735
4.671828,0.03343871329607645,-0.033448603769737094,9.63012998493208,0.03343871329607645,-0.033448603769737094,-0.17652001506792026
4.69259,0.050242124019461244,-0.03445613414125854,9.698174607950252,0.050242124019461244,-0.03445613414125854,-0.10847539204974765
4.712869,0.07933306138327974,-0.07829526481134988,9.786818183842831,0.07933306138327974,-0.07829526481134988,-0.019831816157168447
4.732107,-0.030303518429708232,-0.05027851088235145,9.73610054008838,-0.030303518429708232,-0.05027851088235145,-0.07054945991161965
4.752094,-0.08824677356924372,-0.09010659943806697,9.654231204457314,-0.08824677356924372,-0.09010659943806697,-0.152418795542685
4.772221,0.01614432152155652,-0.03504264249084756,9.515464433037563,0.01614432152155652,-0.03504264249084756,-0.2911855669624366
4.792494,0.0630605447660524,0.007528486960695866,9.767751822857289,0.0630605447660524,0.007528486960695866,-0.03889817714271082
4.812479,0.116381952328435,-0.08486832733227104,9.974824162488131,0.116381952328435,-0.08486832733227104,0.16817416248813188
4.83258,-0.031955973327356946,-0.057039988787240085,9.861469602124313,-0.031955973327356946,-0.057039988787240085,0.05481960212431325
4.852458,-0.14017240133067585,-0.09588699663340791,9.662887254862069,-0.14017240133067585,-0.09588699663340791,-0.14376274513793064
4.872455,0.012806112089297765,0.0058930300046052255,9.569625075583083,0.012806112089297765,0.0058930300046052255,-0.23702492441691625
4.892613,0.1979900868213238,0.056181046019583125,9.716004403888084,0.1979900868213238,0.056181046019583125,-0.0906455961119157
4.913285,0.04506282803470051,-0.01850327250891253,9.801053010001372,0.04506282803470051,-0.01850327250891253,-0.005596989998627677
4.932759,-0.05700729701898963,-0.05689849873388019,9.858764927756896,-0.05700729701898963,-0.05689849873388019,0.052114927756896634
4.952454,0.07656671409844383,-0.010867829946164195,9.78223075297641,0.07656671409844383,-0.010867829946164195,-0.024419247023589108
4.972689,-0.038768887711403896,-0.06668264532296544,9.61968587641194,-0.038768887711403896,-0.06668264532296544,-0.18696412358805858
4.992747,-0.05481350782247025,-0.07984905875514266,9.641644346676198,-0.05481350782247025,-0.07984905875514266,-0.16500565332380113
5.013115,0.2176946345748743,0.044209294500872666,9.700873412495962,0.2176946345748743,0.044209294500872666,-0.10577658750403707
5.033125,0.1160117760212107,0.04001409609776509,9.869833001845972,0.1160117760212107,0.04001409609776509,0.0631830018459727
5.053161,-0.1222140801776114,-0.11797364342787135,9.726247058264132,-0.1222140801776114,-0.11797364342787135,-0.08040294173586737
5.073106,-0.09005836334672411,-0.06828442513462334,9.411036258838255,-0.09005836334672411,-0.06828442513462334,-0.3956137411617444
5.093468,0.0755835420570036,-0.009133784230649198,9.510167123390037,0.0755835420570036,-0.009133784230649198,-0.29648287660996253
5.113285,0.24130579597666152,0.02693261024935265,9.930206167406306,0.24130579597666152,0.02693261024935265,0.12355616740630637
5.133631,0.186042306884261,0.08183991642344501,9.986093326126337,0.186042306884261,0.08183991642344501,0.1794433261263375
5.153235,-0.030233102560129618,-0.00105972094503024,9.745977320303702,-0.030233102560129618,-0.00105972094503024,-0.06067267969629775
5.173573,-0.26623515501201056,-0.08601579368825132,9.528630651003212,-0.26623515501201056,-0.08601579368825132,-0.2780193489967875
5.193553,-0.03502669280093385,-0.051074618919187055,9.561363621678328,-0.03502669280093385,-0.051074618919187055,-0.245286378321671
5.213713,0.13055882115344117,0.015534499462467375,9.770458622280199,0.13055882115344117,0.015534499462467375,-0.036191377719800855
5.233508,0.07920717896115417,-0.07094725860158968,9.88243857801843,0.07920717896115417,-0.07094725860158968,0.07578857801843064
5.253733,0.04741852155345572,-0.012283326853413611,9.876801645516432,0.04741852155345572,-0.012283326853413611,0.07015164551643238
5.273598,-0.04256495225833824,-0.06079003595780798,9.773980795618716,-0.04256495225833824,-0.06079003595780798,-0.032669204381283734
5.293858,-0.11529929454416285,-0.027136303934581916,9.55302141756122,-0.11529929454416285,-0.027136303934581916,-0.25362858243877895
5.313915,-0.16572343507317036,-0.002882791075154335,9.585095807715287,-0.16572343507317036,-0.002882791075154335,-0.22155419228471196
5.334022,0.10918754464961603,-0.020354006400524857,9.893698212122443,0.10918754464961603,-0.020354006400524857,0.0870482121224434
5.354244,0.035826238008651465,-0.034866907783985386,9.815221652943439,0.035826238008651465,-0.034866907783985386,0.008571652943439645
5.374114,-0.10082308548473283,-0.11612960479004235,9.67639783453624,-0.10082308548473283,-0.11612960479004235,-0.13025216546375873
5.394101,-0.025937832886693,-0.043922844308774196,9.674236239057787,-0.025937832886693,-0.043922844308774196,-0.13241376094221202
5.414371,0.09545598882997659,0.013504629051435131,9.767894272167194,0.09545598882997659,0.013504629051435131,-0.038755727832805675
5.434084,-0.014415249893222007,-0.047311571401575554,9.732273685479155,-0.014415249893222007,-0.047311571401575554,-0.07437631452084403
5.454202,-0.07325779868894404,-0.046406360806806116,9.655370694638965,-0.07325779868894404,-0.046406360806806116,-0.15127930536103484
5.47406,0.01582417802233216,-0.035490571130942575,9.637249953975289,0.01582417802233216,-0.035490571130942575,-0.1694000460247107
5.494358,0.008786348471012893,0.011967050480302686,9.605656000493633,0.008786348471012893,0.011967050480302686,-0.2009939995063661
5.514493,0.03256423885786256,-0.031327027394848495,9.733541445688266,0.03256423885786256,-0.031327027394848495,-0.0731085543117338
5.53456,-0.024645458059839843,-0.08768132212609035,9.908793142303772,-0.024645458059839843,-0.08768132212609035,0.1021431423037722
5.554299,0.049426293850344034,-0.05878051838890497,9.839551341614117,0.049426293850344034,-0.05878051838890497,0.032901341614117285
5.575089,0.08564966189306847,0.031047838786641416,9.714548554250491,0.08564966189306847,0.031047838786641416,-0.09210144574950796
5.594511,-0.020143140661721032,-0.05400704800621566,9.774803910792835,-0.020143140661721032,-0.05400704800621566,-0.03184608920716414
5.614712,-0.07258261389055677,-0.03923083879836894,9.594395547179873,-0.07258261389055677,-0.03923083879836894,-0.212254452820126
5.634773,0.050598200793488854,0.003241047097001484,9.704340392908534,0.050598200793488854,0.003241047097001484,-0.10230960709146508
5.654678,0.043352042749087466,0.009798652866764575,9.933792974356296,0.043352042749087466,0.009798652866764575,0.12714297435629618
5.674606,0.0020443252685142244,-0.026743197475454488,9.806522938875887,0.0020443252685142244,-0.026743197475454488,-0.00012706112411287052
5.695089,-0.015068226318752872,-0.018950506820434573,9.471051319818136,-0.015068226318752872,-0.018950506820434573,-0.3355986801818638
5.714853,-0.10294173467757023,-0.04199644298940685,9.56994170346684,-0.10294173467757023,-0.04199644298940685,-0.23670829653315906
5.735212,-0.02322852577209207,-0.0497652254089219,9.843419241986469,-0.02322852577209207,-0.0497652254089219,0.03676924198646958
5.754859,0.07455745923780781,0.0007943137910400982,9.729716067306208,0.07455745923780781,0.0007943137910400982,-0.07693393269379101
5.774997,-0.03525038353376289,0.01293071575699288,9.67235692139381,-0.03525038353376289,0.01293071575699288,-0.13429307860618955
5.795331,-0.0020716990366619822,-0.0073768575893205955,9.693603914032138,-0.0020716990366619822,-0.0073768575893205955,-0.11304608596786103
5.815384,0.05211539412385495,-0.033514644602210965,9.652900859534117,0.05211539412385495,-0.033514644602210965,-0.15374914046588195
5.835501,0.049876411194751724,-0.019987388339757575,9.77685539570693,0.049876411194751724,-0.019987388339757575,-0.029794604293069682
5.855296,-0.015224134650243406,-0.050455221364905024,9.772093349099935,-0.015224134650243406,-0.050455221364905024,-0.03455665090006477
5.875387,0.029257258781138763,-0.02733515532683847,9.756871991790394,0.029257258781138763,-0.02733515532683847,-0.04977800820960532
5.895464,0.004769717721806888,-0.014752120229291728,9.732932519704972,0.004769717721806888,-0.014752120229291728,-0.07371748029502712
5.915738,-0.00034457518847099783,-0.027075677952006362,9.697817735212256,-0.00034457518847099783,-0.027075677952006362,-0.10883226478774333
5.9354,-0.09462675278962158,-0.017597102672425362,9.66511371699635,-0.09462675278962158,-0.017597102672425362,-0.1415362830036493
5.955572,0.18103837168695852,0.016164816081503764,9.799393912389426,0.18103837168695852,0.016164816081503764,-0.007256087610572948
5.97563,0.11487006536947086,0.04258321346924825,9.910128380663574,0.11487006536947086,0.04258321346924825,0.1034783806635744
5.996128,-0.0441952323636954,-0.09049862222975644,9.783743729971919,-0.0441952323636954,-0.09049862222975644,-0.022906270028080655
6.016343,-0.15393625270567587,-0.041468347552221924,9.641360496481408,-0.15393625270567587,-0.041468347552221924,-0.16528950351859173
6.035898,-0.01174397433727919,-0.046602516031779985,9.599492945656676,-0.01174397433727919,-0.046602516031779985,-0.2071570543433232
6.056064,0.09009553077699613,0.04328543663931781,9.636248846703106,0.09009553077699613,0.04328543663931781,-0.17040115329689343
6.075882,0.09553929304431959,-0.03767098747049677,9.867548675778073,0.09553929304431959,-0.03767098747049677,0.0608986757780734
6.096239,0.07243240880655351,-0.00034013145284127265,9.96322831191442,0.07243240880655351,-0.00034013145284127265,0.15657831191442106
6.116889,0.02837378342314751,-0.026197244616353303,9.765447147444593,0.02837378342314751,-0.026197244616353303,-0.04120285255540601
6.136266,-0.12116862472848276,0.0011661008881101902,9.521942826908443,-0.12116862472848276,0.0011661008881101902,-0.28470717309155624
6.155987,-0.01386068763372125,-0.043272538912643085,9.576320830709692,-0.01386068763372125,-0.043272538912643085,-0.23032916929030733
6.176275,0.17140473411862758,0.022906077097069405,9.82272804507214,0.17140473411862758,0.022906077097069405,0.016078045072140057
6.196264,0.09432012398172954,-0.004682915719956132,9.90533557875181,0.09432012398172954,-0.004682915719956132,0.09868557875181061
6.21676,-0.08411644807393447,-0.09951838472458659,9.690822500029563,-0.08411644807393447,-0.09951838472458659,-0.11582749997043607
6.236891,-0.06759017590282122,-0.03043061246751197,9.504938407307503,-0.06759017590282122,-0.03043061246751197,-0.3017115926924969
6.256613,0.09705864183681624,0.006922234861145259,9.682109788166798,0.09705864183681624,0.006922234861145259,-0.1245402118332013
6.276439,0.15252851681389154,0.04173421318671998,9.798359274890375,0.15252851681389154,0.04173421318671998,-0.008290725109624475
6.296875,0.10772499634430906,0.03356372876850242,9.802526638702176,0.10772499634430906,0.03356372876850242,-0.004123361297823536
6.316795,-0.1600843411179063,-0.04373839283764008,9.64517276791654,-0.1600843411179063,-0.04373839283764008,-0.16147723208345965
6.336767,-0.09702764683074357,-0.010413246577338376,9.516172605328427,-0.09702764683074357,-0.010413246577338376,-0.29047739467157285
6.356609,0.006423696475286922,-0.012969160278572764,9.66008073484747,0.006423696475286922,-0.012969160278572764,-0.14656926515252877
6.376912,-0.00825167062820286,-0.09093826236679754,9.929363601517094,-0.00825167062820286,-0.09093826236679754,0.12271360151709487
6.39728,0.026571160732751713,-0.04631853925067876,9.839723756502769,0.026571160732751713,-0.04631853925067876,0.03307375650276967
6.417132,0.07011296509869253,0.001963563027938825,9.862594168026295,0.07011296509869253,0.001963563027938825,0.055944168026295316
6.436872,-0.06194145393667916,0.038986113490120856,9.671400548445563,-0.06194145393667916,0.038986113490120856,-0.13524945155443646
6.457538,-0.08343470086053638,0.007580470041514293,9.61285890026236,-0.08343470086053638,0.007580470041514293,-0.19379109973763953
6.4771,-0.10850912200895459,-0.05569613042238199,9.811591735296103,-0.10850912200895459,-0.05569613042238199,0.004941735296103644
6.497629,0.14885563803233234,0.03427386971881264,9.86706692966585,0.14885563803233234,0.03427386971881264,0.060416929665850105
6.517339,0.09134845452818542,0.015247637364817972,9.908561086024353,0.09134845452818542,0.015247637364817972,0.10191108602435328
6.537583,-0.12380569537953102,-0.0741479123350098,9.862882976168072,-0.12380569537953102,-0.0741479123350098,0.05623297616807221
6.557372,-0.20220294210845538,-0.05539791071063241,9.638686508779532,-0.20220294210845538,-0.05539791071063241,-0.16796349122046728
6.577419,-0.09422920711544701,-0.03439751973491331,9.528277561574624,-0.09422920711544701,-0.03439751973491331,-0.2783724384253752
6.597751,0.18513301617628675,0.051758889656977204,9.651267987289181,0.18513301617628675,0.051758889656977204,-0.15538201271081853
6.618091,0.09716840786969781,0.01778940223287362,9.84982488765553,0.09716840786969781,0.01778940223287362,0.043174887655530014
6.637631,-0.027162790506409813,-0.04490932397713981,9.72108273370013,-0.027162790506409813,-0.04490932397713981,-0.08556726629986855
6.657652,-0.13734020889181422,-0.01959867261227381,9.517612637484852,-0.13734020889181422,-0.01959867261227381,-0.2890373625151472
6.677959,-0.0008529880885728851,0.013718251716899839,9.539854863680587,-0.0008529880885728851,0.013718251716899839,-0.26679513631941276
6.698234,0.04056111807566602,0.010719026421831656,9.65891802890153,0.04056111807566602,0.010719026421831656,-0.14773197109846947
6.71793,0.07759898283673645,-0.05334334851750694,9.857123171515493,0.07759898283673645,-0.05334334851750694,0.050473171515493576
6.737915,0.03627519007489578,-0.038092191902746146,9.931878843401739,0.03627519007489578,-0.038092191902746146,0.12522884340173945
6.757825,-0.02496034757297217,-0.06989616685089896,9.803193292292548,-0.02496034757297217,-0.06989616685089896,-0.003456707707451656
6.777909,-0.07661764057631162,-0.030161149484654676,9.579970085676848,-0.07661764057631162,-0.030161149484654676,-0.22667991432315127
6.798743,-0.10695780482585464,-0.04224930824749836,9.659301009333877,-0.10695780482585464,-0.04224930824749836,-0.1473489906661225
6.818697,0.18986678167041082,0.0546513842665546,9.84454154903746,0.18986678167041082,0.0546513842665546,0.03789154903746095
6.838284,0.22764325794034831,0.08588021813711955,9.890316579250637,0.22764325794034831,0.08588021813711955,0.0836665792506377
6.858013,-0.02865371695768206,-0.011143763587468056,9.797365032141785,-0.02865371695768206,-0.011143763587468056,-0.009284967858214088
6.878142,-0.11128648941589525,-0.031183355643609113,9.623634871273445,-0.11128648941589525,-0.031183355643609113,-0.183015128726554
6.898992,-0.08402944036763105,-0.04217703264744297,9.634002075406542,-0.08402944036763105,-0.04217703264744297,-0.17264792459345735
6.91885,0.10669896082985718,-0.024710121964882252,9.542109303671557,0.10669896082985718,-0.024710121964882252,-0.26454069632844224
6.938533,0.18653105336512404,0.011368719452299489,9.673873848758703,0.18653105336512404,0.011368719452299489,-0.1327761512412966
6.958611,0.08314314555465437,-0.03628924181967048,10.002395353890458,0.08314314555465437,-0.03628924181967048,0.19574535389045877
6.978493,-0.04568314646348374,-0.04571953218789185,9.923705338323016,-0.04568314646348374,-0.04571953218789185,0.1170553383230164
6.998994,-0.07266548434439904,-0.02650650688768984,9.546465605735486,-0.07266548434439904,-0.02650650688768984,-0.26018439426451323
7.019188,0.06104636215697306,0.02984069171275153,9.551254545077914,0.06104636215697306,0.02984069171275153,-0.2553954549220858
7.038807,0.0808708032930615,0.05061148181192093,9.779261289818905,0.0808708032930615,0.05061148181192093,-0.027388710181094567
7.058917,0.009716094503276634,0.01978245694426348,9.860455264397729,0.009716094503276634,0.01978245694426348,0.05380526439772915
7.07856,-0.1268272116546982,-0.05887703139401799,9.7192567044592,-0.1268272116546982,-0.05887703139401799,-0.08739329554079944
7.099206,-0.16477900701183004,-0.011801851955498186,9.652765647326346,-0.16477900701183004,-0.011801851955498186,-0.15388435267365352
7.119644,0.05151181062407474,0.0029002912855306787,9.795083226819141,0.05151181062407474,0.0029002912855306787,-0.011566773180858192
7.139206,-0.013945106155724274,-0.027804947800716195,9.833904517616647,-0.013945106155724274,-0.027804947800716195,0.027254517616647433
7.158798,-0.018903878431200956,-0.049454942895446406,9.835304970821365,-0.018903878431200956,-0.049454942895446406,0.02865497082136592
7.179079,-0.12808770411827436,-0.018845884153830043,9.735693466480658,-0.12808770411827436,-0.018845884153830043,-0.07095653351934139
7.199459,-0.05601005148528358,-0.05384931039566236,9.627287364015917,-0.05601005148528358,-0.05384931039566236,-0.17936263598408253
7.219403,0.014891236495044646,0.005555930444496891,9.7013097110039,0.014891236495044646,0.005555930444496891,-0.10534028899609993
7.239509,0.13542018802466438,0.03490107401215634,9.78938530803161,0.13542018802466438,0.03490107401215634,-0.0172646919683892
7.259518,0.11703919216214889,0.014668264661170764,9.876014987901488,0.11703919216214889,0.014668264661170764,0.06936498790148882
7.279531,0.027244389486645117,-0.024866166733081955,9.767848582996743,0.027244389486645117,-0.024866166733081955,-0.03880141700325623
7.300185,-0.12365560342709137,-0.12012454674634146,9.507089488175447,-0.12365560342709137,-0.12012454674634146,-0.2995605118245521
7.319875,0.1805529872824116,0.0580880761131313,9.520007333673796,0.1805529872824116,0.0580880761131313,-0.2866426663262036
7.340246,0.1918182605811833,0.08998550580416241,9.83732487626076,0.1918182605811833,0.08998550580416241,0.030674876260761152
7.359711,0.09372971114395734,0.06699399395997938,9.8830320039405,0.09372971114395734,0.06699399395997938,0.0763820039405001
7.37987,-0.0711583855588358,0.03194758969002863,9.748738598014343,-0.0711583855588358,0.03194758969002863,-0.05791140198565614
7.400117,-0.002852984848175729,-0.030306829153679143,9.651019901768834,-0.002852984848175729,-0.030306829153679143,-0.1556300982311658
7.420237,0.01095838091465526,-0.05105745291236449,9.710280495729402,0.01095838091465526,-0.05105745291236449,-0.09636950427059787
7.441016,-0.10185429967078931,-0.08414211368410288,9.738968798005892,-0.10185429967078931,-0.08414211368410288,-0.0676812019941071
7.460236,-0.03643394190457859,-0.06994777132979857,9.702129707309643,-0.03643394190457859,-0.06994777132979857,-0.10452029269035634
7.479868,-0.03134435454590769,-0.0033053243993995643,9.70448419826292,-0.03134435454590769,-0.0033053243993995643,-0.10216580173707968
7.500474,-0.01009893452461608,0.03676672751869245,9.675364074680552,-0.01009893452461608,0.03676672751869245,-0.13128592531944783
7.520111,0.022851861444460324,0.06501416167086521,9.635508511387282,0.022851861444460324,0.06501416167086521,-0.17114148861271694
7.541397,0.1467958912817716,0.10255752982168613,9.785217268049273,0.1467958912817716,0.10255752982168613,-0.02143273195072659
7.560672,-0.0019915092747000915,0.04559133281181973,9.802470885587176,-0.0019915092747000915,0.04559133281181973,-0.004179114412822926
7.580271,-0.13885567287616712,-0.05596038952337622,9.796267946637052,-0.13885567287616712,-0.05596038952337622,-0.01038205336294773
7.601007,-0.1304931673324554,-0.09578037194434429,9.70914965084295,-0.1304931673324554,-0.09578037194434429,-0.09750034915705008
7.620691,-0.1315337310785615,-0.09156051880014054,9.650531792325571,-0.1315337310785615,-0.09156051880014054,-0.15611820767442808
7.640403,0.07283080933645686,0.00962196340349254,9.684770791070157,0.07283080933645686,0.00962196340349254,-0.12187920892984216
7.660817,0.15410702235669324,0.07611519995349843,9.824726683191109,0.15410702235669324,0.07611519995349843,0.018076683191109666
7.68038,-0.020391805773596738,0.033314268126390836,9.853971127360607,-0.020391805773596738,0.033314268126390836,0.04732112736060756
7.701343,-0.01597521325578723,0.02125841483635587,9.579203024707226,-0.01597521325578723,0.02125841483635587,-0.22744697529277325
7.721077,0.017828930217316352,-0.03600639661335762,9.497463600024336,0.017828930217316352,-0.03600639661335762,-0.30918639997566366
7.741147,0.07154811385348758,-0.005767774799770936,9.83843632776123,0.07154811385348758,-0.005767774799770936,0.03178632776123003
7.7606,0.0068317006847754295,-0.03993536064511821,9.90315433609357,0.0068317006847754295,-0.03993536064511821,0.09650433609357023
7.781432,0.057799429146190955,-0.03839841869242163,9.786527546805061,0.057799429146190955,-0.03839841869242163,-0.020122453194938217
7.80126,0.017838268744771842,-0.024962666805602433,9.649683950565644,0.017838268744771842,-0.024962666805602433,-0.15696604943435588
7.821262,0.023265146689515907,0.021871487347739683,9.780951737647197,0.023265146689515907,0.021871487347739683,-0.025698262352802814
7.841317,0.05579919542142347,0.0014986724480245011,9.83917418851624,0.05579919542142347,0.0014986724480245011,0.03252418851624128
7.861297,0.09530320803932883,0.019874505958337646,9.692388635146463,0.09530320803932883,0.019874505958337646,-0.11426136485353666
7.881095,0.006148278935441135,0.02656840031767746,9.621193502685605,0.006148278935441135,0.02656840031767746,-0.1854564973143944
7.902018,0.031275280295034194,0.00908757332080701,9.8249481095344,0.031275280295034194,0.00908757332080701,0.018298109534400808
7.921448,-0.022780883109236445,-0.022233006292294955,9.831224341916167,-0.022780883109236445,-0.022233006292294955,0.024574341916167697
7.941496,0.029535214095890647,0.004450542041503892,9.604870244724436,0.029535214095890647,0.004450542041503892,-0.20177975527556313
7.961426,-0.001053810791549294,0.03113401885999601,9.630163982059571,-0.001053810791549294,0.03113401885999601,-0.1764860179404284
7.981449,0.012892601477790077,0.0024113375892985977,9.669537241719437,0.012892601477790077,0.0024113375892985977,-0.13711275828056202
8.002391,-0.04579683138899447,-0.00977619504515013,9.772561508298075,-0.04579683138899447,-0.00977619504515013,-0.034088491701924184
8.021811,-0.03799691931795323,-0.03087340231967117,9.71223819058679,-0.03799691931795323,-0.03087340231967117,-0.09441180941320937
8.041729,-0.06615227248963435,-0.04917231652770724,9.642846469039407,-0.06615227248963435,-0.04917231652770724,-0.16380353096059252
8.061696,-0.051413187182928956,-0.060345874308063804,9.73302837071128,-0.051413187182928956,-0.060345874308063804,-0.07362162928871996
8.08197,0.043248365403408005,0.019999861183189555,9.718311857386064,0.043248365403408005,0.019999861183189555,-0.08833814261393513
8.102664,-0.012385610802591398,-0.007056127465722219,9.76073942061416,-0.012385610802591398,-0.007056127465722219,-0.04591057938583987
8.121989,-0.022394410225713993,0.0051056477668954105,9.798092896594904,-0.022394410225713993,0.0051056477668954105,-0.008557103405095745
8.142115,-0.02742844422383919,0.0028161267744147987,9.669086347564564,-0.02742844422383919,0.0028161267744147987,-0.13756365243543556
8.162001,0.08269956233076904,0.049982237821486135,9.694982259233672,0.08269956233076904,0.049982237821486135,-0.11166774076632713
8.182146,0.04410492044068581,0.06510993118279675,9.767799072718494,0.04410492044068581,0.06510993118279675,-0.038850927281504966
8.202132,-0.04243182726210568,-0.05108462034538813,9.84196291032812,-0.04243182726210568,-0.05108462034538813,0.035312910328119784
8.222576,-0.028949384072612033,0.00038137573377859955,9.852641717440068,-0.028949384072612033,0.00038137573377859955,0.045991717440069024
8.242128,0.10045685987751851,0.014695530174863868,9.860186459610713,0.10045685987751851,0.014695530174863868,0.053536459610713294
8.262335,0.012814374644808673,-0.037534965190606305,9.739644308087467,0.012814374644808673,-0.037534965190606305,-0.06700569191253258
8.282072,-0.030270652252642253,-0.015599504894842391,9.64987456694377,-0.030270652252642253,-0.015599504894842391,-0.15677543305622876
8.302642,0.06766195292638612,0.00685317176209855,9.748345149544766,0.06766195292638612,0.00685317176209855,-0.05830485045523304
8.32246,0.036033164459667394,-0.027516700948851905,9.650641462745515,0.036033164459667394,-0.027516700948851905,-0.15600853725448438
8.342545,-0.025080009525026835,0.00225328944847589,9.555912230103146,-0.025080009525026835,0.00225328944847589,-0.2507377698968529
8.362607,0.04334215532683516,-0.08080991376650624,9.528881593390206,0.04334215532683516,-0.08080991376650624,-0.27776840660979296
8.382812,0.13179044448391752,0.08381806863081925,9.66687695986055,0.13179044448391752,0.08381806863081925,-0.13977304013944902
8.402858,0.08551073670286123,0.034227168658259845,9.907398928477452,0.08551073670286123,0.034227168658259845,0.10074892847745254
8.422823,-0.013796230832029407,0.04350449440838022,9.780847676756913,-0.013796230832029407,0.04350449440838022,-0.025802323243086178
8.443267,-0.006926030346471662,0.04232444740039029,9.523390911259334,-0.006926030346471662,0.04232444740039029,-0.28325908874066563
8.462926,-0.037075508716946794,0.0005948196224990162,9.52308477862079,-0.037075508716946794,0.0005948196224990162,-0.2835652213792095
8.482842,-0.09455873662591215,-0.07870733607679899,9.674916406625506,-0.09455873662591215,-0.07870733607679899,-0.1317335933744932
8.503171,0.01441159866098797,0.021732170894101375,9.713755022105367,0.01441159866098797,0.021732170894101375,-0.09289497789463219
8.52304,0.046874560969091414,0.0013434875405018809,9.729937222784542,0.046874560969091414,0.0013434875405018809,-0.076712777215457
8.543306,-0.0668949704404314,-0.031826616336380786,9.455641717243488,-0.0668949704404314,-0.031826616336380786,-0.35100828275651175
8.563043,-0.09866957223707588,0.1217576834098999,9.766201152147962,-0.09866957223707588,0.1217576834098999,-0.04044884785203706
8.583522,0.1534917320562119,0.20399391794251107,9.936863716412883,0.1534917320562119,0.20399391794251107,0.13021371641288404
8.603011,-0.10501318451356124,0.04814629378025973,9.709244470198623,-0.10501318451356124,0.04814629378025973,-0.09740552980137629
8.623672,-0.10231114429527953,0.10088257456994895,9.739072131619425,-0.10231114429527953,0.10088257456994895,-0.06757786838057456
8.643352,0.01792132646470838,-0.020229873991837486,9.960349023234379,0.01792132646470838,-0.020229873991837486,0.15369902323437934
8.663947,-0.26539445979151455,-0.24988988285952657,9.85760064423313,-0.26539445979151455,-0.24988988285952657,0.050950644233131115
8.68348,-0.47134330148397946,-0.22852517873104733,9.407244344538476,-0.47134330148397946,-0.22852517873104733,-0.39940565546152307
8.703758,-0.05185655116076967,-0.07453296309613182,9.251746641150948,-0.05185655116076967,-0.07453296309613182,-0.5549033588490513
8.723547,-0.03960474547840397,-0.10429733115805573,9.270700061404257,-0.03960474547840397,-0.10429733115805573,-0.535949938595742
8.743849,-0.3691326478097644,-0.1536084809725149,9.12719601041422,-0.3691326478097644,-0.1536084809725149,-0.6794539895857792
8.763888,-0.21002978956233073,-0.1068762622599233,9.295449592280663,-0.21002978956233073,-0.1068762622599233,-0.5112004077193362
8.783878,0.41372833005385995,-0.09054704346932782,9.94801008948437,0.41372833005385995,-0.09054704346932782,0.14136008948437073
8.80392,-0.00987611692942233,-0.2922382033234394,9.75714738190275,-0.00987611692942233,-0.2922382033234394,-0.049502618097250206
8.824049,-0.15530442173103198,-0.26041376173704117,9.40307269743565,-0.15530442173103198,-0.26041376173704117,-0.403577302564349
8.845154,0.15688524759004546,-0.2218945422065276,9.407599878619921,0.15688524759004546,-0.2218945422065276,-0.39905012138007834
8.864164,0.03574666834381154,-0.14466694916764608,9.719071930733193,0.03574666834381154,-0.14466694916764608,-0.08757806926680622
8.884548,0.04957967883837336,-0.24651652468586585,9.980378681962828,0.04957967883837336,-0.24651652468586585,0.1737286819628281
8.904187,0.22127054250639636,-0.1306060682065997,9.664281185740798,0.22127054250639636,-0.1306060682065997,-0.14236881425920167
8.924264,0.0020637328653806543,-0.13079020756570067,9.295102342225263,0.0020637328653806543,-0.13079020756570067,-0.5115476577747362
8.944375,0.16441895562116385,0.028151466513884383,9.557748013900428,0.16441895562116385,0.028151466513884383,-0.24890198609957181
8.964364,0.5010380622980026,0.2056079857726515,10.437011495815225,0.5010380622980026,0.2056079857726515,0.6303614958152259
8.984461,0.419022017783741,0.11281496586986865,10.553808089040382,0.419022017783741,0.11281496586986865,0.7471580890403828
9.00432,0.06747062287105368,-0.03959649427744768,10.048117528051726,0.06747062287105368,-0.03959649427744768,0.2414675280517269
9.024653,0.2964032214689917,0.09017862418009177,9.895375777617229,0.2964032214689917,0.09017862418009177,0.08872577761722944
9.044451,0.21346291787253077,0.10071033845700651,10.046768046564937,0.21346291787253077,0.10071033845700651,0.24011804656493752
9.064778,0.017176336643240867,-0.06901992874395015,9.884574455823614,0.017176336643240867,-0.06901992874395015,0.07792445582361474
9.084616,0.07749436918465014,-0.06826637094246088,9.841764803400455,0.07749436918465014,-0.06826637094246088,0.035114803400455585
9.10529,0.06874196870007995,-0.049211727808826974,9.918770743143039,0.06874196870007995,-0.049211727808826974,0.11212074314303955
9.125034,-0.04638173504652537,-0.09987765039678236,9.84375448723028,-0.04638173504652537,-0.09987765039678236,0.03710448723028037
9.144839,-0.021585207580867884,-0.08020753389992114,9.75657961828721,-0.021585207580867884,-0.08020753389992114,-0.050070381712789214
9.164657,0.054467162617790985,-0.09119333259643382,9.790597809826748,0.054467162617790985,-0.09119333259643382,-0.016052190173251546
9.185525,-0.03992327492626165,-0.13626473432768768,9.909808135803628,-0.03992327492626165,-0.13626473432768768,0.10315813580362843
9.204864,0.014607572246683312,-0.10716321569623946,9.710157233065884,0.014607572246683312,-0.10716321569623946,-0.09649276693411579
9.225393,-0.028233541316023753,-0.06711664647663644,9.699447861917475,-0.028233541316023753,-0.06711664647663644,-0.1072021380825241
9.245126,-0.08285581616507796,-0.11150752736980662,9.544036858627983,-0.08285581616507796,-0.11150752736980662,-0.2626131413720163
9.265326,-0.06401368962243499,-0.1094550899676935,9.503128612977786,-0.06401368962243499,-0.1094550899676935,-0.3035213870222133
9.284845,-0.12621063432382065,-0.12295815616960615,9.65549331513662,-0.12621063432382065,-0.12295815616960615,-0.15115668486337874
9.305426,-0.014481120532289775,-0.0907916320493797,9.677093664811295,-0.014481120532289775,-0.0907916320493797,-0.12955633518870435
9.325711,0.11208420282905009,0.020876742097194978,9.934876004080905,0.11208420282905009,0.020876742097194978,0.128226004080906
9.345702,-0.05922037809125063,-0.1129180530105223,9.775591570236456,-0.05922037809125063,-0.1129180530105223,-0.03105842976354367
9.365524,-0.1305576503549072,-0.09438535578262842,9.314004845175548,-0.1305576503549072,-0.09438535578262842,-0.4926451548244515
9.3857,-0.0657218932725065,-0.0997361640041694,9.408735887948573,-0.0657218932725065,-0.0997361640041694,-0.397914112051426
9.405491,0.1717957945670214,-0.01630731531087904,9.902310519108683,0.1717957945670214,-0.01630731531087904,0.09566051910868367
9.42578,-0.10306373217539083,-0.09286159789276588,9.766940974639597,-0.10306373217539083,-0.09286159789276588,-0.039709025360401995
9.446524,-0.08370971174458965,-0.17342838904210806,9.399325107895189,-0.08370971174458965,-0.17342838904210806,-0.4073248921048105
9.466016,0.08513796286864819,-0.021319881034208343,9.513337940336255,0.08513796286864819,-0.021319881034208343,-0.2933120596637444
9.48569,0.019963840931092262,-0.08638645518289197,9.999099166113227,0.019963840931092262,-0.08638645518289197,0.19244916611322793
9.505975,-0.08337336270628706,-0.22415458308557895,9.741744507341474,-0.08337336270628706,-0.22415458308557895,-0.06490549265852508
9.525827,0.06713260234009197,-0.10351113279407471,9.434873764684705,0.06713260234009197,-0.10351113279407471,-0.3717762353152949
9.546311,0.1661852367133008,0.03446539099563314,10.062134273740341,0.1661852367133008,0.03446539099563314,0.25548427374034155
9.565985,-0.09298113333334412,-0.1201413673119337,10.406073148039729,-0.09298113333334412,-0.1201413673119337,0.5994231480397296
9.585884,-0.008043990170356332,-0.15950759118726351,9.378476385472684,-0.008043990170356332,-0.15950759118726351,-0.4281736145273154
9.606133,-0.02821153485084011,-0.02916314082065858,9.251664105845814,-0.02821153485084011,-0.02916314082065858,-0.5549858941541856
9.626375,0.20868845185122908,-0.02586184548130635,10.085581571912213,0.20868845185122908,-0.02586184548130635,0.2789315719122136
9.646305,0.04716897893731209,-0.013415622533904074,10.354466537090795,0.04716897893731209,-0.013415622533904074,0.5478165370907959
9.66648,-0.05574846996476212,-0.1054209053102009,9.81143434774499,-0.05574846996476212,-0.1054209053102009,0.004784347744990924
9.686373,-0.046011893362777785,-0.10800619723693558,9.359226137742404,-0.046011893362777785,-0.10800619723693558,-0.4474238622575957
9.706353,0.2706802700787698,0.09567436368686073,9.554897837745843,0.2706802700787698,0.09567436368686073,-0.25175216225415653
9.72646,0.10172040323390695,0.11601059863805196,10.17987263985712,0.10172040323390695,0.11601059863805196,0.37322263985712034
9.746736,-0.14173701570005431,-0.06532050921885932,10.17831803687632,-0.14173701570005431,-0.06532050921885932,0.37166803687632033
9.766833,-0.011286429462912431,-0.10789431620516175,9.767149107630875,-0.011286429462912431,-0.10789431620516175,-0.039500892369124685
9.786611,-0.009913187942028575,-0.056483299624321366,9.490218649924321,-0.009913187942028575,-0.056483299624321366,-0.31643135007567835
9.8065,-0.1605392052662672,-0.15849804052253477,9.723355336825966,-0.1605392052662672,-0.15849804052253477,-0.08329466317403345
9.826902,-0.09442372893415632,-0.14725800071200165,9.844698442241208,-0.09442372893415632,-0.14725800071200165,0.038048442241208846
9.846405,0.09826311774282101,-0.012539868461408553,9.85911942282476,0.09826311774282101,-0.012539868461408553,0.052469422824760414
9.866787,-0.0060464872763528014,-0.012056086151022362,9.85058810449855,-0.0060464872763528014,-0.012056086151022362,0.043938104498550956
9.886704,-0.1478207516252704,-0.17347214032614883,9.472099724231983,-0.1478207516252704,-0.17347214032614883,-0.33455027576801655
9.90696,-0.029944063154928098,-0.052987941813858616,9.307705442402339,-0.029944063154928098,-0.052987941813858616,-0.4989445575976603
9.926899,0.12346788819927573,0.008939045007610278,9.704399703431376,0.12346788819927573,0.008939045007610278,-0.10225029656862361
9.947115,0.03363057465620581,0.002875679292097934,9.934663634398797,0.03363057465620581,0.002875679292097934,0.12801363439879765
9.966938,-0.11399610170300171,-0.1414416131888784,9.744944934994043,-0.11399610170300171,-0.1414416131888784,-0.06170506500595607
9.987506,-0.13563624572157199,-0.17880052657974382,9.610713781867315,-0.13563624572157199,-0.17880052657974382,-0.19593621813268491
10.007081,0.06773409161129068,-0.08598425554701662,9.608732641150372,0.06773409161129068,-0.08598425554701662,-0.1979173588496277
10.02761,0.21273854356330554,0.10242760909475428,9.78070922600737,0.21273854356330554,0.10242760909475428,-0.025940773992630284
10.047222,0.11065086665464671,0.08158862398763347,9.982944782414373,0.11065086665464671,0.08158862398763347,0.17629478241437369
10.067472,-0.09791571278544456,-0.07127531245115598,9.852775069744093,-0.09791571278544456,-0.07127531245115598,0.04612506974409314
10.087408,-0.15706044930214652,-0.13820819656407177,9.412248953621578,-0.15706044930214652,-0.13820819656407177,-0.3944010463784213
10.107565,0.04662326841033402,-0.059972458012376856,9.419213349049361,0.04662326841033402,-0.059972458012376856,-0.3874366509506384
10.127433,0.2531675132321898,0.05614232863125597,9.800512538165018,0.2531675132321898,0.05614232863125597,-0.00613746183498165
10.147643,0.03895013623708799,0.04778148761490412,10.000895373092673,0.03895013623708799,0.04778148761490412,0.19424537309267365
10.167591,-0.052673653321683854,-0.0560558809285562,9.8757368009704,-0.052673653321683854,-0.0560558809285562,0.06908680097039976
10.187621,-0.05836710960007854,0.005931385261169291,9.553174240916253,-0.05836710960007854,0.005931385261169291,-0.25347575908374687
10.207995,-0.009207834632941676,0.011994987325822269,9.600036928944307,-0.009207834632941676,0.011994987325822269,-0.20661307105569193
10.22756,0.026534671599936145,0.011687598255465004,9.782423235363726,0.026534671599936145,0.011687598255465004,-0.024226764636273046
10.247793,0.11071254336147811,0.05108014724980322,10.03167049753282,0.11071254336147811,0.05108014724980322,0.22502049753282094
10.267903,-0.052509746335673846,-0.05463193716708227,9.91154956336052,-0.052509746335673846,-0.05463193716708227,0.10489956336052053
10.287836,-0.21264991712474285,-0.15693286545084895,9.594779269986477,-0.21264991712474285,-0.15693286545084895,-0.21187073001352275
10.307897,-0.020121060533500653,-0.06594058806708339,9.444263531897146,-0.020121060533500653,-0.06594058806708339,-0.36238646810285324
10.32799,0.005271134038173594,-0.008110885334845126,9.638096637423388,0.005271134038173594,-0.008110885334845126,-0.16855336257661158
10.348016,0.1176661775083121,0.028086647069618824,9.913593527400595,0.1176661775083121,0.028086647069618824,0.10694352740059543
10.368282,0.06833315777140238,0.07241687511636723,9.87511908539823,0.06833315777140238,0.07241687511636723,0.06846908539823104
10.3882,-0.08061503359858456,-0.06427659768031059,9.710881982057169,-0.08061503359858456,-0.06427659768031059,-0.09576801794283085
10.408067,-0.20265689751688754,-0.16802540613987133,9.408051524366103,-0.20265689751688754,-0.16802540613987133,-0.3985984756338965
10.429118,0.00224269736329217,-0.07204500723503365,9.604321096953708,0.00224269736329217,-0.07204500723503365,-0.20232890304629159
10.448235,0.24432692468136266,0.09602999028452991,9.942749645534061,0.24432692468136266,0.09602999028452991,0.1360996455340615
10.468712,-0.008159067165792549,0.0009036005919661359,9.890661288007943,-0.008159067165792549,0.0009036005919661359,0.08401128800794311
10.48829,-0.1533195708735737,-0.11263206406460788,9.649235491830048,-0.1533195708735737,-0.11263206406460788,-0.15741450816995162
10.50833,-0.09397475190562016,-0.08703588472942789,9.654835321146427,-0.09397475190562016,-0.08703588472942789,-0.15181467885357236
10.52853,0.1787911848813769,0.013127489331130662,9.772391705222912,0.1787911848813769,0.013127489331130662,-0.03425829477708753
10.548696,0.19162923725563527,0.08048354944826647,9.675997337784413,0.19162923725563527,0.08048354944826647,-0.1306526622155868
10.568791,-0.04565441678713447,-0.026566728414882227,9.70966876377187,-0.04565441678713447,-0.026566728414882227,-0.09698123622812993
10.588636,0.036662118244526344,-0.04373434112622893,9.72756141001192,0.036662118244526344,-0.04373434112622893,-0.07908858998808022
10.608719,0.04099845050003066,-0.06453377323379347,9.662808676010966,0.04099845050003066,-0.06453377323379347,-0.14384132398903304
10.629221,0.04440361201761425,-0.05906784486947816,9.716219529603233,0.04440361201761425,-0.05906784486947816,-0.09043047039676644
10.649434,0.15426283458505716,0.05356752105665042,9.733966672561996,0.15426283458505716,0.05356752105665042,-0.07268332743800343
10.669118,0.1010104093506033,0.05560195404855228,9.789341888834551,0.1010104093506033,0.05560195404855228,-0.01730811116544828
10.688911,-0.1218657921302338,-0.07969871352014214,9.76585356381718,-0.1218657921302338,-0.07969871352014214,-0.04079643618281992
10.709299,-0.11514730287892311,-0.16700506493356967,9.744381407817956,-0.11514730287892311,-0.16700506493356967,-0.06226859218204339
10.729232,-0.09599467937714028,-0.12660779310066322,9.628860627092878,-0.09599467937714028,-0.12660779310066322,-0.17778937290712093
10.749433,0.011752954657102731,-0.10302664873344272,9.581839480794155,0.011752954657102731,-0.10302664873344272,-0.22481051920584427
10.769353,0.05852977997297395,0.009487066905614348,9.659683158437385,0.05852977997297395,0.009487066905614348,-0.1469668415626142
10.789457,0.2085882624658513,0.1653335087173251,9.956712553626609,0.2085882624658513,0.1653335087173251,0.15006255362660958
10.809147,0.0005439854626318147,0.024319488070479116,9.857154697110612,0.0005439854626318147,0.024319488070479116,0.050504697110612895
10.829889,-0.1798198199908597,-0.04634486595694894,9.600136891406907,-0.1798198199908597,-0.04634486595694894,-0.2065131085930929
10.849352,-0.10963478903630249,-0.09298932756380751,9.58156026682284,-0.10963478903630249,-0.09298932756380751,-0.22508973317715864
10.870345,0.10634659646334302,0.02596163352365339,9.820275332417948,0.10634659646334302,0.02596163352365339,0.0136253324179485
10.889521,0.05487233119623714,-0.006716361119774511,9.931488734008433,0.05487233119623714,-0.006716361119774511,0.12483873400843315
10.909748,-0.0007249178767913045,-0.06338817054182339,9.703604886456292,-0.0007249178767913045,-0.06338817054182339,-0.1030451135437076
10.929755,-0.059878185600148674,-0.014276996920603913,9.471102394200328,-0.059878185600148674,-0.014276996920603913,-0.3355476057996718
10.950064,0.05381681486875761,-0.02353436893988066,9.589459017134281,0.05381681486875761,-0.02353436893988066,-0.21719098286571814
10.969769,0.09142757696503014,0.039393649219563544,9.77684995968929,0.09142757696503014,0.039393649219563544,-0.029800040310709264
10.989859,0.07174259616744498,0.0014768227804551907,9.78214769939197,0.07174259616744498,0.0014768227804551907,-0.02450230060802916
11.009775,0.0010796484442851687,-0.04811524012575806,9.677742592222057,0.0010796484442851687,-0.04811524012575806,-0.12890740777794285
11.030283,0.03449438584856851,-0.021542655520991404,9.568236555626488,0.03449438584856851,-0.021542655520991404,-0.23841344437351175
11.050249,0.015262517050581324,-0.023342250245538453,9.784861943418555,0.015262517050581324,-0.023342250245538453,-0.021788056581444337
11.070083,0.13895917072558056,0.0166598717562711,9.942962818768274,0.13895917072558056,0.0166598717562711,0.13631281876827472
11.090501,0.015956772799722026,0.10559317762971576,9.96557297744981,0.015956772799722026,0.10559317762971576,0.15892297744981043
11.110328,0.08626811941748974,0.05323970944715428,9.854584477033729,0.08626811941748974,0.05323970944715428,0.04793447703372955
11.130641,0.40111625637766185,0.3265069084428828,10.143419172384165,0.40111625637766185,0.3265069084428828,0.3367691723841659
11.150605,0.23062757813972434,0.14414751141899593,10.433318429962881,0.23062757813972434,0.14414751141899593,0.6266684299628817
11.170703,0.07228705296654019,0.1366111065267058,10.425346379077386,0.07228705296654019,0.1366111065267058,0.6186963790773863
11.190493,-0.0009115109844357296,0.015788573029363137,9.769256850188372,-0.0009115109844357296,0.015788573029363137,-0.03739314981162778
11.21044,0.2332432505023643,0.15943375332904416,9.299699060720219,0.2332432505023643,0.15943375332904416,-0.5069509392797809
11.230928,0.247026204507409,0.17168704680444577,9.628972416911953,0.247026204507409,0.17168704680444577,-0.17767758308804638
11.250613,0.10309104803115816,0.072304055534258,10.219711450468116,0.10309104803115816,0.072304055534258,0.41306145046811693
11.270787,0.035258378328277794,0.0726006823149444,10.202762989697401,0.035258378328277794,0.0726006823149444,0.39611298969740183
11.290706,0.2756043194091422,0.1976161113295561,10.008064724574727,0.2756043194091422,0.1976161113295561,0.2014147245747271
11.311264,0.41713209863618717,0.2806762480820084,9.41334694465778,0.41713209863618717,0.2806762480820084,-0.3933030553422192
11.331217,0.17007525974334675,0.2506683874285652,9.414127783733402,0.17007525974334675,0.2506683874285652,-0.3925222162665971
11.351189,-0.1382793207383427,-0.12830664442406903,9.822973654802896,-0.1382793207383427,-0.12830664442406903,0.016323654802896215
11.37112,0.1643613776215186,0.178506642625247,10.027412901416248,0.1643613776215186,0.178506642625247,0.22076290141624888
11.391,0.3154258282149578,0.13156635715917253,9.613793120425505,0.3154258282149578,0.13156635715917253,-0.19285687957449404
11.410879,0.35524155417785364,0.23654411240071752,9.229041326346298,0.35524155417785364,0.23654411240071752,-0.5776086736537014
11.431831,0.16450848992776565,0.1186467588038468,9.52759552631392,0.16450848992776565,0.1186467588038468,-0.27905447368607916
11.451718,-0.027197946146141853,0.0006496382160741296,10.010116581307264,-0.027197946146141853,0.0006496382160741296,0.20346658130726425
11.471423,0.22452368844529888,0.17513054881138432,9.946276109283211,0.22452368844529888,0.17513054881138432,0.13962610928321162
11.491046,0.6228675650589147,0.4407231796321988,9.570729949793456,0.6228675650589147,0.4407231796321988,-0.23592005020654305
11.511419,0.5352689252881394,0.3558288562456894,8.976295281297611,0.5352689252881394,0.3558288562456894,-0.8303547187023881
11.531817,0.41458051323659284,0.37637522263136525,9.06238328197548,0.41458051323659284,0.37637522263136525,-0.7442667180245195
11.551943,0.2045963904865778,0.03836356881300872,9.765128739827285,0.2045963904865778,0.03836356881300872,-0.04152126017271485
11.571486,-0.007263224558035623,0.07332692300940898,9.777610799529146,-0.007263224558035623,0.07332692300940898,-0.029039200470853288
11.591591,0.558267650664788,0.2190952252478399,9.474022685136648,0.558267650664788,0.2190952252478399,-0.33262731486335184
11.611338,0.9180756073132798,0.5177611407803441,9.250589895252313,0.9180756073132798,0.5177611407803441,-0.5560601047476865
11.632366,0.697746877146418,0.2197775918706717,9.264581591592679,0.697746877146418,0.2197775918706717,-0.5420684084073208
11.651689,0.27725271246574296,0.15417652742633403,9.441942656632751,0.27725271246574296,0.15417652742633403,-0.3647073433672485
11.671759,0.43201400509537535,0.282301897016577,9.589361850395274,0.43201400509537535,0.282301897016577,-0.21728814960472498
11.691704,0.6845930588367845,0.36224149995205485,9.49600584654343,0.6845930588367845,0.36224149995205485,-0.31064415345657004
11.711781,0.4661767075944469,0.21273663355227104,9.497666909615818,0.4661767075944469,0.21273663355227104,-0.3089830903841815
11.732622,0.3532639445766414,0.11250862479482653,9.450478346963127,0.3532639445766414,0.11250862479482653,-0.35617165303687237
11.752543,0.5539694955704887,0.19508400612201318,9.624176082107327,0.5539694955704887,0.19508400612201318,-0.18247391789267198
11.773189,0.7263169829296031,0.4511501848473451,9.663593227388622,0.7263169829296031,0.4511501848473451,-0.14305677261137717
11.792038,0.6628939431839542,0.33361876879345803,9.50796230317752,0.6628939431839542,0.33361876879345803,-0.29868769682247986
11.811968,0.5530857156792629,0.28990200084131307,9.448331550663521,0.5530857156792629,0.28990200084131307,-0.35831844933647794
11.833127,0.3965308588479307,0.19136572272201435,9.734802232924375,0.3965308588479307,0.19136572272201435,-0.07184776707562435
11.852225,0.29901448431258426,0.12306136483010914,9.804704658608104,0.29901448431258426,0.12306136483010914,-0.0019453413918952833
11.873425,0.36295028076370023,0.1703615337775784,9.73059922870095,0.36295028076370023,0.1703615337775784,-0.07605077129904991
11.892117,0.6508453635018958,0.3173768636974226,9.421581987704913,0.6508453635018958,0.3173768636974226,-0.38506801229508625
11.912374,0.6821174381951259,0.43332069340888973,9.364625440214347,0.6821174381951259,0.43332069340888973,-0.44202455978565247
11.932369,0.2991011302801669,0.07002861610179505,9.626152009129765,0.2991011302801669,0.07002861610179505,-0.18049799087023466
11.952413,0.10205127073694119,0.047559008112306414,9.883743308787484,0.10205127073694119,0.047559008112306414,0.0770933087874841
11.972862,0.2583201402418335,0.12316424169016255,9.707062280594698,0.2583201402418335,0.12316424169016255,-0.0995877194053012
11.993617,0.5779605073337316,0.2847697994298714,9.510711444872104,0.5779605073337316,0.2847697994298714,-0.29593855512789524
12.012478,0.6668708906757471,0.3307831863277274,9.60885956446103,0.6668708906757471,0.3307831863277274,-0.1977904355389697
12.032939,0.3258606128492626,0.1347771529474828,9.66890604041956,0.3258606128492626,0.1347771529474828,-0.1377439595804386
12.052732,0.14789076664702747,0.07143266437350428,9.64766681762026,0.14789076664702747,0.07143266437350428,-0.15898318237973896
12.073009,0.3085066104400323,0.08061407227219196,9.713381032980612,0.3085066104400323,0.08061407227219196,-0.09326896701938736
12.092609,0.5555562346166165,0.2205080617687052,9.710809242018485,0.5555562346166165,0.2205080617687052,-0.09584075798151481
12.112828,0.35220811866763946,0.14476339442437333,9.683376527524546,0.35220811866763946,0.14476339442437333,-0.12327347247545362
12.132806,0.08922839181998371,-0.025514616306930166,9.665069889010475,0.08922839181998371,-0.025514616306930166,-0.1415801109895245
12.153243,0.19917429808700216,0.064317174955304,9.62231033507407,0.19917429808700216,0.064317174955304,-0.18433966492592901
12.173175,0.45313528394526076,0.12286684794554419,9.638778243000965,0.45313528394526076,0.12286684794554419,-0.167871756999034
12.193633,0.45010825611169314,0.1826561814374437,9.720465745980425,0.45010825611169314,0.1826561814374437,-0.08618425401957452
12.213112,0.17937878353029876,-0.003369911195005614,9.764899553081674,0.17937878353029876,-0.003369911195005614,-0.04175044691832497
12.23331,0.03566506966878294,-0.0470615720617106,9.67768996155253,0.03566506966878294,-0.0470615720617106,-0.12896003844747028
12.253305,0.25424034955632324,0.07197901657418276,9.596077448927584,0.25424034955632324,0.07197901657418276,-0.21057255107241524
12.273669,0.5156269274690609,0.11527706614400123,9.714855382263293,0.5156269274690609,0.11527706614400123,-0.09179461773670639
12.293186,0.3894387435602791,0.17379763152542957,9.623782578323627,0.3894387435602791,0.17379763152542957,-0.18286742167637193
12.31344,0.1748234963466876,0.027722270303567897,9.621364930751373,0.1748234963466876,0.027722270303567897,-0.18528506924862675
12.333416,0.11409996002522463,0.024166233415178293,9.65075842976907,0.11409996002522463,0.024166233415178293,-0.1558915702309296
12.353744,0.25696043233522364,0.042679668847657844,9.64703817577453,0.25696043233522364,0.042679668847657844,-0.15961182422547004
12.373816,0.373033045145566,0.14199727811949833,9.583863880142763,0.373033045145566,0.14199727811949833,-0.2227861198572363
12.393706,0.2862174479757578,0.11342315994241807,9.70505588514136,0.2862174479757578,0.11342315994241807,-0.10159411485863856
12.414099,0.10642721288279858,0.007200819431058461,9.54582065985196,0.10642721288279858,0.007200819431058461,-0.2608293401480388
12.433936,-0.021360619730968505,0.05923737450092894,9.383231660128667,-0.021360619730968505,0.05923737450092894,-0.4234183398713327
12.453774,0.14125172502699807,0.0632350531914542,9.457274524495881,0.14125172502699807,0.0632350531914542,-0.34937547550411807
12.474047,0.4284658370397276,0.2887450883041104,9.229373665456292,0.4284658370397276,0.2887450883041104,-0.5772763345437077
12.493763,0.41642674740081215,0.33384385228507496,8.851680156410682,0.41642674740081215,0.33384385228507496,-0.9549698435893177
12.513928,0.3979724606033228,0.33561136384411083,8.540608025606494,0.3979724606033228,0.33561136384411083,-1.2660419743935059
12.533913,0.38328203011205403,0.3940801609635308,8.604806718127557,0.38328203011205403,0.3940801609635308,-1.201843281872442
12.554347,0.6022022207006592,0.544552905798306,8.191723221939986,0.6022022207006592,0.544552905798306,-1.6149267780600134
12.574212,0.4019769570963927,0.5400151255443991,8.251477094494707,0.4019769570963927,0.5400151255443991,-1.5551729055052927
12.594376,-0.06879160435937316,0.25888838009220005,7.860819530891987,-0.06879160435937316,0.25888838009220005,-1.9458304691080128
12.614114,0.18570448612749452,0.31113104426483945,7.211843538728762,0.18570448612749452,0.31113104426483945,-2.5948064612712374
12.634764,0.8482180117237464,0.29341927155448166,7.016982377892426,0.8482180117237464,0.29341927155448166,-2.789667622107573
12.65425,0.6119974179391605,0.10730009045260934,7.131584360971317,0.6119974179391605,0.10730009045260934,-2.6750656390286824
12.674495,-0.4744538076697806,-0.21107948245736924,7.940436594055655,-0.4744538076697806,-0.21107948245736924,-1.866213405944344
12.694297,-1.2112783752050198,-0.255869670675073,8.732511881052456,-1.2112783752050198,-0.255869670675073,-1.074138118947543
12.714457,-1.010283068487121,0.34569225049566943,9.170874994708765,-1.010283068487121,0.34569225049566943,-0.6357750052912348
12.734467,-0.8006273454516043,0.5570810170962374,9.245841081247674,-0.8006273454516043,0.5570810170962374,-0.5608089187523255
12.754728,-0.5981563613013486,0.24735875007494568,8.495065185897992,-0.5981563613013486,0.24735875007494568,-1.311584814102007
12.774714,-0.8959478037436011,-0.38376241626403224,8.06697231016372,-0.8959478037436011,-0.38376241626403224,-1.7396776898362791
12.794702,-1.255878111235575,-0.33562629967035523,8.05953398133161,-1.255878111235575,-0.33562629967035523,-1.7471160186683896
12.814364,-0.7210533472390684,-0.11491261884956373,8.690997406100031,-0.7210533472390684,-0.11491261884956373,-1.1156525938999682
12.83493,-0.21469807767983448,0.21556610251869443,9.468564121916453,-0.21469807767983448,0.21556610251869443,-0.33808587808354673
12.854892,-0.6384018788785076,-0.11900787886970335,9.583254155813949,-0.6384018788785076,-0.11900787886970335,-0.22339584418605085
12.875073,-0.8695628297560479,-0.6841688759315946,9.597921958276551,-0.8695628297560479,-0.6841688759315946,-0.2087280417234485
12.894813,-1.1007049023743403,-0.8224323480253833,9.904944798462159,-1.1007049023743403,-0.8224323480253833,0.0982947984621596
12.914952,-0.2260988142356006,-0.31238923039969013,10.550397555217648,-0.2260988142356006,-0.31238923039969013,0.7437475552176487
12.934794,0.3797244271055795,-0.034564448718757704,11.309710860380035,0.3797244271055795,-0.034564448718757704,1.5030608603800353
12.955078,0.7436181643427633,-0.13744218775947936,11.236887282192003,0.7436181643427633,-0.13744218775947936,1.430237282192003
12.975558,0.8577934367597247,0.513628435461699,10.807612153192865,0.8577934367597247,0.513628435461699,1.0009621531928659
12.994852,0.09517453272626769,0.1751213626631604,10.97821085956511,0.09517453272626769,0.1751213626631604,1.1715608595651101
13.015412,-0.757025383855398,-0.2673258644862309,11.084514402324364,-0.757025383855398,-0.2673258644862309,1.277864402324365
13.035241,0.41006221392578046,-0.46835948397915533,11.226123439618062,0.41006221392578046,-0.46835948397915533,1.4194734396180628
13.055346,1.8755150061893284,-0.6092509326666041,9.033346720886811,1.8755150061893284,-0.6092509326666041,-0.773303279113188
13.075956,1.1750576438965652,-0.4297299070305948,8.226335332044806,1.1750576438965652,-0.4297299070305948,-1.580314667955193
13.095461,0.449872539502501,0.3217414943357615,7.837633584609972,0.449872539502501,0.3217414943357615,-1.9690164153900271
13.115569,0.05302176816612386,0.11893320476691882,7.2803871148575885,0.05302176816612386,0.11893320476691882,-2.526262885142411
13.135486,-0.46681919319272563,-0.41861436326061796,6.869331979340116,-0.46681919319272563,-0.41861436326061796,-2.937318020659883
13.155734,-1.2802579737281556,1.6210945818252942,9.441172506910366,-1.2802579737281556,1.6210945818252942,-0.3654774930896334
13.175747,5.140733137508449,-5.103563376999117,35.958638151196396,5.140733137508449,-5.103563376999117,26.1519881511964
13.196029,2.097031511703455,4.371432941800877,7.602239646764752,2.097031511703455,4.371432941800877,-2.2044103532352475
13.215705,0.5290968493753873,-0.9443404381802698,9.185123145409241,0.5290968493753873,-0.9443404381802698,-0.6215268545907584
13.235774,-1.288406902262609,0.4119559309957224,10.487431651194658,-1.288406902262609,0.4119559309957224,0.6807816511946587
13.255739,0.8651667010710908,-0.21279772450251092,9.477476729902602,0.8651667010710908,-0.21279772450251092,-0.3291732700973977
13.27622,-0.0627626711273149,-0.07582113450893369,9.847276194676208,-0.0627626711273149,-0.07582113450893369,0.04062619467620898
13.296153,0.3648740662751259,-0.12692694408715766,9.048076221416437,0.3648740662751259,-0.12692694408715766,-0.7585737785835622
13.315893,0.05481157018563471,0.4254444469677396,10.214986198543201,0.05481157018563471,0.4254444469677396,0.4083361985432017
13.335972,0.222113999230817,0.2270619326148722,8.520521159281039,0.222113999230817,0.2270619326148722,-1.2861288407189608
13.356312,0.7693490229204046,-0.21398252342846422,9.56869305885901,0.7693490229204046,-0.21398252342846422,-0.23795694114098964
13.377249,-1.8127434960028754,0.637392609634072,11.44647094032799,-1.8127434960028754,0.637392609634072,1.63982094032799
13.396056,0.20821611698776965,0.049864681432537195,8.811073112489373,0.20821611698776965,0.049864681432537195,-0.9955768875106266
13.415993,0.5316498667085384,-0.001081197808585607,10.099005535635383,0.5316498667085384,-0.001081197808585607,0.29235553563538375
13.436187,-0.09859068067552491,0.10311963215600503,9.538486058458854,-0.09859068067552491,0.10311963215600503,-0.268163941541145
13.456122,0.047414142035741604,0.10320160964218493,9.733205471642744,0.047414142035741604,0.10320160964218493,-0.07344452835725512
13.47652,0.025889610168342538,0.11337228591936999,9.715651369813335,0.025889610168342538,0.11337228591936999,-0.09099863018666454
13.496274,0.04602623698286216,0.09159397251464887,9.721666203285793,0.04602623698286216,0.09159397251464887,-0.08498379671420686
13.516793,0.04155032858091498,0.09219729218483858,9.719290205781624,0.04155032858091498,0.09219729218483858,-0.0873597942183757
13.536374,0.06378337706898743,0.09242973752775302,9.713055048971215,0.06378337706898743,0.09242973752775302,-0.09359495102878412
13.55662,0.03917196551240246,0.09926240015450168,9.712069900522312,0.03917196551240246,0.09926240015450168,-0.09458009947768709
13.57677,0.040992715965508394,0.08914591826034614,9.714748465532821,0.040992715965508394,0.08914591826034614,-0.09190153446717808
13.596644,0.03510337046129307,0.06758373925763006,9.717331087652525,0.03510337046129307,0.06758373925763006,-0.08931891234747447
13.616663,0.04101358972944262,0.08914839072027868,9.69812417598504,0.04101358972944262,0.08914839072027868,-0.10852582401495958
13.636888,0.027042505942652072,0.07370296350373205,9.709828321312695,0.027042505942652072,0.07370296350373205,-0.09682167868730396
13.657312,0.04529525386983181,0.05855224048240128,9.696452972285089,0.04529525386983181,0.05855224048240128,-0.11019702771491069
13.677509,0.038519727485338905,0.0787300642973509,9.693545920570768,0.038519727485338905,0.0787300642973509,-0.11310407942923106
13.69677,0.026744258130763334,0.06801114710006508,9.722041021090641,0.026744258130763334,0.06801114710006508,-0.08460897890935826
13.717005,0.029958349295326397,0.0641444842535594,9.715090139942108,0.029958349295326397,0.0641444842535594,-0.09155986005789174
13.737357,0.025576320496099283,0.04329756597178144,9.705645218246172,0.025576320496099283,0.04329756597178144,-0.10100478175382754
13.757146,0.033239893211009904,0.06386071462656745,9.715298446645255,0.033239893211009904,0.06386071462656745,-0.09135155335474465
13.777541,0.03646582296807167,0.06817748229148372,9.703417940027506,0.03646582296807167,0.06817748229148372,-0.10323205997249296
13.797257,0.008454348031820724,0.06185888181288408,9.695196349943885,0.008454348031820724,0.06185888181288408,-0.11145365005611474
13.817402,0.03614123410598559,0.03416592520655359,9.715851786943494,0.03614123410598559,0.03416592520655359,-0.09079821305650526
13.837505,0.035997818498309186,0.056609429901685826,9.710766097350485,0.035997818498309186,0.056609429901685826,-0.09588390264951485
13.857323,0.02270420173587135,0.05009743719710423,9.695952028493686,0.02270420173587135,0.05009743719710423,-0.11069797150631366
13.877743,0.03379831412035383,0.0237227779728885,9.691977081954015,0.03379831412035383,0.0237227779728885,-0.11467291804598467
13.897454,0.015457128550213,0.053030671535920504,9.693256422382492,0.015457128550213,0.053030671535920504,-0.1133935776175079
13.917687,0.0016763441164702579,0.03544312409032864,9.692930169797835,0.0016763441164702579,0.03544312409032864,-0.11371983020216447
13.937486,0.010607140635971998,0.03499228712641029,9.710074195712574,0.010607140635971998,0.03499228712641029,-0.09657580428742563
13.958408,0.0049037322677469635,0.03999718166323325,9.702580113088107,0.0049037322677469635,0.03999718166323325,-0.10406988691189234
13.977857,0.028093927050341326,0.033688379634077004,9.70120780277701,0.028093927050341326,0.033688379634077004,-0.10544219722298998
13.997957,0.015920603671492117,0.045459972140760814,9.695784697662056,0.015920603671492117,0.045459972140760814,-0.11086530233794356
14.017542,0.02474363155272358,0.045143494195250815,9.703362880817064,0.02474363155272358,0.045143494195250815,-0.10328711918293543
14.037915,0.01309791613367428,0.03918652720882698,9.712554088574707,0.01309791613367428,0.03918652720882698,-0.09409591142529194
14.057815,0.009250831152274612,0.04403115680489049,9.71233947234076,0.009250831152274612,0.04403115680489049,-0.09431052765923909
14.07824,0.015146761510235243,0.03669118288295507,9.712663834626904,0.015146761510235243,0.03669118288295507,-0.09398616537309579
14.097951,-0.01182631803977264,0.03382499318962116,9.702004758159951,-0.01182631803977264,0.03382499318962116,-0.10464524184004809
14.118341,0.01949820567868993,0.02896485259668855,9.698535020757793,0.01949820567868993,0.02896485259668855,-0.10811497924220603
14.137981,0.02771625677128141,0.03412416548239424,9.698820912501361,0.02771625677128141,0.03412416548239424,-0.10782908749863829
14.158612,0.009316392430791205,0.029779754146833086,9.700526761999527,0.009316392430791205,0.029779754146833086,-0.10612323800047285
14.178712,0.012168862289509594,0.03119749498447051,9.70062313984562,0.012168862289509594,0.03119749498447051,-0.10602686015437968
14.198358,0.006734047380785522,0.04184027799730135,9.705078142373557,0.006734047380785522,0.04184027799730135,-0.10157185762644261
14.218316,0.018546823491922763,0.050891100821662164,9.70306350103948,0.018546823491922763,0.050891100821662164,-0.10358649896051908
14.238387,0.022732744494492776,0.010309004167034341,9.698885766065183,0.022732744494492776,0.010309004167034341,-0.10776423393481593
14.258542,0.019360673860007466,0.02923346527006959,9.688970134636085,0.019360673860007466,0.02923346527006959,-0.11767986536391462
14.278864,0.007191309224428515,0.03589294580397244,9.712374700769537,0.007191309224428515,0.03589294580397244,-0.0942752992304623
14.29851,0.03198708868379285,0.022620701958049636,9.691983793832636,0.03198708868379285,0.022620701958049636,-0.11466620616736378
14.318671,0.01377770642537196,0.030983048490046815,9.700729507105068,0.01377770642537196,0.030983048490046815,-0.10592049289493133
14.338428,0.009983895573921776,0.013722919809115068,9.703158491406501,0.009983895573921776,0.013722919809115068,-0.10349150859349798
14.358744,0.013759089998031002,0.031953904280376984,9.703120414061534,0.013759089998031002,0.031953904280376984,-0.10352958593846573
14.378807,0.01591997629183115,0.018555362572470584,9.70095889057508,0.01591997629183115,0.018555362572470584,-0.1056911094249191
14.399388,0.007850845963954514,0.029505143312589563,9.70771058779086,0.007850845963954514,0.029505143312589563,-0.09893941220913938
14.41876,0.0053570801570143566,0.03951260508598245,9.697921563203918,0.0053570801570143566,0.03951260508598245,-0.10872843679608124
14.438803,0.008769568478527076,0.021138940179442695,9.698259668087765,0.008769568478527076,0.021138940179442695,-0.10839033191223457
14.459313,-0.007057298501246803,0.029056322188581174,9.704715616808189,-0.007057298501246803,0.029056322188581174,-0.1019343831918107
14.479373,0.009591935879512188,0.013166837902438291,9.69598346503369,0.009591935879512188,0.013166837902438291,-0.11066653496630963
14.499172,0.012683393072420031,0.024990077661768813,9.684001235422972,0.012683393072420031,0.024990077661768813,-0.12264876457702734
14.519168,0.013313845425516998,0.03177347598384794,9.698341912183025,0.013313845425516998,0.03177347598384794,-0.10830808781697421
14.538803,0.0161888513684815,0.02144170286244561,9.693778695593927,0.0161888513684815,0.02144170286244561,-0.11287130440607207
14.559495,0.027069373936511626,0.028209731971042998,9.696563926303936,0.027069373936511626,0.028209731971042998,-0.11008607369606338
14.579557,0.008622792639291482,0.02416167502848925,9.700649083981851,0.008622792639291482,0.02416167502848925,-0.10600091601814832
14.599411,0.0011193254712656238,0.024841824522281758,9.707520942350776,0.0011193254712656238,0.024841824522281758,-0.09912905764922364
14.619661,0.015092445760029655,0.0066221270459616115,9.693905388479834,0.015092445760029655,0.0066221270459616115,-0.11274461152016535
14.639502,0.004650332246491302,0.018109456480564515,9.702949750082857,0.004650332246491302,0.018109456480564515,-0.10370024991714288
14.659725,0.015361646592479336,0.02028935725029677,9.693784591681275,0.015361646592479336,0.02028935725029677,-0.11286540831872394
14.680255,0.006397831775073256,0.024484227454431625,9.695765499103437,0.006397831775073256,0.024484227454431625,-0.11088450089656199
14.699548,0.020639013198977152,0.009109881677162798,9.686927724975293,0.020639013198977152,0.009109881677162798,-0.11972227502470645
14.719633,0.002234079821322364,0.014937226733012243,9.690894008361349,0.002234079821322364,0.014937226733012243,-0.11575599163865036
14.739626,0.022452582674090286,0.0054895629999667525,9.67746712957659,0.022452582674090286,0.0054895629999667525,-0.12918287042340992
14.760028,0.013998644059976714,0.014700039680491547,9.691401478935948,0.013998644059976714,0.014700039680491547,-0.1152485210640517
14.781132,0.002699239309333591,0.021462799506435898,9.702845296250295,0.002699239309333591,0.021462799506435898,-0.10380470374970407
14.80005,0.007938177912308789,0.0006225609930583713,9.705670061998154,0.007938177912308789,0.0006225609930583713,-0.10097993800184568
14.819963,0.006580537038311875,0.010542044256755754,9.679141225104434,0.006580537038311875,0.010542044256755754,-0.12750877489556522
14.840445,0.007609539469410752,0.005359006837384522,9.691210042209786,0.007609539469410752,0.005359006837384522,-0.11543995779021365
14.860183,0.007931647595285743,-0.0021034473697297278,9.703279776683788,0.007931647595285743,-0.0021034473697297278,-0.1033702233162117
14.880777,-0.003058584766213855,0.029268121531076583,9.71210103495651,-0.003058584766213855,0.029268121531076583,-0.09454896504349009
14.900391,-0.010975703819410812,0.011246023654203819,9.699960589083785,-0.010975703819410812,0.011246023654203819,-0.1066894109162142
14.920478,0.02321432413928368,0.0233407971037777,9.70126441500299,0.02321432413928368,0.0233407971037777,-0.10538558499700912
14.940108,0.00917173505970139,0.014142144534189481,9.703158691120999,0.00917173505970139,0.014142144534189481,-0.1034913088790006
14.960589,-0.0059365154684489834,0.012271626531744568,9.700161984153015,-0.0059365154684489834,0.012271626531744568,-0.10648801584698475
14.980666,0.024329614695293128,0.013149085652124751,9.68941563950759,0.024329614695293128,0.013149085652124751,-0.1172343604924091
15.000937,0.22567642501216142,0.0760615423660302,9.126825173473174,0.22567642501216142,0.0760615423660302,-0.6798248265268256
15.020602,-0.25368494653803053,0.01670527189337584,10.63864916143638,-0.25368494653803053,0.01670527189337584,0.8319991614363804
15.040738,0.028988384548221356,0.052028628732206955,9.760796856601797,0.028988384548221356,0.052028628732206955,-0.04585314339820279
15.061494,-0.04710412681045687,0.04743511243882457,9.57192421436554,-0.04710412681045687,0.04743511243882457,-0.23472578563445978
15.081586,0.14356145485776173,-0.007772493865520147,9.623699808897523,0.14356145485776173,-0.007772493865520147,-0.182950191102476
15.100879,-0.0580719678503051,0.051528239084427774,9.692492960515363,-0.0580719678503051,0.051528239084427774,-0.11415703948463651
